bandwidth_mbps,cpu_percent,gpu_percent,ram_percent,rtt_ms,jitter_ms,motion_score,change_score,onboard_latency,offboard_latency,best_route
0.02,70.25,0.0,61.6,0.99,0.11,0.0,0.0,0.1083,0.2081,0
0.02,70.25,0.0,61.6,0.99,0.11,0.0,0.0,0.1109,0.2083,0
0.02,70.25,0.0,61.6,0.99,0.11,0.0,0.0,0.1128,0.2084,0
0.02,70.25,0.0,61.6,0.99,0.11,0.0081,0.0041,0.022,0.1231,0
0.02,70.25,0.0,61.6,0.99,0.11,0.0081,0.0041,0.0234,0.1233,0
0.02,70.25,0.0,61.6,0.99,0.11,0.0081,0.0041,0.0245,0.1234,0
0.02,76.5,28.0,62.82,0.99,0.11,0.0086,0.0043,0.0361,0.0831,0
0.02,76.5,28.0,62.82,0.99,0.11,0.0086,0.0043,0.0376,0.0834,0
0.02,76.5,28.0,62.82,0.99,0.11,0.0086,0.0043,0.0386,0.0836,0
0.02,76.5,28.0,62.82,0.99,0.11,0.0501,0.0044,0.0528,0.0982,0
0.02,76.5,28.0,62.82,0.99,0.11,0.0501,0.0044,0.0547,0.0985,0
0.02,76.5,28.0,62.82,0.99,0.11,0.0501,0.0044,0.0594,0.0988,0
0.02,76.5,28.0,62.82,0.99,0.11,0.0087,0.0044,0.0212,0.0944,0
0.02,76.5,28.0,62.82,0.99,0.11,0.0087,0.0044,0.0233,0.0946,0
0.02,76.5,28.0,62.82,0.99,0.11,0.0087,0.0044,0.0269,0.0947,0
0.02,89.5,9.0,64.15,0.99,0.11,0.0088,0.0044,0.0219,0.0622,0
0.02,89.5,9.0,64.15,0.99,0.11,0.0088,0.0044,0.0233,0.0624,0
0.02,89.5,9.0,64.15,0.99,0.11,0.0088,0.0044,0.0245,0.0626,0
0.02,89.5,9.0,64.15,1.12,0.11,0.0518,0.0046,0.0318,0.0747,0
0.02,89.5,9.0,64.15,1.12,0.11,0.0518,0.0046,0.0476,0.0749,0
0.02,89.5,9.0,64.15,1.12,0.11,0.0518,0.0046,0.0489,0.075,0
0.02,89.5,9.0,64.15,1.12,0.11,0.0082,0.0041,0.0201,0.0664,0
0.02,89.5,9.0,64.15,1.12,0.11,0.0082,0.0041,0.0219,0.0666,0
0.02,89.5,9.0,64.15,1.12,0.11,0.0082,0.0041,0.0231,0.0667,0
0.02,89.5,9.0,64.15,1.12,0.11,0.0084,0.0042,0.0226,0.056,0
0.02,89.5,9.0,64.15,1.12,0.11,0.0084,0.0042,0.0262,0.0562,0
0.02,89.5,9.0,64.15,1.12,0.11,0.0084,0.0042,0.0284,0.0564,0
0.02,83.5,0.0,65.16,1.12,0.11,0.0522,0.0044,0.0253,0.0609,0
0.02,83.5,0.0,65.16,1.12,0.11,0.0522,0.0044,0.0355,0.0611,0
0.02,83.5,0.0,65.16,1.12,0.11,0.0522,0.0044,0.0393,0.0612,0
0.02,83.5,0.0,65.16,1.12,0.11,0.0087,0.0043,0.0178,0.0677,0
0.02,83.5,0.0,65.16,1.12,0.11,0.0087,0.0043,0.0227,0.0679,0
0.02,83.5,0.0,65.16,1.12,0.11,0.0087,0.0043,0.0268,0.0681,0
0.02,83.5,0.0,65.16,1.12,0.11,0.0089,0.0044,0.015,0.0644,0
0.02,83.5,0.0,65.16,1.12,0.11,0.0089,0.0044,0.0183,0.0646,0
0.02,83.5,0.0,65.16,1.12,0.11,0.0089,0.0044,0.0221,0.0648,0
0.02,78.5,21.0,65.67,1.12,0.11,0.0456,0.0044,0.0197,0.0703,0
0.02,78.5,21.0,65.67,1.12,0.11,0.0456,0.0044,0.0293,0.0706,0
0.02,78.5,21.0,65.67,1.12,0.11,0.0456,0.0044,0.0308,0.0708,0
0.02,78.5,21.0,65.67,1.12,0.11,0.0087,0.0043,0.0152,0.0544,0
0.02,78.5,21.0,65.67,1.12,0.11,0.0087,0.0043,0.0166,0.0546,0
0.02,78.5,21.0,65.67,1.12,0.11,0.0087,0.0043,0.0177,0.0547,0
0.02,78.5,21.0,65.67,1.12,0.11,0.0085,0.0043,0.0203,0.0531,0
0.02,78.5,21.0,65.67,1.12,0.11,0.0085,0.0043,0.0228,0.0534,0
0.02,78.5,21.0,65.67,1.12,0.11,0.0085,0.0043,0.0261,0.0535,0
0.02,78.5,21.0,65.67,1.12,0.11,0.0515,0.0042,0.0265,0.0709,0
0.02,78.5,21.0,65.67,1.12,0.11,0.0515,0.0042,0.0347,0.0718,0
0.02,78.5,21.0,65.67,1.12,0.11,0.0515,0.0042,0.0359,0.072,0
0.03,76.25,17.0,66.04,1.51,0.16,0.0094,0.0047,0.0234,0.0541,0
0.03,76.25,17.0,66.04,1.51,0.16,0.0094,0.0047,0.0267,0.0545,0
0.03,76.25,17.0,66.04,1.51,0.16,0.0094,0.0047,0.0307,0.0547,0
0.03,76.25,17.0,66.04,1.51,0.16,0.0089,0.0045,0.0166,0.0684,0
0.03,76.25,17.0,66.04,1.51,0.16,0.0089,0.0045,0.0186,0.0687,0
0.03,76.25,17.0,66.04,1.51,0.16,0.0089,0.0045,0.0217,0.0688,0
0.03,76.25,17.0,66.04,1.51,0.16,0.0454,0.004,0.0202,0.0705,0
0.03,76.25,17.0,66.04,1.51,0.16,0.0454,0.004,0.023,0.0709,0
0.03,76.25,17.0,66.04,1.51,0.16,0.0454,0.004,0.0274,0.0713,0
0.03,80.0,28.0,66.93,1.51,0.16,0.0085,0.0042,0.0229,0.1063,0
0.03,80.0,28.0,66.93,1.51,0.16,0.0085,0.0042,0.0297,0.1065,0
0.03,80.0,28.0,66.93,1.51,0.16,0.0085,0.0042,0.0312,0.1067,0
0.03,80.0,28.0,66.93,1.51,0.16,0.0086,0.0043,0.036,0.0978,0
0.03,80.0,28.0,66.93,1.51,0.16,0.0086,0.0043,0.0376,0.0981,0
0.03,80.0,28.0,66.93,1.51,0.16,0.0086,0.0043,0.0386,0.0982,0
0.03,80.0,28.0,66.93,1.51,0.16,0.0506,0.0045,0.0213,0.0918,0
0.03,80.0,28.0,66.93,1.51,0.16,0.0506,0.0045,0.0237,0.0921,0
0.03,80.0,28.0,66.93,1.51,0.16,0.0506,0.0045,0.0255,0.0925,0
0.03,80.0,28.0,66.93,1.51,0.16,0.0085,0.0043,0.0214,0.0562,0
0.03,80.0,28.0,66.93,1.51,0.16,0.0085,0.0043,0.0284,0.0566,0
0.03,80.0,28.0,66.93,1.51,0.16,0.0085,0.0043,0.0297,0.0568,0
0.03,79.25,18.0,67.76,1.51,0.16,0.0097,0.0048,0.0228,0.0661,0
0.03,79.25,18.0,67.76,1.51,0.16,0.0097,0.0048,0.0296,0.0663,0
0.03,79.25,18.0,67.76,1.51,0.16,0.0097,0.0048,0.0424,0.0664,0
0.03,79.25,18.0,67.76,1.51,0.16,0.0673,0.0044,0.0302,0.0667,0
0.03,79.25,18.0,67.76,1.51,0.16,0.0673,0.0044,0.0399,0.0675,0
0.03,79.25,18.0,67.76,1.51,0.16,0.0673,0.0044,0.0412,0.068,0
0.03,79.25,18.0,67.76,1.51,0.16,0.0086,0.0043,0.0152,0.0592,0
0.03,79.25,18.0,67.76,1.51,0.16,0.0086,0.0043,0.0213,0.0594,0
0.03,79.25,18.0,67.76,1.51,0.16,0.0086,0.0043,0.0259,0.0595,0
0.02,81.75,18.0,68.72,1.17,0.18,0.0088,0.0044,0.0142,0.0801,0
0.02,81.75,18.0,68.72,1.17,0.18,0.0088,0.0044,0.0194,0.0805,0
0.02,81.75,18.0,68.72,1.17,0.18,0.0088,0.0044,0.0228,0.0809,0
0.02,81.75,18.0,68.72,1.17,0.18,0.0528,0.0044,0.0193,0.151,0
0.02,81.75,18.0,68.72,1.17,0.18,0.0528,0.0044,0.0208,0.1514,0
0.02,81.75,18.0,68.72,1.17,0.18,0.0528,0.0044,0.0223,0.1516,0
0.02,81.75,18.0,68.72,1.17,0.18,0.0089,0.0045,0.0197,0.1047,0
0.02,81.75,18.0,68.72,1.17,0.18,0.0089,0.0045,0.0288,0.105,0
0.02,81.75,18.0,68.72,1.17,0.18,0.0089,0.0045,0.0306,0.1052,0
0.02,81.75,18.0,68.72,1.17,0.18,0.0088,0.0044,0.0432,0.1068,0
0.02,81.75,18.0,68.72,1.17,0.18,0.0088,0.0044,0.0514,0.107,0
0.02,81.75,18.0,68.72,1.17,0.18,0.0088,0.0044,0.0532,0.1072,0
0.02,81.0,28.0,69.9,1.17,0.18,0.0491,0.0042,0.0235,0.0742,0
0.02,81.0,28.0,69.9,1.17,0.18,0.0491,0.0042,0.0313,0.0746,0
0.02,81.0,28.0,69.9,1.17,0.18,0.0491,0.0042,0.0326,0.0747,0
0.02,81.0,28.0,69.9,1.17,0.18,0.0087,0.0044,0.0309,0.0873,0
0.02,81.0,28.0,69.9,1.17,0.18,0.0087,0.0044,0.0325,0.0875,0
0.02,81.0,28.0,69.9,1.17,0.18,0.0087,0.0044,0.0345,0.0883,0
0.02,81.0,28.0,69.9,1.17,0.18,0.0081,0.0041,0.023,0.0753,0
0.02,81.0,28.0,69.9,1.17,0.18,0.0081,0.0041,0.0248,0.0758,0
0.02,81.0,28.0,69.9,1.17,0.18,0.0081,0.0041,0.0263,0.0762,0
0.02,81.0,19.0,70.89,1.17,0.18,0.0613,0.0042,0.0395,0.1114,0
0.02,81.0,19.0,70.89,1.17,0.18,0.0613,0.0042,0.0407,0.1116,0
0.02,81.0,19.0,70.89,1.17,0.18,0.0613,0.0042,0.0417,0.1118,0
0.02,81.0,19.0,70.89,1.17,0.18,0.0084,0.0042,0.0218,0.09,0
0.02,81.0,19.0,70.89,1.17,0.18,0.0084,0.0042,0.023,0.0904,0
0.02,81.0,19.0,70.89,1.17,0.18,0.0084,0.0042,0.0242,0.0906,0
0.02,81.0,19.0,70.89,1.17,0.18,0.0087,0.0044,0.0189,0.1,0
0.02,81.0,19.0,70.89,1.17,0.18,0.0087,0.0044,0.0204,0.1002,0
0.02,81.0,19.0,70.89,1.17,0.18,0.0087,0.0044,0.022,0.1005,0
0.02,81.0,19.0,70.89,1.17,0.16,0.0545,0.0043,0.0173,0.1424,0
0.02,81.0,19.0,70.89,1.17,0.16,0.0545,0.0043,0.0186,0.1427,0
0.02,81.0,19.0,70.89,1.17,0.16,0.0545,0.0043,0.02,0.1428,0
0.02,81.75,0.0,72.43,1.17,0.16,0.0085,0.0042,0.0182,0.1249,0
0.02,81.75,0.0,72.43,1.17,0.16,0.0085,0.0042,0.0203,0.1251,0
0.02,81.75,0.0,72.43,1.17,0.16,0.0085,0.0042,0.0232,0.1252,0
0.02,81.75,0.0,72.43,1.17,0.16,0.0089,0.0045,0.0388,0.0902,0
0.02,81.75,0.0,72.43,1.17,0.16,0.0089,0.0045,0.0468,0.0904,0
0.02,81.75,0.0,72.43,1.17,0.16,0.0089,0.0045,0.0516,0.0905,0
0.02,81.75,0.0,72.43,1.17,0.16,0.0457,0.0046,0.0343,0.0885,0
0.02,81.75,0.0,72.43,1.17,0.16,0.0457,0.0046,0.0363,0.0888,0
0.02,81.75,0.0,72.43,1.17,0.16,0.0457,0.0046,0.0373,0.0889,0
0.02,78.25,37.0,72.48,1.17,0.16,0.0093,0.0046,0.0175,0.1158,0
0.02,78.25,37.0,72.48,1.17,0.16,0.0093,0.0046,0.0188,0.116,0
0.02,78.25,37.0,72.48,1.17,0.16,0.0093,0.0046,0.0214,0.1162,0
0.02,78.25,37.0,72.48,1.17,0.16,0.0086,0.0043,0.036,0.1627,0
0.02,78.25,37.0,72.48,1.17,0.16,0.0086,0.0043,0.0379,0.1629,0
0.02,78.25,37.0,72.48,1.17,0.16,0.0086,0.0043,0.0393,0.1632,0
0.02,78.25,37.0,72.48,1.17,0.16,0.0501,0.0048,0.0355,0.1523,0
0.02,78.25,37.0,72.48,1.17,0.16,0.0501,0.0048,0.0396,0.1525,0
0.02,78.25,37.0,72.48,1.17,0.16,0.0501,0.0048,0.0442,0.1527,0
0.02,78.25,37.0,72.48,1.17,0.16,0.0092,0.0046,0.0317,0.1004,0
0.02,78.25,37.0,72.48,1.17,0.16,0.0092,0.0046,0.0377,0.1008,0
0.02,78.25,37.0,72.48,1.17,0.16,0.0092,0.0046,0.0429,0.1012,0
0.02,82.75,0.0,73.01,1.17,0.16,0.0089,0.0045,0.0913,0.0713,1
0.02,82.75,0.0,73.01,1.17,0.16,0.0089,0.0045,0.0927,0.0717,1
0.02,82.75,0.0,73.01,1.17,0.16,0.0089,0.0045,0.0945,0.0719,1
0.02,82.75,0.0,73.01,1.17,0.16,0.056,0.0046,0.0178,0.0947,0
0.02,82.75,0.0,73.01,1.17,0.16,0.056,0.0046,0.0196,0.0949,0
0.02,82.75,0.0,73.01,1.17,0.16,0.056,0.0046,0.0215,0.0951,0
0.02,82.75,0.0,73.01,1.64,0.2,0.0085,0.0043,0.0217,0.1945,0
0.02,82.75,0.0,73.01,1.64,0.2,0.0085,0.0043,0.028,0.1947,0
0.02,82.75,0.0,73.01,1.64,0.2,0.0085,0.0043,0.0299,0.1948,0
0.02,86.0,0.0,73.59,1.64,0.2,0.0093,0.0047,0.0159,0.1165,0
0.02,86.0,0.0,73.59,1.64,0.2,0.0093,0.0047,0.0177,0.1167,0
0.02,86.0,0.0,73.59,1.64,0.2,0.0093,0.0047,0.0188,0.1168,0
0.02,86.0,0.0,73.59,1.64,0.2,0.0491,0.0044,0.0209,0.0685,0
0.02,86.0,0.0,73.59,1.64,0.2,0.0491,0.0044,0.0225,0.0687,0
0.02,86.0,0.0,73.59,1.64,0.2,0.0491,0.0044,0.0245,0.0688,0
0.02,86.0,0.0,73.59,1.64,0.2,0.0086,0.0043,0.0217,0.0643,0
0.02,86.0,0.0,73.59,1.64,0.2,0.0086,0.0043,0.0231,0.0647,0
0.02,86.0,0.0,73.59,1.64,0.2,0.0086,0.0043,0.0253,0.0651,0
0.02,86.0,0.0,73.59,1.64,0.2,0.0086,0.0043,0.0218,0.0912,0
0.02,86.0,0.0,73.59,1.64,0.2,0.0086,0.0043,0.0234,0.0915,0
0.02,86.0,0.0,73.59,1.64,0.2,0.0086,0.0043,0.0252,0.0919,0
0.02,80.25,34.0,74.37,1.64,0.2,0.0653,0.0044,0.0193,0.0661,0
0.02,80.25,34.0,74.37,1.64,0.2,0.0653,0.0044,0.0237,0.0664,0
0.02,80.25,34.0,74.37,1.64,0.2,0.0653,0.0044,0.025,0.0665,0
0.02,80.25,34.0,74.37,1.64,0.2,0.0096,0.0048,0.0175,0.0672,0
0.02,80.25,34.0,74.37,1.64,0.2,0.0096,0.0048,0.0192,0.0675,0
0.02,80.25,34.0,74.37,1.64,0.2,0.0096,0.0048,0.021,0.0678,0
0.02,80.25,34.0,74.37,1.64,0.2,0.0099,0.0049,0.0276,0.0663,0
0.02,80.25,34.0,74.37,1.64,0.2,0.0099,0.0049,0.0341,0.0665,0
0.02,80.25,34.0,74.37,1.64,0.2,0.0099,0.0049,0.0361,0.0666,0
0.02,80.0,45.0,75.38,1.64,0.2,0.061,0.0043,0.0233,0.0652,0
0.02,80.0,45.0,75.38,1.64,0.2,0.061,0.0043,0.0264,0.0654,0
0.02,80.0,45.0,75.38,1.64,0.2,0.061,0.0043,0.0299,0.0655,0
0.02,80.0,45.0,75.38,1.64,0.2,0.0091,0.0045,0.0207,0.0693,0
0.02,80.0,45.0,75.38,1.64,0.2,0.0091,0.0045,0.022,0.0696,0
0.02,80.0,45.0,75.38,1.64,0.2,0.0091,0.0045,0.0231,0.0699,0
0.02,80.0,45.0,75.38,1.18,0.22,0.009,0.0045,0.0164,0.0772,0
0.02,80.0,45.0,75.38,1.18,0.22,0.009,0.0045,0.0177,0.0774,0
0.02,80.0,45.0,75.38,1.18,0.22,0.009,0.0045,0.019,0.0776,0
0.02,80.0,45.0,75.38,1.18,0.22,0.0496,0.0042,0.0233,0.0711,0
0.02,80.0,45.0,75.38,1.18,0.22,0.0496,0.0042,0.0249,0.0713,0
0.02,80.0,45.0,75.38,1.18,0.22,0.0496,0.0042,0.0262,0.0714,0
0.02,79.25,29.0,75.88,1.18,0.22,0.0084,0.0042,0.0241,0.0819,0
0.02,79.25,29.0,75.88,1.18,0.22,0.0084,0.0042,0.0255,0.0822,0
0.02,79.25,29.0,75.88,1.18,0.22,0.0084,0.0042,0.0266,0.0824,0
0.02,79.25,29.0,75.88,1.18,0.22,0.0078,0.0039,0.0195,0.0498,0
0.02,79.25,29.0,75.88,1.18,0.22,0.0078,0.0039,0.0261,0.05,0
0.02,79.25,29.0,75.88,1.18,0.22,0.0078,0.0039,0.0304,0.0501,0
0.02,79.25,29.0,75.88,1.18,0.22,0.0545,0.0044,0.0251,0.057,0
0.02,79.25,29.0,75.88,1.18,0.22,0.0545,0.0044,0.0297,0.0573,0
0.02,79.25,29.0,75.88,1.18,0.22,0.0545,0.0044,0.0327,0.0574,0
0.02,82.0,31.0,76.08,1.18,0.22,0.0086,0.0043,0.0307,0.0624,0
0.02,82.0,31.0,76.08,1.18,0.22,0.0086,0.0043,0.0332,0.0626,0
0.02,82.0,31.0,76.08,1.18,0.22,0.0086,0.0043,0.0434,0.0627,0
0.02,82.0,31.0,76.08,1.18,0.22,0.0088,0.0044,0.0269,0.0768,0
0.02,82.0,31.0,76.08,1.18,0.22,0.0088,0.0044,0.0317,0.077,0
0.02,82.0,31.0,76.08,1.18,0.22,0.0088,0.0044,0.037,0.0771,0
0.02,82.0,31.0,76.08,1.18,0.22,0.0469,0.0041,0.026,0.0812,0
0.02,82.0,31.0,76.08,1.18,0.22,0.0469,0.0041,0.0303,0.0815,0
0.02,82.0,31.0,76.08,1.18,0.22,0.0469,0.0041,0.0462,0.0816,0
0.02,82.0,31.0,76.08,1.18,0.22,0.0085,0.0042,0.0213,0.0642,0
0.02,82.0,31.0,76.08,1.18,0.22,0.0085,0.0042,0.0291,0.0649,0
0.02,82.0,31.0,76.08,1.18,0.22,0.0085,0.0042,0.033,0.0652,0
0.02,81.75,0.0,76.51,1.18,0.22,0.0088,0.0044,0.0285,0.0542,0
0.02,81.75,0.0,76.51,1.18,0.22,0.0088,0.0044,0.0365,0.0545,0
0.02,81.75,0.0,76.51,1.18,0.22,0.0088,0.0044,0.0618,0.0548,1
0.12,81.75,0.0,76.51,4.46,0.5,0.0526,0.005,0.0196,0.0718,0
0.12,81.75,0.0,76.51,4.46,0.5,0.0526,0.005,0.0254,0.0721,0
0.12,81.75,0.0,76.51,4.46,0.5,0.0526,0.005,0.0282,0.0722,0
0.12,81.75,0.0,76.51,4.46,0.5,0.0092,0.0046,0.0222,0.0773,0
0.12,81.75,0.0,76.51,4.46,0.5,0.0092,0.0046,0.0254,0.0777,0
0.12,81.75,0.0,76.51,4.46,0.5,0.0092,0.0046,0.0282,0.078,0
0.12,82.5,57.0,76.59,4.46,0.5,0.0091,0.0045,0.0161,0.0645,0
0.12,82.5,57.0,76.59,4.46,0.5,0.0091,0.0045,0.0237,0.0647,0
0.12,82.5,57.0,76.59,4.46,0.5,0.0091,0.0045,0.0272,0.0648,0
0.12,82.5,57.0,76.59,4.46,0.5,0.0503,0.0047,0.0277,0.0549,0
0.12,82.5,57.0,76.59,4.46,0.5,0.0503,0.0047,0.0333,0.0551,0
0.12,82.5,57.0,76.59,4.46,0.5,0.0503,0.0047,0.0379,0.0552,0
0.12,82.5,57.0,76.59,4.46,0.5,0.008,0.004,0.0204,0.0509,0
0.12,82.5,57.0,76.59,4.46,0.5,0.008,0.004,0.0253,0.0511,0
0.12,82.5,57.0,76.59,4.46,0.5,0.008,0.004,0.0329,0.0512,0
0.12,82.5,57.0,76.59,4.46,0.5,0.009,0.0045,0.0183,0.0725,0
0.12,82.5,57.0,76.59,4.46,0.5,0.009,0.0045,0.0238,0.0727,0
0.12,82.5,57.0,76.59,4.46,0.5,0.009,0.0045,0.0322,0.0728,0
0.12,80.0,99.0,76.59,4.46,0.5,0.0454,0.0041,0.0251,0.0666,0
0.12,80.0,99.0,76.59,4.46,0.5,0.0454,0.0041,0.0277,0.0668,0
0.12,80.0,99.0,76.59,4.46,0.5,0.0454,0.0041,0.0313,0.0669,0
0.12,80.0,99.0,76.59,4.46,0.5,0.0088,0.0044,0.0161,0.063,0
0.12,80.0,99.0,76.59,4.46,0.5,0.0088,0.0044,0.0185,0.0632,0
0.12,80.0,99.0,76.59,4.46,0.5,0.0088,0.0044,0.0246,0.0633,0
0.12,80.0,99.0,76.59,4.46,0.5,0.0089,0.0045,0.0199,0.0685,0
0.12,80.0,99.0,76.59,4.46,0.5,0.0089,0.0045,0.0248,0.0687,0
0.12,80.0,99.0,76.59,4.46,0.5,0.0089,0.0045,0.0323,0.0688,0
0.12,77.0,90.0,76.59,4.46,0.5,0.0542,0.0046,0.0169,0.0492,0
0.12,77.0,90.0,76.59,4.46,0.5,0.0542,0.0046,0.0196,0.0494,0
0.12,77.0,90.0,76.59,4.46,0.5,0.0542,0.0046,0.0261,0.0495,0
0.14,77.0,90.0,76.59,1.31,0.78,0.008,0.004,0.0178,0.0494,0
0.14,77.0,90.0,76.59,1.31,0.78,0.008,0.004,0.021,0.0496,0
0.14,77.0,90.0,76.59,1.31,0.78,0.008,0.004,0.0291,0.0497,0
0.14,77.0,90.0,76.59,1.31,0.78,0.0078,0.0039,0.018,0.0501,0
0.14,77.0,90.0,76.59,1.31,0.78,0.0078,0.0039,0.0301,0.0503,0
0.14,77.0,90.0,76.59,1.31,0.78,0.0078,0.0039,0.0341,0.0505,0
0.14,77.0,90.0,76.59,1.31,0.78,0.0584,0.0042,0.0205,0.0521,0
0.14,77.0,90.0,76.59,1.31,0.78,0.0584,0.0042,0.0335,0.0523,0
0.14,77.0,90.0,76.59,1.31,0.78,0.0584,0.0042,0.0528,0.0524,1
0.14,80.25,27.0,76.61,1.31,0.78,0.0083,0.0041,0.0168,0.0513,0
0.14,80.25,27.0,76.61,1.31,0.78,0.0083,0.0041,0.0245,0.0515,0
0.14,80.25,27.0,76.61,1.31,0.78,0.0083,0.0041,0.0272,0.0517,0
0.14,80.25,27.0,76.61,1.31,0.78,0.009,0.0045,0.0185,0.0469,0
0.14,80.25,27.0,76.61,1.31,0.78,0.009,0.0045,0.0225,0.0471,0
0.14,80.25,27.0,76.61,1.31,0.78,0.009,0.0045,0.0284,0.0472,0
0.14,80.25,27.0,76.61,1.31,0.78,0.057,0.0044,0.0374,0.0547,0
0.14,80.25,27.0,76.61,1.31,0.78,0.057,0.0044,0.0439,0.0549,0
0.14,80.25,27.0,76.61,1.31,0.78,0.057,0.0044,0.0491,0.0551,0
0.14,80.25,0.0,76.66,1.31,0.78,0.008,0.004,0.0272,0.0491,0
0.14,80.25,0.0,76.66,1.31,0.78,0.008,0.004,0.0299,0.0492,0
0.14,80.25,0.0,76.66,1.31,0.78,0.008,0.004,0.0325,0.0493,0
0.14,80.25,0.0,76.66,1.31,0.78,0.0085,0.0043,0.0258,0.0618,0
0.14,80.25,0.0,76.66,1.31,0.78,0.0085,0.0043,0.0314,0.062,0
0.14,80.25,0.0,76.66,1.31,0.78,0.0085,0.0043,0.0361,0.0622,0
0.14,80.25,0.0,76.66,1.31,0.78,0.0524,0.0048,0.0217,0.0523,0
0.14,80.25,0.0,76.66,1.31,0.78,0.0524,0.0048,0.0253,0.0525,0
0.14,80.25,0.0,76.66,1.31,0.78,0.0524,0.0048,0.0286,0.0526,0
0.14,80.25,0.0,76.66,1.31,0.78,0.0096,0.0048,0.0194,0.0537,0
0.14,80.25,0.0,76.66,1.31,0.78,0.0096,0.0048,0.0239,0.0541,0
0.14,80.25,0.0,76.66,1.31,0.78,0.0096,0.0048,0.0289,0.0543,0
0.14,82.5,91.0,76.66,1.94,0.83,0.0079,0.004,0.0257,0.0496,0
0.14,82.5,91.0,76.66,1.94,0.83,0.0079,0.004,0.0312,0.0498,0
0.14,82.5,91.0,76.66,1.94,0.83,0.0079,0.004,0.036,0.0499,0
0.14,82.5,91.0,76.66,1.94,0.83,0.0542,0.004,0.0181,0.0564,0
0.14,82.5,91.0,76.66,1.94,0.83,0.0542,0.004,0.0213,0.0567,0
0.14,82.5,91.0,76.66,1.94,0.83,0.0542,0.004,0.0258,0.057,0
0.14,82.5,91.0,76.66,1.94,0.83,0.0078,0.0039,0.0284,0.0461,0
0.14,82.5,91.0,76.66,1.94,0.83,0.0078,0.0039,0.0307,0.0464,0
0.14,82.5,91.0,76.66,1.94,0.83,0.0078,0.0039,0.0413,0.0466,0
0.14,82.5,91.0,76.66,1.94,0.83,0.008,0.004,0.0155,0.0511,0
0.14,82.5,91.0,76.66,1.94,0.83,0.008,0.004,0.0184,0.0513,0
0.14,82.5,91.0,76.66,1.94,0.83,0.008,0.004,0.0218,0.0515,0
0.14,81.0,30.0,76.59,1.94,0.83,0.0535,0.0041,0.0282,0.0535,0
0.14,81.0,30.0,76.59,1.94,0.83,0.0535,0.0041,0.0361,0.0537,0
0.14,81.0,30.0,76.59,1.94,0.83,0.0535,0.0041,0.0388,0.0539,0
0.14,81.0,30.0,76.59,1.94,0.83,0.0083,0.0042,0.0159,0.052,0
0.14,81.0,30.0,76.59,1.94,0.83,0.0083,0.0042,0.0297,0.0522,0
0.14,81.0,30.0,76.59,1.94,0.83,0.0083,0.0042,0.0325,0.0525,0
0.14,81.0,30.0,76.59,1.94,0.83,0.0092,0.0046,0.0169,0.0462,0
0.14,81.0,30.0,76.59,1.94,0.83,0.0092,0.0046,0.0196,0.0464,0
0.14,81.0,30.0,76.59,1.94,0.83,0.0092,0.0046,0.0229,0.0465,0
0.14,82.0,0.0,76.74,1.94,0.83,0.0551,0.0045,0.017,0.0524,0
0.14,82.0,0.0,76.74,1.94,0.83,0.0551,0.0045,0.0194,0.0527,0
0.14,82.0,0.0,76.74,1.94,0.83,0.0551,0.0045,0.0226,0.0529,0
0.14,82.0,0.0,76.74,1.94,0.83,0.0087,0.0044,0.0264,0.0503,0
0.14,82.0,0.0,76.74,1.94,0.83,0.0087,0.0044,0.0294,0.0505,0
0.14,82.0,0.0,76.74,1.94,0.83,0.0087,0.0044,0.1256,0.0506,1
0.14,82.0,0.0,76.74,1.94,0.83,0.0085,0.0043,0.0481,0.0516,0
0.14,82.0,0.0,76.74,1.94,0.83,0.0085,0.0043,0.0562,0.0519,1
0.14,82.0,0.0,76.74,1.94,0.83,0.0085,0.0043,0.0603,0.0521,1
0.12,76.75,0.0,76.74,1.23,0.88,0.059,0.0041,0.0176,0.0512,0
0.12,76.75,0.0,76.74,1.23,0.88,0.059,0.0041,0.0222,0.0514,0
0.12,76.75,0.0,76.74,1.23,0.88,0.059,0.0041,0.0265,0.0515,0
0.12,76.75,0.0,76.74,1.23,0.88,0.0083,0.0042,0.0245,0.1051,0
0.12,76.75,0.0,76.74,1.23,0.88,0.0083,0.0042,0.0274,0.1053,0
0.12,76.75,0.0,76.74,1.23,0.88,0.0083,0.0042,0.0365,0.1057,0
0.12,76.75,0.0,76.74,1.23,0.88,0.0084,0.0042,0.0301,0.0464,0
0.12,76.75,0.0,76.74,1.23,0.88,0.0084,0.0042,0.0378,0.0466,0
0.12,76.75,0.0,76.74,1.23,0.88,0.0084,0.0042,0.0444,0.0467,0
0.12,76.75,0.0,76.74,1.23,0.88,0.0441,0.0042,0.0218,0.0518,0
0.12,76.75,0.0,76.74,1.23,0.88,0.0441,0.0042,0.0247,0.0519,0
0.12,76.75,0.0,76.74,1.23,0.88,0.0441,0.0042,0.0301,0.0521,0
0.12,81.0,0.0,76.72,1.23,0.88,0.0081,0.0041,0.0218,0.0504,0
0.12,81.0,0.0,76.72,1.23,0.88,0.0081,0.0041,0.0268,0.0506,0
0.12,81.0,0.0,76.72,1.23,0.88,0.0081,0.0041,0.0318,0.0507,0
0.12,81.0,0.0,76.72,1.23,0.88,0.0086,0.0043,0.0282,0.0483,0
0.12,81.0,0.0,76.72,1.23,0.88,0.0086,0.0043,0.0306,0.0485,0
0.12,81.0,0.0,76.72,1.23,0.88,0.0086,0.0043,0.0342,0.0486,0
0.12,81.0,0.0,76.72,1.23,0.88,0.0562,0.0047,0.0215,0.0516,0
0.12,81.0,0.0,76.72,1.23,0.88,0.0562,0.0047,0.0245,0.0518,0
0.12,81.0,0.0,76.72,1.23,0.88,0.0562,0.0047,0.032,0.052,0
0.12,81.0,0.0,76.72,1.23,0.88,0.009,0.0045,0.0149,0.0455,0
0.12,81.0,0.0,76.72,1.23,0.88,0.009,0.0045,0.0172,0.0458,0
0.12,81.0,0.0,76.72,1.23,0.88,0.009,0.0045,0.0214,0.0459,0
0.12,78.0,99.0,76.72,1.23,0.88,0.0082,0.0041,0.0206,0.0696,0
0.12,78.0,99.0,76.72,1.23,0.88,0.0082,0.0041,0.0253,0.0697,0
0.12,78.0,99.0,76.72,1.23,0.88,0.0082,0.0041,0.03,0.07,0
0.12,78.0,99.0,76.72,1.23,0.88,0.0608,0.0045,0.0213,0.053,0
0.12,78.0,99.0,76.72,1.23,0.88,0.0608,0.0045,0.0281,0.0532,0
0.12,78.0,99.0,76.72,1.23,0.88,0.0608,0.0045,0.0324,0.0533,0
0.14,78.0,99.0,76.72,1.66,0.91,0.0085,0.0042,0.0206,0.052,0
0.14,78.0,99.0,76.72,1.66,0.91,0.0085,0.0042,0.0275,0.0522,0
0.14,78.0,99.0,76.72,1.66,0.91,0.0085,0.0042,0.0304,0.0524,0
0.14,80.75,0.0,76.72,1.66,0.91,0.0089,0.0044,0.0166,0.0467,0
0.14,80.75,0.0,76.72,1.66,0.91,0.0089,0.0044,0.0193,0.0469,0
0.14,80.75,0.0,76.72,1.66,0.91,0.0089,0.0044,0.0361,0.047,0
0.14,80.75,0.0,76.72,1.66,0.91,0.0682,0.0045,0.0226,0.0557,0
0.14,80.75,0.0,76.72,1.66,0.91,0.0682,0.0045,0.0259,0.056,0
0.14,80.75,0.0,76.72,1.66,0.91,0.0682,0.0045,0.031,0.0563,0
0.14,80.75,0.0,76.72,1.66,0.91,0.0081,0.0041,0.0233,0.05,0
0.14,80.75,0.0,76.72,1.66,0.91,0.0081,0.0041,0.0255,0.0502,0
0.14,80.75,0.0,76.72,1.66,0.91,0.0081,0.0041,0.0289,0.0504,0
0.14,80.75,0.0,76.72,1.66,0.91,0.0085,0.0042,0.0168,0.0505,0
0.14,80.75,0.0,76.72,1.66,0.91,0.0085,0.0042,0.0209,0.0507,0
0.14,80.75,0.0,76.72,1.66,0.91,0.0085,0.0042,0.0259,0.0508,0
0.14,79.0,0.0,76.77,1.66,0.91,0.0718,0.0046,0.0273,0.0517,0
0.14,79.0,0.0,76.77,1.66,0.91,0.0718,0.0046,0.0312,0.0519,0
0.14,79.0,0.0,76.77,1.66,0.91,0.0718,0.0046,0.0397,0.052,0
0.14,79.0,0.0,76.77,1.66,0.91,0.0087,0.0044,0.0317,0.0505,0
0.14,79.0,0.0,76.77,1.66,0.91,0.0087,0.0044,0.035,0.0507,0
0.14,79.0,0.0,76.77,1.66,0.91,0.0087,0.0044,0.0384,0.0508,0
0.14,79.0,0.0,76.77,1.66,0.91,0.0085,0.0042,0.0158,0.0482,0
0.14,79.0,0.0,76.77,1.66,0.91,0.0085,0.0042,0.0242,0.0484,0
0.14,79.0,0.0,76.77,1.66,0.91,0.0085,0.0042,0.0338,0.0487,0
0.14,79.0,0.0,76.74,1.66,0.91,0.0785,0.0042,0.0214,0.0528,0
0.14,79.0,0.0,76.74,1.66,0.91,0.0785,0.0042,0.0247,0.053,0
0.14,79.0,0.0,76.74,1.66,0.91,0.0785,0.0042,0.0288,0.0531,0
0.14,79.0,0.0,76.74,1.66,0.91,0.0085,0.0042,0.0212,0.0489,0
0.14,79.0,0.0,76.74,1.66,0.91,0.0085,0.0042,0.0246,0.0491,0
0.14,79.0,0.0,76.74,1.66,0.91,0.0085,0.0042,0.0271,0.0492,0
0.14,79.0,0.0,76.74,1.17,0.94,0.0081,0.004,0.0264,0.05,0
0.14,79.0,0.0,76.74,1.17,0.94,0.0081,0.004,0.0293,0.0502,0
0.14,79.0,0.0,76.74,1.17,0.94,0.0081,0.004,0.034,0.0503,0
0.14,79.0,0.0,76.74,1.17,0.94,0.0581,0.0043,0.0193,0.0575,0
0.14,79.0,0.0,76.74,1.17,0.94,0.0581,0.0043,0.0226,0.0578,0
0.14,79.0,0.0,76.74,1.17,0.94,0.0581,0.0043,0.0289,0.058,0
0.14,78.25,0.0,76.79,1.17,0.94,0.0089,0.0044,0.0213,0.0523,0
0.14,78.25,0.0,76.79,1.17,0.94,0.0089,0.0044,0.0245,0.0525,0
0.14,78.25,0.0,76.79,1.17,0.94,0.0089,0.0044,0.0325,0.0527,0
0.14,78.25,0.0,76.79,1.17,0.94,0.0084,0.0042,0.0185,0.0476,0
0.14,78.25,0.0,76.79,1.17,0.94,0.0084,0.0042,0.0218,0.0478,0
0.14,78.25,0.0,76.79,1.17,0.94,0.0084,0.0042,0.0255,0.0479,0
0.14,78.25,0.0,76.79,1.17,0.94,0.0491,0.004,0.0222,0.0532,0
0.14,78.25,0.0,76.79,1.17,0.94,0.0491,0.004,0.0319,0.0534,0
0.14,78.25,0.0,76.79,1.17,0.94,0.0491,0.004,0.0358,0.0535,0
0.14,79.5,0.0,76.77,1.17,0.94,0.0086,0.0043,0.0217,0.054,0
0.14,79.5,0.0,76.77,1.17,0.94,0.0086,0.0043,0.0295,0.0542,0
0.14,79.5,0.0,76.77,1.17,0.94,0.0086,0.0043,0.0327,0.0543,0
0.14,79.5,0.0,76.77,1.17,0.94,0.009,0.0045,0.0354,0.0517,0
0.14,79.5,0.0,76.77,1.17,0.94,0.009,0.0045,0.0394,0.052,0
0.14,79.5,0.0,76.77,1.17,0.94,0.009,0.0045,0.0472,0.0522,0
0.14,79.5,0.0,76.77,1.17,0.94,0.0599,0.004,0.0187,0.0514,0
0.14,79.5,0.0,76.77,1.17,0.94,0.0599,0.004,0.0228,0.0516,0
0.14,79.5,0.0,76.77,1.17,0.94,0.0599,0.004,0.0261,0.0517,0
0.14,79.5,0.0,76.77,1.17,0.94,0.0082,0.0041,0.0167,0.0615,0
0.14,79.5,0.0,76.77,1.17,0.94,0.0082,0.0041,0.0269,0.0618,0
0.14,79.5,0.0,76.77,1.17,0.94,0.0082,0.0041,0.0344,0.062,0
0.14,76.25,0.0,76.82,1.17,0.94,0.0082,0.0041,0.0157,0.0542,0
0.14,76.25,0.0,76.82,1.17,0.94,0.0082,0.0041,0.0184,0.0544,0
0.14,76.25,0.0,76.82,1.17,0.94,0.0082,0.0041,0.0239,0.0546,0
0.14,76.25,0.0,76.82,1.47,0.93,0.0489,0.0043,0.0248,0.0573,0
0.14,76.25,0.0,76.82,1.47,0.93,0.0489,0.0043,0.0383,0.0576,0
0.14,76.25,0.0,76.82,1.47,0.93,0.0489,0.0043,0.0464,0.0579,0
0.14,76.25,0.0,76.82,1.47,0.93,0.0087,0.0043,0.0155,0.0529,0
0.14,76.25,0.0,76.82,1.47,0.93,0.0087,0.0043,0.0183,0.0531,0
0.14,76.25,0.0,76.82,1.47,0.93,0.0087,0.0043,0.0209,0.0532,0
0.14,77.0,0.0,76.77,1.47,0.93,0.0082,0.0041,0.0242,0.0503,0
0.14,77.0,0.0,76.77,1.47,0.93,0.0082,0.0041,0.0336,0.0504,0
0.14,77.0,0.0,76.77,1.47,0.93,0.0082,0.0041,0.0361,0.0506,0
0.14,77.0,0.0,76.77,1.47,0.93,0.0491,0.0041,0.0195,0.054,0
0.14,77.0,0.0,76.77,1.47,0.93,0.0491,0.0041,0.0231,0.0542,0
0.14,77.0,0.0,76.77,1.47,0.93,0.0491,0.0041,0.0262,0.0543,0
0.14,77.0,0.0,76.77,1.47,0.93,0.0086,0.0043,0.0159,0.0504,0
0.14,77.0,0.0,76.77,1.47,0.93,0.0086,0.0043,0.0252,0.0506,0
0.14,77.0,0.0,76.77,1.47,0.93,0.0086,0.0043,0.0284,0.0507,0
0.14,77.0,0.0,76.77,1.47,0.93,0.0085,0.0043,0.016,0.0506,0
0.14,77.0,0.0,76.77,1.47,0.93,0.0085,0.0043,0.0185,0.0508,0
0.14,77.0,0.0,76.77,1.47,0.93,0.0085,0.0043,0.025,0.0511,0
0.14,78.0,0.0,76.77,1.47,0.93,0.0552,0.0047,0.0225,0.054,0
0.14,78.0,0.0,76.77,1.47,0.93,0.0552,0.0047,0.0261,0.0542,0
0.14,78.0,0.0,76.77,1.47,0.93,0.0552,0.0047,0.0296,0.0543,0
0.14,78.0,0.0,76.77,1.47,0.93,0.0088,0.0044,0.016,0.0498,0
0.14,78.0,0.0,76.77,1.47,0.93,0.0088,0.0044,0.0224,0.05,0
0.14,78.0,0.0,76.77,1.47,0.93,0.0088,0.0044,0.0308,0.0501,0
0.14,78.0,0.0,76.77,1.47,0.93,0.0077,0.0039,0.0176,0.052,0
0.14,78.0,0.0,76.77,1.47,0.93,0.0077,0.0039,0.0217,0.0522,0
0.14,78.0,0.0,76.77,1.47,0.93,0.0077,0.0039,0.0259,0.0523,0
0.14,78.0,0.0,76.77,1.47,0.93,0.0507,0.0041,0.0251,0.0516,0
0.14,78.0,0.0,76.77,1.47,0.93,0.0507,0.0041,0.0283,0.0518,0
0.14,78.0,0.0,76.77,1.47,0.93,0.0507,0.0041,0.0308,0.052,0
0.13,72.25,18.0,76.77,2.24,0.97,0.0087,0.0043,0.0174,0.0498,0
0.13,72.25,18.0,76.77,2.24,0.97,0.0087,0.0043,0.0246,0.0504,0
0.13,72.25,18.0,76.77,2.24,0.97,0.0087,0.0043,0.0313,0.0505,0
0.13,72.25,18.0,76.77,2.24,0.97,0.0085,0.0043,0.0157,0.0494,0
0.13,72.25,18.0,76.77,2.24,0.97,0.0085,0.0043,0.0215,0.0496,0
0.13,72.25,18.0,76.77,2.24,0.97,0.0085,0.0043,0.0269,0.05,0
0.13,72.25,18.0,76.77,2.24,0.97,0.0573,0.0039,0.0224,0.0516,0
0.13,72.25,18.0,76.77,2.24,0.97,0.0573,0.0039,0.0261,0.0519,0
0.13,72.25,18.0,76.77,2.24,0.97,0.0573,0.0039,0.0292,0.0522,0
0.13,77.0,49.0,76.77,2.24,0.97,0.0083,0.0042,0.0202,0.0451,0
0.13,77.0,49.0,76.77,2.24,0.97,0.0083,0.0042,0.0308,0.0453,0
0.13,77.0,49.0,76.77,2.24,0.97,0.0083,0.0042,0.0349,0.0454,0
0.13,77.0,49.0,76.77,2.24,0.97,0.009,0.0045,0.0176,0.0493,0
0.13,77.0,49.0,76.77,2.24,0.97,0.009,0.0045,0.0201,0.0495,0
0.13,77.0,49.0,76.77,2.24,0.97,0.009,0.0045,0.0231,0.0496,0
0.13,77.0,49.0,76.77,2.24,0.97,0.0669,0.0045,0.0228,0.0518,0
0.13,77.0,49.0,76.77,2.24,0.97,0.0669,0.0045,0.0259,0.052,0
0.13,77.0,49.0,76.77,2.24,0.97,0.0669,0.0045,0.0292,0.0527,0
0.13,77.0,49.0,76.77,2.24,0.97,0.0094,0.0047,0.019,0.0545,0
0.13,77.0,49.0,76.77,2.24,0.97,0.0094,0.0047,0.0283,0.0547,0
0.13,77.0,49.0,76.77,2.24,0.97,0.0094,0.0047,0.0375,0.0548,0
0.13,77.0,0.0,76.77,2.24,0.97,0.0093,0.0047,0.0298,0.0498,0
0.13,77.0,0.0,76.77,2.24,0.97,0.0093,0.0047,0.0356,0.05,0
0.13,77.0,0.0,76.77,2.24,0.97,0.0093,0.0047,0.0431,0.0502,0
0.13,77.0,0.0,76.77,2.24,0.97,0.0479,0.004,0.0192,0.0588,0
0.13,77.0,0.0,76.77,2.24,0.97,0.0479,0.004,0.0218,0.059,0
0.13,77.0,0.0,76.77,2.24,0.97,0.0479,0.004,0.0268,0.0592,0
0.13,77.0,0.0,76.77,2.24,0.97,0.0091,0.0045,0.0168,0.0519,0
0.13,77.0,0.0,76.77,2.24,0.97,0.0091,0.0045,0.112,0.0522,1
0.13,77.0,0.0,76.77,2.24,0.97,0.0091,0.0045,0.1143,0.0523,1
0.13,80.5,0.0,76.82,1.48,1.04,0.009,0.0045,0.0511,0.0562,0
0.13,80.5,0.0,76.82,1.48,1.04,0.009,0.0045,0.0776,0.0564,1
0.13,80.5,0.0,76.82,1.48,1.04,0.009,0.0045,0.0816,0.0567,1
0.13,80.5,0.0,76.82,1.48,1.04,0.0639,0.0042,0.0199,0.0534,0
0.13,80.5,0.0,76.82,1.48,1.04,0.0639,0.0042,0.0222,0.0536,0
0.13,80.5,0.0,76.82,1.48,1.04,0.0639,0.0042,0.0264,0.0538,0
0.13,80.5,0.0,76.82,1.48,1.04,0.0081,0.0041,0.0168,0.1004,0
0.13,80.5,0.0,76.82,1.48,1.04,0.0081,0.0041,0.0239,0.1006,0
0.13,80.5,0.0,76.82,1.48,1.04,0.0081,0.0041,0.0281,0.1007,0
0.13,80.5,0.0,76.82,1.48,1.04,0.0088,0.0044,0.0411,0.0467,0
0.13,80.5,0.0,76.82,1.48,1.04,0.0088,0.0044,0.0485,0.0469,1
0.13,80.5,0.0,76.82,1.48,1.04,0.0088,0.0044,0.059,0.0472,1
0.13,81.5,99.0,76.87,1.48,1.04,0.0565,0.0042,0.0278,0.058,0
0.13,81.5,99.0,76.87,1.48,1.04,0.0565,0.0042,0.0327,0.0582,0
0.13,81.5,99.0,76.87,1.48,1.04,0.0565,0.0042,0.0458,0.0584,0
0.13,81.5,99.0,76.87,1.48,1.04,0.0079,0.004,0.0159,0.0514,0
0.13,81.5,99.0,76.87,1.48,1.04,0.0079,0.004,0.019,0.0517,0
0.13,81.5,99.0,76.87,1.48,1.04,0.0079,0.004,0.0226,0.0519,0
0.13,81.5,99.0,76.87,1.48,1.04,0.0085,0.0042,0.0175,0.0505,0
0.13,81.5,99.0,76.87,1.48,1.04,0.0085,0.0042,0.0236,0.0507,0
0.13,81.5,99.0,76.87,1.48,1.04,0.0085,0.0042,0.0259,0.0508,0
0.13,81.5,99.0,76.87,1.48,1.04,0.057,0.0045,0.028,0.0507,0
0.13,81.5,99.0,76.87,1.48,1.04,0.057,0.0045,0.0332,0.0509,0
0.13,81.5,99.0,76.87,1.48,1.04,0.057,0.0045,0.0363,0.0511,0
0.13,79.0,0.0,76.84,1.48,1.04,0.0089,0.0044,0.0149,0.0497,0
0.13,79.0,0.0,76.84,1.48,1.04,0.0089,0.0044,0.0172,0.0499,0
0.13,79.0,0.0,76.84,1.48,1.04,0.0089,0.0044,0.0217,0.05,0
0.13,79.0,0.0,76.84,1.48,1.04,0.009,0.0045,0.0203,0.0504,0
0.13,79.0,0.0,76.84,1.48,1.04,0.009,0.0045,0.0344,0.0506,0
0.13,79.0,0.0,76.84,1.48,1.04,0.009,0.0045,0.038,0.0507,0
0.14,79.0,0.0,76.84,3.2,1.15,0.0591,0.0045,0.0241,0.0517,0
0.14,79.0,0.0,76.84,3.2,1.15,0.0591,0.0045,0.0268,0.052,0
0.14,79.0,0.0,76.84,3.2,1.15,0.0591,0.0045,0.0313,0.0521,0
0.14,77.25,0.0,76.84,3.2,1.15,0.008,0.004,0.0282,0.0491,0
0.14,77.25,0.0,76.84,3.2,1.15,0.008,0.004,0.0319,0.0493,0
0.14,77.25,0.0,76.84,3.2,1.15,0.008,0.004,0.035,0.0494,0
0.14,77.25,0.0,76.84,3.2,1.15,0.0083,0.0041,0.0201,0.0448,0
0.14,77.25,0.0,76.84,3.2,1.15,0.0083,0.0041,0.028,0.045,0
0.14,77.25,0.0,76.84,3.2,1.15,0.0083,0.0041,0.0343,0.0451,0
0.14,77.25,0.0,76.84,3.2,1.15,0.0456,0.0047,0.0211,0.0557,0
0.14,77.25,0.0,76.84,3.2,1.15,0.0456,0.0047,0.0249,0.0559,0
0.14,77.25,0.0,76.84,3.2,1.15,0.0456,0.0047,0.0317,0.056,0
0.14,77.25,0.0,76.84,3.2,1.15,0.0081,0.004,0.0179,0.0527,0
0.14,77.25,0.0,76.84,3.2,1.15,0.0081,0.004,0.03,0.0528,0
0.14,77.25,0.0,76.84,3.2,1.15,0.0081,0.004,0.0369,0.053,0
0.14,75.75,0.0,76.84,3.2,1.15,0.0084,0.0042,0.0184,0.0483,0
0.14,75.75,0.0,76.84,3.2,1.15,0.0084,0.0042,0.0226,0.0485,0
0.14,75.75,0.0,76.84,3.2,1.15,0.0084,0.0042,0.0302,0.0486,0
0.14,75.75,0.0,76.84,3.2,1.15,0.0485,0.0041,0.0201,0.0525,0
0.14,75.75,0.0,76.84,3.2,1.15,0.0485,0.0041,0.0416,0.0527,0
0.14,75.75,0.0,76.84,3.2,1.15,0.0485,0.0041,0.0525,0.0528,0
0.14,75.75,0.0,76.84,3.2,1.15,0.0092,0.0046,0.0227,0.0506,0
0.14,75.75,0.0,76.84,3.2,1.15,0.0092,0.0046,0.0276,0.0508,0
0.14,75.75,0.0,76.84,3.2,1.15,0.0092,0.0046,0.0349,0.0509,0
0.14,76.0,0.0,76.87,3.2,1.15,0.0086,0.0043,0.0351,0.0468,0
0.14,76.0,0.0,76.87,3.2,1.15,0.0086,0.0043,0.0379,0.047,0
0.14,76.0,0.0,76.87,3.2,1.15,0.0086,0.0043,0.0418,0.0471,0
0.14,76.0,0.0,76.87,3.2,1.15,0.0408,0.0045,0.0233,0.0664,0
0.14,76.0,0.0,76.87,3.2,1.15,0.0408,0.0045,0.0297,0.0666,0
0.14,76.0,0.0,76.87,3.2,1.15,0.0408,0.0045,0.0466,0.0668,0
0.14,76.0,0.0,76.87,1.1,1.3,0.0085,0.0042,0.0281,0.0537,0
0.14,76.0,0.0,76.87,1.1,1.3,0.0085,0.0042,0.0488,0.0539,0
0.14,76.0,0.0,76.87,1.1,1.3,0.0085,0.0042,0.0529,0.054,0
0.14,76.0,0.0,76.87,1.1,1.3,0.0093,0.0046,0.0263,0.047,0
0.14,76.0,0.0,76.87,1.1,1.3,0.0093,0.0046,0.0295,0.0471,0
0.14,76.0,0.0,76.87,1.1,1.3,0.0093,0.0046,0.0342,0.0472,0
0.14,76.75,0.0,76.84,1.1,1.3,0.0471,0.0045,0.0213,0.0538,0
0.14,76.75,0.0,76.84,1.1,1.3,0.0471,0.0045,0.0266,0.054,0
0.14,76.75,0.0,76.84,1.1,1.3,0.0471,0.0045,0.0296,0.0541,0
0.14,76.75,0.0,76.84,1.1,1.3,0.0082,0.0041,0.016,0.0482,0
0.14,76.75,0.0,76.84,1.1,1.3,0.0082,0.0041,0.0195,0.0484,0
0.14,76.75,0.0,76.84,1.1,1.3,0.0082,0.0041,0.0228,0.0485,0
0.14,76.75,0.0,76.84,1.1,1.3,0.0095,0.0047,0.0322,0.0503,0
0.14,76.75,0.0,76.84,1.1,1.3,0.0095,0.0047,0.0343,0.0505,0
0.14,76.75,0.0,76.84,1.1,1.3,0.0095,0.0047,0.0472,0.0506,0
0.14,81.5,0.0,76.84,1.1,1.3,0.0508,0.0044,0.0177,0.0504,0
0.14,81.5,0.0,76.84,1.1,1.3,0.0508,0.0044,0.0206,0.0506,0
0.14,81.5,0.0,76.84,1.1,1.3,0.0508,0.0044,0.0231,0.0507,0
0.14,81.5,0.0,76.84,1.1,1.3,0.0091,0.0046,0.0224,0.0525,0
0.14,81.5,0.0,76.84,1.1,1.3,0.0091,0.0046,0.0309,0.0527,0
0.14,81.5,0.0,76.84,1.1,1.3,0.0091,0.0046,0.0341,0.0528,0
0.14,81.5,0.0,76.84,1.1,1.3,0.0083,0.0041,0.0272,0.0499,0
0.14,81.5,0.0,76.84,1.1,1.3,0.0083,0.0041,0.0373,0.0501,0
0.14,81.5,0.0,76.84,1.1,1.3,0.0083,0.0041,0.0398,0.0503,0
0.14,81.5,0.0,76.84,1.1,1.3,0.0625,0.004,0.0221,0.0523,0
0.14,81.5,0.0,76.84,1.1,1.3,0.0625,0.004,0.03,0.0525,0
0.14,81.5,0.0,76.84,1.1,1.3,0.0625,0.004,0.0325,0.0526,0
0.14,78.25,99.0,76.82,1.1,1.3,0.0085,0.0042,0.0154,0.0509,0
0.14,78.25,99.0,76.82,1.1,1.3,0.0085,0.0042,0.0181,0.0511,0
0.14,78.25,99.0,76.82,1.1,1.3,0.0085,0.0042,0.0239,0.0515,0
0.14,78.25,99.0,76.82,1.18,1.01,0.0086,0.0043,0.0156,0.0481,0
0.14,78.25,99.0,76.82,1.18,1.01,0.0086,0.0043,0.0183,0.0483,0
0.14,78.25,99.0,76.82,1.18,1.01,0.0086,0.0043,0.0211,0.0484,0
0.14,78.25,99.0,76.82,1.18,1.01,0.0505,0.0044,0.0212,0.0533,0
0.14,78.25,99.0,76.82,1.18,1.01,0.0505,0.0044,0.0245,0.0535,0
0.14,78.25,99.0,76.82,1.18,1.01,0.0505,0.0044,0.032,0.0537,0
0.14,80.5,0.0,76.84,1.18,1.01,0.0091,0.0046,0.0172,0.0491,0
0.14,80.5,0.0,76.84,1.18,1.01,0.0091,0.0046,0.0221,0.0494,0
0.14,80.5,0.0,76.84,1.18,1.01,0.0091,0.0046,0.0266,0.0497,0
0.14,80.5,0.0,76.84,1.18,1.01,0.0085,0.0042,0.0173,0.0468,0
0.14,80.5,0.0,76.84,1.18,1.01,0.0085,0.0042,0.0204,0.047,0
0.14,80.5,0.0,76.84,1.18,1.01,0.0085,0.0042,0.027,0.0471,0
0.14,80.5,0.0,76.84,1.18,1.01,0.0534,0.0046,0.025,0.0498,0
0.14,80.5,0.0,76.84,1.18,1.01,0.0534,0.0046,0.0316,0.05,0
0.14,80.5,0.0,76.84,1.18,1.01,0.0534,0.0046,0.0348,0.0502,0
0.14,80.5,0.0,76.84,1.18,1.01,0.0092,0.0046,0.0163,0.0512,0
0.14,80.5,0.0,76.84,1.18,1.01,0.0092,0.0046,0.0243,0.0513,0
0.14,80.5,0.0,76.84,1.18,1.01,0.0092,0.0046,0.0264,0.0514,0
0.14,78.0,0.0,76.84,1.18,1.01,0.0088,0.0044,0.0194,0.0498,0
0.14,78.0,0.0,76.84,1.18,1.01,0.0088,0.0044,0.0226,0.05,0
0.14,78.0,0.0,76.84,1.18,1.01,0.0088,0.0044,0.0295,0.0501,0
0.14,78.0,0.0,76.84,1.18,1.01,0.0608,0.0043,0.0223,0.0537,0
0.14,78.0,0.0,76.84,1.18,1.01,0.0608,0.0043,0.0289,0.0539,0
0.14,78.0,0.0,76.84,1.18,1.01,0.0608,0.0043,0.0397,0.054,0
0.14,78.0,0.0,76.84,1.18,1.01,0.0092,0.0046,0.0354,0.0551,0
0.14,78.0,0.0,76.84,1.18,1.01,0.0092,0.0046,0.0381,0.0554,0
0.14,78.0,0.0,76.84,1.18,1.01,0.0092,0.0046,0.0435,0.0555,0
0.14,79.0,8.0,76.82,1.18,1.01,0.0092,0.0046,0.019,0.0483,0
0.14,79.0,8.0,76.82,1.18,1.01,0.0092,0.0046,0.0236,0.0484,0
0.14,79.0,8.0,76.82,1.18,1.01,0.0092,0.0046,0.0271,0.0485,0
0.14,79.0,8.0,76.82,2.27,0.82,0.0547,0.0045,0.0182,0.0697,0
0.14,79.0,8.0,76.82,2.27,0.82,0.0547,0.0045,0.0208,0.07,0
0.14,79.0,8.0,76.82,2.27,0.82,0.0547,0.0045,0.0235,0.0702,0
0.14,79.0,8.0,76.82,2.27,0.82,0.0086,0.0043,0.0366,0.057,0
0.14,79.0,8.0,76.82,2.27,0.82,0.0086,0.0043,0.0397,0.0574,0
0.14,79.0,8.0,76.82,2.27,0.82,0.0086,0.0043,0.0473,0.0575,0
0.14,79.0,8.0,76.82,2.27,0.82,0.0087,0.0044,0.0212,0.0491,0
0.14,79.0,8.0,76.82,2.27,0.82,0.0087,0.0044,0.0258,0.0492,0
0.14,79.0,8.0,76.82,2.27,0.82,0.0087,0.0044,0.0317,0.0493,0
0.14,80.25,0.0,76.87,2.27,0.82,0.0617,0.0047,0.018,0.0556,0
0.14,80.25,0.0,76.87,2.27,0.82,0.0617,0.0047,0.0249,0.0559,0
0.14,80.25,0.0,76.87,2.27,0.82,0.0617,0.0047,0.037,0.0561,0
0.14,80.25,0.0,76.87,2.27,0.82,0.0094,0.0047,0.0196,0.051,0
0.14,80.25,0.0,76.87,2.27,0.82,0.0094,0.0047,0.034,0.0512,0
0.14,80.25,0.0,76.87,2.27,0.82,0.0094,0.0047,0.0377,0.0514,0
0.14,80.25,0.0,76.87,2.27,0.82,0.0092,0.0046,0.02,0.0506,0
0.14,80.25,0.0,76.87,2.27,0.82,0.0092,0.0046,0.0224,0.0508,0
0.14,80.25,0.0,76.87,2.27,0.82,0.0092,0.0046,0.0263,0.0509,0
0.14,80.25,0.0,76.87,2.27,0.82,0.0612,0.0044,0.0273,0.0534,0
0.14,80.25,0.0,76.87,2.27,0.82,0.0612,0.0044,0.0299,0.0536,0
0.14,80.25,0.0,76.87,2.27,0.82,0.0612,0.0044,0.0358,0.0538,0
0.14,83.25,0.0,76.84,2.27,0.82,0.009,0.0045,0.0162,0.0482,0
0.14,83.25,0.0,76.84,2.27,0.82,0.009,0.0045,0.0197,0.0484,0
0.14,83.25,0.0,76.84,2.27,0.82,0.009,0.0045,0.0256,0.0485,0
0.14,83.25,0.0,76.84,2.27,0.82,0.0095,0.0047,0.0206,0.0453,0
0.14,83.25,0.0,76.84,2.27,0.82,0.0095,0.0047,0.0231,0.0454,0
0.14,83.25,0.0,76.84,2.27,0.82,0.0095,0.0047,0.0334,0.0456,0
0.14,83.25,0.0,76.84,2.27,0.82,0.059,0.0047,0.019,0.0523,0
0.14,83.25,0.0,76.84,2.27,0.82,0.059,0.0047,0.026,0.0525,0
0.14,83.25,0.0,76.84,2.27,0.82,0.059,0.0047,0.0284,0.0526,0
0.14,75.75,0.0,76.84,2.27,0.82,0.0097,0.0049,0.0221,0.0449,0
0.14,75.75,0.0,76.84,2.27,0.82,0.0097,0.0049,0.0253,0.0451,0
0.14,75.75,0.0,76.84,2.27,0.82,0.0097,0.0049,0.0289,0.0452,0
0.13,75.75,0.0,76.84,1.44,0.84,0.0095,0.0047,0.0324,0.0494,0
0.13,75.75,0.0,76.84,1.44,0.84,0.0095,0.0047,0.0347,0.0496,0
0.13,75.75,0.0,76.84,1.44,0.84,0.0095,0.0047,0.0382,0.05,0
0.13,75.75,0.0,76.84,1.44,0.84,0.0599,0.0045,0.0204,0.1146,0
0.13,75.75,0.0,76.84,1.44,0.84,0.0599,0.0045,0.0258,0.1148,0
0.13,75.75,0.0,76.84,1.44,0.84,0.0599,0.0045,0.0296,0.115,0
0.13,75.75,0.0,76.84,1.44,0.84,0.0087,0.0044,0.0164,0.0827,0
0.13,75.75,0.0,76.84,1.44,0.84,0.0087,0.0044,0.0206,0.0829,0
0.13,75.75,0.0,76.84,1.44,0.84,0.0087,0.0044,0.0231,0.083,0
0.13,77.5,0.0,76.89,1.44,0.84,0.0078,0.0039,0.0177,0.0448,0
0.13,77.5,0.0,76.89,1.44,0.84,0.0078,0.0039,0.0209,0.045,0
0.13,77.5,0.0,76.89,1.44,0.84,0.0078,0.0039,0.0273,0.0452,0
0.13,77.5,0.0,76.89,1.44,0.84,0.0583,0.0042,0.0184,0.0484,0
0.13,77.5,0.0,76.89,1.44,0.84,0.0583,0.0042,0.0302,0.0486,0
0.13,77.5,0.0,76.89,1.44,0.84,0.0583,0.0042,0.0333,0.0487,0
0.13,77.5,0.0,76.89,1.44,0.84,0.008,0.004,0.0155,0.045,0
0.13,77.5,0.0,76.89,1.44,0.84,0.008,0.004,0.0252,0.0455,0
0.13,77.5,0.0,76.89,1.44,0.84,0.008,0.004,0.0303,0.0456,0
0.13,77.75,0.0,76.87,1.44,0.84,0.0093,0.0046,0.0152,0.0486,0
0.13,77.75,0.0,76.87,1.44,0.84,0.0093,0.0046,0.0178,0.0488,0
0.13,77.75,0.0,76.87,1.44,0.84,0.0093,0.0046,0.0208,0.0489,0
0.13,77.75,0.0,76.87,1.44,0.84,0.0515,0.0045,0.0185,0.0526,0
0.13,77.75,0.0,76.87,1.44,0.84,0.0515,0.0045,0.0234,0.0528,0
0.13,77.75,0.0,76.87,1.44,0.84,0.0515,0.0045,0.0292,0.0529,0
0.13,77.75,0.0,76.87,1.44,0.84,0.0079,0.004,0.0284,0.0483,0
0.13,77.75,0.0,76.87,1.44,0.84,0.0079,0.004,0.0309,0.0485,0
0.13,77.75,0.0,76.87,1.44,0.84,0.0079,0.004,0.0334,0.0486,0
0.14,77.75,0.0,76.87,1.04,0.81,0.0087,0.0044,0.0201,0.0488,0
0.14,77.75,0.0,76.87,1.04,0.81,0.0087,0.0044,0.0239,0.049,0
0.14,77.75,0.0,76.87,1.04,0.81,0.0087,0.0044,0.0306,0.0492,0
0.14,75.75,0.0,76.87,1.04,0.81,0.0525,0.0046,0.0194,0.0643,0
0.14,75.75,0.0,76.87,1.04,0.81,0.0525,0.0046,0.0261,0.0646,0
0.14,75.75,0.0,76.87,1.04,0.81,0.0525,0.0046,0.0298,0.0647,0
0.14,75.75,0.0,76.87,1.04,0.81,0.0082,0.0041,0.0159,0.0494,0
0.14,75.75,0.0,76.87,1.04,0.81,0.0082,0.0041,0.0183,0.0497,0
0.14,75.75,0.0,76.87,1.04,0.81,0.0082,0.0041,0.0224,0.0501,0
0.14,75.75,0.0,76.87,1.04,0.81,0.0082,0.0041,0.026,0.0481,0
0.14,75.75,0.0,76.87,1.04,0.81,0.0082,0.0041,0.0286,0.0483,0
0.14,75.75,0.0,76.87,1.04,0.81,0.0082,0.0041,0.0372,0.0484,0
0.14,79.5,0.0,76.87,1.04,0.81,0.0494,0.0044,0.0178,0.0511,0
0.14,79.5,0.0,76.87,1.04,0.81,0.0494,0.0044,0.0207,0.0513,0
0.14,79.5,0.0,76.87,1.04,0.81,0.0494,0.0044,0.024,0.0514,0
0.14,79.5,0.0,76.87,1.04,0.81,0.0092,0.0046,0.0166,0.0479,0
0.14,79.5,0.0,76.87,1.04,0.81,0.0092,0.0046,0.021,0.0481,0
0.14,79.5,0.0,76.87,1.04,0.81,0.0092,0.0046,0.0243,0.0482,0
0.14,79.5,0.0,76.87,1.04,0.81,0.0086,0.0043,0.0307,0.0479,0
0.14,79.5,0.0,76.87,1.04,0.81,0.0086,0.0043,0.0508,0.0481,1
0.14,79.5,0.0,76.87,1.04,0.81,0.0086,0.0043,0.0619,0.0483,1
0.14,79.5,0.0,76.87,1.04,0.81,0.0475,0.0048,0.0185,0.0494,0
0.14,79.5,0.0,76.87,1.04,0.81,0.0475,0.0048,0.0219,0.0497,0
0.14,79.5,0.0,76.87,1.04,0.81,0.0475,0.0048,0.0247,0.0498,0
0.14,81.25,64.0,76.87,1.04,0.81,0.0082,0.0041,0.0206,0.044,0
0.14,81.25,64.0,76.87,1.04,0.81,0.0082,0.0041,0.0297,0.0442,0
0.14,81.25,64.0,76.87,1.04,0.81,0.0082,0.0041,0.0332,0.0443,0
0.14,81.25,64.0,76.87,1.04,0.81,0.0088,0.0044,0.0167,0.0495,0
0.14,81.25,64.0,76.87,1.04,0.81,0.0088,0.0044,0.0218,0.0497,0
0.14,81.25,64.0,76.87,1.04,0.81,0.0088,0.0044,0.0283,0.0498,0
0.14,81.25,64.0,76.87,0.87,0.79,0.0531,0.0042,0.0275,0.0488,0
0.14,81.25,64.0,76.87,0.87,0.79,0.0531,0.0042,0.0307,0.0491,0
0.14,81.25,64.0,76.87,0.87,0.79,0.0531,0.0042,0.0393,0.0492,0
0.14,80.0,0.0,76.87,0.87,0.79,0.0086,0.0043,0.0155,0.0494,0
0.14,80.0,0.0,76.87,0.87,0.79,0.0086,0.0043,0.0182,0.0496,0
0.14,80.0,0.0,76.87,0.87,0.79,0.0086,0.0043,0.0326,0.0497,0
0.14,80.0,0.0,76.87,0.87,0.79,0.0081,0.0041,0.0182,0.0489,0
0.14,80.0,0.0,76.87,0.87,0.79,0.0081,0.0041,0.0205,0.0491,0
0.14,80.0,0.0,76.87,0.87,0.79,0.0081,0.0041,0.0229,0.0493,0
0.14,80.0,0.0,76.87,0.87,0.79,0.0469,0.0046,0.029,0.0496,0
0.14,80.0,0.0,76.87,0.87,0.79,0.0469,0.0046,0.0316,0.0498,0
0.14,80.0,0.0,76.87,0.87,0.79,0.0469,0.0046,0.0385,0.05,0
0.14,80.0,0.0,76.87,0.87,0.79,0.0087,0.0044,0.0173,0.0457,0
0.14,80.0,0.0,76.87,0.87,0.79,0.0087,0.0044,0.0203,0.0459,0
0.14,80.0,0.0,76.87,0.87,0.79,0.0087,0.0044,0.0232,0.0462,0
0.14,76.0,0.0,76.87,0.87,0.79,0.0086,0.0043,0.0199,0.0432,0
0.14,76.0,0.0,76.87,0.87,0.79,0.0086,0.0043,0.0223,0.0434,0
0.14,76.0,0.0,76.87,0.87,0.79,0.0086,0.0043,0.0253,0.0436,0
0.14,76.0,0.0,76.87,0.87,0.79,0.0555,0.0042,0.0485,0.0484,1
0.14,76.0,0.0,76.87,0.87,0.79,0.0555,0.0042,0.0508,0.0486,1
0.14,76.0,0.0,76.87,0.87,0.79,0.0555,0.0042,0.0539,0.0487,1
0.14,76.0,0.0,76.87,0.87,0.79,0.0088,0.0044,0.0182,0.0455,0
0.14,76.0,0.0,76.87,0.87,0.79,0.0088,0.0044,0.0362,0.0457,0
0.14,76.0,0.0,76.87,0.87,0.79,0.0088,0.0044,0.0462,0.0458,1
0.14,79.5,0.0,76.89,0.87,0.79,0.0087,0.0044,0.0208,0.0529,0
0.14,79.5,0.0,76.89,0.87,0.79,0.0087,0.0044,0.0268,0.0531,0
0.14,79.5,0.0,76.89,0.87,0.79,0.0087,0.0044,0.0412,0.0533,0
0.14,79.5,0.0,76.89,0.87,0.79,0.0595,0.0047,0.0303,0.0493,0
0.14,79.5,0.0,76.89,0.87,0.79,0.0595,0.0047,0.0401,0.0495,0
0.14,79.5,0.0,76.89,0.87,0.79,0.0595,0.0047,0.0429,0.0496,0
0.14,79.5,0.0,76.89,0.87,0.79,0.0093,0.0047,0.0291,0.0476,0
0.14,79.5,0.0,76.89,0.87,0.79,0.0093,0.0047,0.0318,0.0478,0
0.14,79.5,0.0,76.89,0.87,0.79,0.0093,0.0047,0.0363,0.048,0
0.14,79.5,0.0,76.89,2.88,0.93,0.0089,0.0045,0.0177,0.0499,0
0.14,79.5,0.0,76.89,2.88,0.93,0.0089,0.0045,0.0261,0.0501,0
0.14,79.5,0.0,76.89,2.88,0.93,0.0089,0.0045,0.0285,0.0503,0
0.14,79.25,0.0,76.87,2.88,0.93,0.0627,0.0042,0.0293,0.0637,0
0.14,79.25,0.0,76.87,2.88,0.93,0.0627,0.0042,0.036,0.0639,0
0.14,79.25,0.0,76.87,2.88,0.93,0.0627,0.0042,0.0394,0.0641,0
0.14,79.25,0.0,76.87,2.88,0.93,0.0081,0.0041,0.0152,0.0565,0
0.14,79.25,0.0,76.87,2.88,0.93,0.0081,0.0041,0.0173,0.0567,0
0.14,79.25,0.0,76.87,2.88,0.93,0.0081,0.0041,0.0227,0.0568,0
0.14,79.25,0.0,76.87,2.88,0.93,0.0082,0.0041,0.024,0.044,0
0.14,79.25,0.0,76.87,2.88,0.93,0.0082,0.0041,0.0288,0.0443,0
0.14,79.25,0.0,76.87,2.88,0.93,0.0082,0.0041,0.0329,0.0445,0
0.14,79.25,0.0,76.87,2.88,0.93,0.0569,0.0042,0.0185,0.0498,0
0.14,79.25,0.0,76.87,2.88,0.93,0.0569,0.0042,0.0426,0.0504,0
0.14,79.25,0.0,76.87,2.88,0.93,0.0569,0.0042,0.0483,0.0505,0
0.14,76.25,99.0,76.87,2.88,0.93,0.0091,0.0045,0.0175,0.0468,0
0.14,76.25,99.0,76.87,2.88,0.93,0.0091,0.0045,0.0211,0.047,0
0.14,76.25,99.0,76.87,2.88,0.93,0.0091,0.0045,0.0249,0.0472,0
0.14,76.25,99.0,76.87,2.88,0.93,0.009,0.0045,0.0181,0.0502,0
0.14,76.25,99.0,76.87,2.88,0.93,0.009,0.0045,0.0212,0.0504,0
0.14,76.25,99.0,76.87,2.88,0.93,0.009,0.0045,0.0237,0.0505,0
0.14,76.25,99.0,76.87,2.88,0.93,0.0522,0.0046,0.0259,0.0498,0
0.14,76.25,99.0,76.87,2.88,0.93,0.0522,0.0046,0.033,0.05,0
0.14,76.25,99.0,76.87,2.88,0.93,0.0522,0.0046,0.0367,0.0502,0
0.14,80.5,94.0,76.87,2.88,0.93,0.0084,0.0042,0.0169,0.0487,0
0.14,80.5,94.0,76.87,2.88,0.93,0.0084,0.0042,0.0269,0.0489,0
0.14,80.5,94.0,76.87,2.88,0.93,0.0084,0.0042,0.03,0.0491,0
0.13,80.5,94.0,76.87,1.88,0.99,0.0084,0.0042,0.0339,0.0492,0
0.13,80.5,94.0,76.87,1.88,0.99,0.0084,0.0042,0.0393,0.0494,0
0.13,80.5,94.0,76.87,1.88,0.99,0.0084,0.0042,0.0432,0.0496,0
0.13,80.5,94.0,76.87,1.88,0.99,0.0577,0.0045,0.0194,0.0457,0
0.13,80.5,94.0,76.87,1.88,0.99,0.0577,0.0045,0.0279,0.0459,0
0.13,80.5,94.0,76.87,1.88,0.99,0.0577,0.0045,0.0304,0.046,0
0.13,80.5,94.0,76.87,1.88,0.99,0.0088,0.0044,0.0169,0.0492,0
0.13,80.5,94.0,76.87,1.88,0.99,0.0088,0.0044,0.0197,0.0494,0
0.13,80.5,94.0,76.87,1.88,0.99,0.0088,0.0044,0.034,0.0495,0
0.13,75.5,0.0,76.87,1.88,0.99,0.0094,0.0047,0.0165,0.0456,0
0.13,75.5,0.0,76.87,1.88,0.99,0.0094,0.0047,0.0256,0.0458,0
0.13,75.5,0.0,76.87,1.88,0.99,0.0094,0.0047,0.0329,0.0459,0
0.13,75.5,0.0,76.87,1.88,0.99,0.0447,0.0047,0.0264,0.0566,0
0.13,75.5,0.0,76.87,1.88,0.99,0.0447,0.0047,0.0297,0.0567,0
0.13,75.5,0.0,76.87,1.88,0.99,0.0447,0.0047,0.0339,0.057,0
0.13,75.5,0.0,76.87,1.88,0.99,0.0089,0.0044,0.0143,0.0462,0
0.13,75.5,0.0,76.87,1.88,0.99,0.0089,0.0044,0.0197,0.0463,0
0.13,75.5,0.0,76.87,1.88,0.99,0.0089,0.0044,0.0227,0.0482,0
0.13,76.0,0.0,76.89,1.88,0.99,0.0094,0.0047,0.0164,0.0488,0
0.13,76.0,0.0,76.89,1.88,0.99,0.0094,0.0047,0.0194,0.049,0
0.13,76.0,0.0,76.89,1.88,0.99,0.0094,0.0047,0.0289,0.0492,0
0.13,76.0,0.0,76.89,1.88,0.99,0.0567,0.0047,0.0252,0.0541,0
0.13,76.0,0.0,76.89,1.88,0.99,0.0567,0.0047,0.0276,0.0543,0
0.13,76.0,0.0,76.89,1.88,0.99,0.0567,0.0047,0.0304,0.0544,0
0.13,76.0,0.0,76.89,1.88,0.99,0.0091,0.0046,0.0247,0.0493,0
0.13,76.0,0.0,76.89,1.88,0.99,0.0091,0.0046,0.0276,0.0495,0
0.13,76.0,0.0,76.89,1.88,0.99,0.0091,0.0046,0.0318,0.0497,0
0.13,76.0,0.0,76.89,1.88,0.99,0.0095,0.0048,0.0189,0.0482,0
0.13,76.0,0.0,76.89,1.88,0.99,0.0095,0.0048,0.0282,0.0484,0
0.13,76.0,0.0,76.89,1.88,0.99,0.0095,0.0048,0.0431,0.0485,0
0.13,80.75,99.0,76.87,1.88,0.99,0.0482,0.0049,0.0348,0.0505,0
0.14,80.75,99.0,76.87,1.42,0.96,0.0482,0.0049,0.047,0.0507,0
0.14,80.75,99.0,76.87,1.42,0.96,0.0482,0.0049,0.0551,0.0508,1
0.14,80.75,99.0,76.87,1.42,0.96,0.0085,0.0042,0.0149,0.0491,0
0.14,80.75,99.0,76.87,1.42,0.96,0.0085,0.0042,0.0215,0.0497,0
0.14,80.75,99.0,76.87,1.42,0.96,0.0085,0.0042,0.0236,0.0509,0
0.14,80.75,99.0,76.87,1.42,0.96,0.0089,0.0044,0.0582,0.0442,1
0.14,80.75,99.0,76.87,1.42,0.96,0.0089,0.0044,0.0611,0.0444,1
0.14,80.75,99.0,76.87,1.42,0.96,0.0089,0.0044,0.0649,0.0446,1
0.14,81.5,4.0,76.89,1.42,0.96,0.0499,0.0048,0.017,0.1309,0
0.14,81.5,4.0,76.89,1.42,0.96,0.0499,0.0048,0.0196,0.1312,0
0.14,81.5,4.0,76.89,1.42,0.96,0.0499,0.0048,0.024,0.1314,0
0.14,81.5,4.0,76.89,1.42,0.96,0.0082,0.0041,0.0268,0.093,0
0.14,81.5,4.0,76.89,1.42,0.96,0.0082,0.0041,0.0311,0.0932,0
0.14,81.5,4.0,76.89,1.42,0.96,0.0082,0.0041,0.0412,0.0934,0
0.14,81.5,4.0,76.89,1.42,0.96,0.0096,0.0048,0.0196,0.0454,0
0.14,81.5,4.0,76.89,1.42,0.96,0.0096,0.0048,0.0308,0.0457,0
0.14,81.5,4.0,76.89,1.42,0.96,0.0096,0.0048,0.0369,0.0459,0
0.14,81.5,4.0,76.89,1.42,0.96,0.0496,0.0046,0.0189,0.0487,0
0.14,81.5,4.0,76.89,1.42,0.96,0.0496,0.0046,0.0218,0.0489,0
0.14,81.5,4.0,76.89,1.42,0.96,0.0496,0.0046,0.0262,0.049,0
0.14,76.0,0.0,76.89,1.42,0.96,0.0087,0.0044,0.0224,0.0444,0
0.14,76.0,0.0,76.89,1.42,0.96,0.0087,0.0044,0.0273,0.0446,0
0.14,76.0,0.0,76.89,1.42,0.96,0.0087,0.0044,0.0348,0.0447,0
0.14,76.0,0.0,76.89,1.42,0.96,0.0086,0.0043,0.0295,0.0496,0
0.14,76.0,0.0,76.89,1.42,0.96,0.0086,0.0043,0.0361,0.0498,0
0.14,76.0,0.0,76.89,1.42,0.96,0.0086,0.0043,0.0384,0.0499,0
0.14,76.0,0.0,76.89,1.42,0.96,0.0493,0.0042,0.0294,0.0522,0
0.14,76.0,0.0,76.89,1.42,0.96,0.0493,0.0042,0.034,0.0524,0
0.14,76.0,0.0,76.89,1.42,0.96,0.0493,0.0042,0.0384,0.0525,0
0.14,83.5,0.0,76.87,1.42,0.96,0.0086,0.0043,0.0198,0.0494,0
0.14,83.5,0.0,76.87,1.42,0.96,0.0086,0.0043,0.0228,0.0496,0
0.14,83.5,0.0,76.87,1.42,0.96,0.0086,0.0043,0.0262,0.0498,0
0.14,83.5,0.0,76.87,1.02,0.93,0.0084,0.0042,0.0166,0.0492,0
0.14,83.5,0.0,76.87,1.02,0.93,0.0084,0.0042,0.0231,0.0494,0
0.14,83.5,0.0,76.87,1.02,0.93,0.0084,0.0042,0.0433,0.0496,0
0.14,83.5,0.0,76.87,1.02,0.93,0.0578,0.0045,0.0225,0.0532,0
0.14,83.5,0.0,76.87,1.02,0.93,0.0578,0.0045,0.0282,0.0533,0
0.14,83.5,0.0,76.87,1.02,0.93,0.0578,0.0045,0.0368,0.0535,0
0.14,83.5,0.0,76.87,1.02,0.93,0.0086,0.0043,0.0168,0.0489,0
0.14,83.5,0.0,76.87,1.02,0.93,0.0086,0.0043,0.0205,0.0492,0
0.14,83.5,0.0,76.87,1.02,0.93,0.0086,0.0043,0.0371,0.0493,0
0.14,76.25,0.0,76.89,1.02,0.93,0.0091,0.0046,0.0241,0.0492,0
0.14,76.25,0.0,76.89,1.02,0.93,0.0091,0.0046,0.0266,0.0495,0
0.14,76.25,0.0,76.89,1.02,0.93,0.0091,0.0046,0.029,0.0496,0
0.14,76.25,0.0,76.89,1.02,0.93,0.071,0.0048,0.0209,0.0525,0
0.14,76.25,0.0,76.89,1.02,0.93,0.071,0.0048,0.0234,0.0527,0
0.14,76.25,0.0,76.89,1.02,0.93,0.071,0.0048,0.0299,0.0528,0
0.14,76.25,0.0,76.89,1.02,0.93,0.0097,0.0048,0.0167,0.0468,0
0.14,76.25,0.0,76.89,1.02,0.93,0.0097,0.0048,0.0248,0.047,0
0.14,76.25,0.0,76.89,1.02,0.93,0.0097,0.0048,0.0292,0.0471,0
0.14,74.75,0.0,76.89,1.02,0.93,0.0084,0.0042,0.016,0.0446,0
0.14,74.75,0.0,76.89,1.02,0.93,0.0084,0.0042,0.0226,0.0449,0
0.14,74.75,0.0,76.89,1.02,0.93,0.0084,0.0042,0.0428,0.0477,0
0.14,74.75,0.0,76.89,1.02,0.93,0.0603,0.0047,0.0214,0.0494,0
0.14,74.75,0.0,76.89,1.02,0.93,0.0603,0.0047,0.0414,0.0496,0
0.14,74.75,0.0,76.89,1.02,0.93,0.0603,0.0047,0.053,0.0498,1
0.14,74.75,0.0,76.89,1.02,0.93,0.0092,0.0046,0.016,0.0443,0
0.14,74.75,0.0,76.89,1.02,0.93,0.0092,0.0046,0.0185,0.0446,0
0.14,74.75,0.0,76.89,1.02,0.93,0.0092,0.0046,0.0249,0.0447,0
0.14,74.75,0.0,76.89,1.02,0.93,0.009,0.0045,0.0186,0.0487,0
0.14,74.75,0.0,76.89,1.02,0.93,0.009,0.0045,0.0216,0.0489,0
0.14,74.75,0.0,76.89,1.02,0.93,0.009,0.0045,0.0246,0.0491,0
0.14,74.5,0.0,76.92,1.1,0.78,0.058,0.0043,0.0383,0.0483,0
0.14,74.5,0.0,76.92,1.1,0.78,0.058,0.0043,0.0422,0.0485,0
0.14,74.5,0.0,76.92,1.1,0.78,0.058,0.0043,0.0468,0.0486,0
0.14,74.5,0.0,76.92,1.1,0.78,0.0088,0.0044,0.0229,0.0484,0
0.14,74.5,0.0,76.92,1.1,0.78,0.0088,0.0044,0.0264,0.0486,0
0.14,74.5,0.0,76.92,1.1,0.78,0.0088,0.0044,0.0302,0.0487,0
0.14,74.5,0.0,76.92,1.1,0.78,0.0089,0.0044,0.0174,0.0462,0
0.14,74.5,0.0,76.92,1.1,0.78,0.0089,0.0044,0.0275,0.0464,0
0.14,74.5,0.0,76.92,1.1,0.78,0.0089,0.0044,0.0322,0.0465,0
0.14,75.75,0.0,76.89,1.1,0.78,0.0561,0.0043,0.0289,0.0704,0
0.14,75.75,0.0,76.89,1.1,0.78,0.0561,0.0043,0.0319,0.0707,0
0.14,75.75,0.0,76.89,1.1,0.78,0.0561,0.0043,0.0345,0.0708,0
0.14,75.75,0.0,76.89,1.1,0.78,0.0096,0.0048,0.0279,0.0447,0
0.14,75.75,0.0,76.89,1.1,0.78,0.0096,0.0048,0.0394,0.045,0
0.14,75.75,0.0,76.89,1.1,0.78,0.0096,0.0048,0.047,0.0452,1
0.14,75.75,0.0,76.89,1.1,0.78,0.0096,0.0048,0.0194,0.0468,0
0.14,75.75,0.0,76.89,1.1,0.78,0.0096,0.0048,0.0276,0.0469,0
0.14,75.75,0.0,76.89,1.1,0.78,0.0096,0.0048,0.0395,0.0471,0
0.14,75.75,0.0,76.89,1.1,0.78,0.0615,0.0045,0.0347,0.0478,0
0.14,75.75,0.0,76.89,1.1,0.78,0.0615,0.0045,0.0371,0.048,0
0.14,75.75,0.0,76.89,1.1,0.78,0.0615,0.0045,0.0515,0.0482,1
0.14,87.5,0.0,77.04,1.1,0.78,0.0084,0.0042,0.0368,0.0481,0
0.14,87.5,0.0,77.04,1.1,0.78,0.0084,0.0042,0.0457,0.0483,0
0.14,87.5,0.0,77.04,1.1,0.78,0.0084,0.0042,0.0484,0.0484,1
0.14,87.5,0.0,77.04,1.1,0.78,0.0088,0.0044,0.0285,0.0495,0
0.14,87.5,0.0,77.04,1.1,0.78,0.0088,0.0044,0.0424,0.0497,0
0.14,87.5,0.0,77.04,1.1,0.78,0.0088,0.0044,0.0481,0.0498,0
0.14,87.5,0.0,77.04,1.1,0.78,0.0589,0.0043,0.0253,0.049,0
0.14,87.5,0.0,77.04,1.1,0.78,0.0589,0.0043,0.0293,0.0492,0
0.13,87.5,0.0,77.04,1.78,0.65,0.0589,0.0043,0.0379,0.0495,0
0.13,97.75,0.0,77.07,1.78,0.65,0.009,0.0045,0.02,0.0487,0
0.13,97.75,0.0,77.07,1.78,0.65,0.009,0.0045,0.0224,0.0489,0
0.13,97.75,0.0,77.07,1.78,0.65,0.009,0.0045,0.0262,0.0492,0
0.13,97.75,0.0,77.07,1.78,0.65,0.0095,0.0047,0.0348,0.0466,0
0.13,97.75,0.0,77.07,1.78,0.65,0.0095,0.0047,0.0402,0.0468,0
0.13,97.75,0.0,77.07,1.78,0.65,0.0095,0.0047,0.0441,0.0469,0
0.13,97.75,0.0,77.07,1.78,0.65,0.0522,0.0044,0.0357,0.0512,0
0.13,97.75,0.0,77.07,1.78,0.65,0.0522,0.0044,0.0381,0.0515,0
0.13,97.75,0.0,77.07,1.78,0.65,0.0522,0.0044,0.0403,0.0516,0
0.13,97.75,0.0,77.07,1.78,0.65,0.0083,0.0042,0.0404,0.0463,0
0.13,97.75,0.0,77.07,1.78,0.65,0.0083,0.0042,0.0703,0.0465,1
0.13,97.75,0.0,77.07,1.78,0.65,0.0083,0.0042,0.079,0.0467,1
0.13,94.75,99.0,77.12,1.78,0.65,0.0081,0.004,0.0218,0.0462,0
0.13,94.75,99.0,77.12,1.78,0.65,0.0081,0.004,0.0287,0.0464,0
0.13,94.75,99.0,77.12,1.78,0.65,0.0081,0.004,0.0335,0.0465,0
0.13,94.75,99.0,77.12,1.78,0.65,0.0515,0.0043,0.0262,0.048,0
0.13,94.75,99.0,77.12,1.78,0.65,0.0515,0.0043,0.0293,0.0482,0
0.13,94.75,99.0,77.12,1.78,0.65,0.0515,0.0043,0.0344,0.0483,0
0.13,94.75,99.0,77.12,1.78,0.65,0.0087,0.0044,0.0299,0.0463,0
0.13,94.75,99.0,77.12,1.78,0.65,0.0087,0.0044,0.0561,0.0465,1
0.13,94.75,99.0,77.12,1.78,0.65,0.0087,0.0044,0.0618,0.0466,1
0.13,94.75,99.0,77.12,1.78,0.65,0.0087,0.0044,0.0442,0.0465,0
0.13,94.75,99.0,77.12,1.78,0.65,0.0087,0.0044,0.0571,0.0467,1
0.13,94.75,99.0,77.12,1.78,0.65,0.0087,0.0044,0.0754,0.0468,1
0.13,92.5,0.0,78.05,1.78,0.65,0.0511,0.0045,0.0464,0.0533,0
0.13,92.5,0.0,78.05,1.78,0.65,0.0511,0.0045,0.051,0.0535,0
0.13,92.5,0.0,78.05,1.78,0.65,0.0511,0.0045,0.0563,0.0538,1
0.13,92.5,0.0,78.05,1.78,0.65,0.0092,0.0046,0.0345,0.0484,0
0.13,92.5,0.0,78.05,1.78,0.65,0.0092,0.0046,0.0501,0.0486,1
0.13,92.5,0.0,78.05,1.78,0.65,0.0092,0.0046,0.0535,0.0488,1
0.11,92.5,0.0,78.05,1.34,0.69,0.0092,0.0046,0.0507,0.0478,1
0.11,92.5,0.0,78.05,1.34,0.69,0.0092,0.0046,0.0579,0.048,1
0.11,92.5,0.0,78.05,1.34,0.69,0.0092,0.0046,0.0637,0.0481,1
0.11,92.5,0.0,78.05,1.34,0.69,0.0589,0.0044,0.0804,0.0523,1
0.11,92.5,0.0,78.05,1.34,0.69,0.0589,0.0044,0.083,0.0525,1
0.11,92.5,0.0,78.05,1.34,0.69,0.0589,0.0044,0.1001,0.0528,1
0.11,92.5,31.0,78.2,1.34,0.69,0.0088,0.0044,0.0613,0.046,1
0.11,92.5,31.0,78.2,1.34,0.69,0.0088,0.0044,0.0786,0.0462,1
0.11,92.5,31.0,78.2,1.34,0.69,0.0088,0.0044,0.0914,0.0463,1
0.11,92.5,31.0,78.2,1.34,0.69,0.009,0.0045,0.0906,0.0456,1
0.11,92.5,31.0,78.2,1.34,0.69,0.009,0.0045,0.1053,0.0458,1
0.11,92.5,31.0,78.2,1.34,0.69,0.009,0.0045,0.109,0.0459,1
0.11,92.5,31.0,78.2,1.34,0.69,0.062,0.0045,0.0542,0.0687,0
0.11,92.5,31.0,78.2,1.34,0.69,0.062,0.0045,0.0569,0.0689,0
0.11,92.5,31.0,78.2,1.34,0.69,0.062,0.0045,0.0674,0.069,0
0.11,98.5,0.0,78.28,1.34,0.69,0.0081,0.004,0.0261,0.0463,0
0.11,98.5,0.0,78.28,1.34,0.69,0.0081,0.004,0.0367,0.0465,0
0.11,98.5,0.0,78.28,1.34,0.69,0.0081,0.004,0.0466,0.0466,1
0.11,98.5,0.0,78.28,1.34,0.69,0.0085,0.0042,0.0405,0.0474,0
0.11,98.5,0.0,78.28,1.34,0.69,0.0085,0.0042,0.0448,0.0476,0
0.11,98.5,0.0,78.28,1.34,0.69,0.0085,0.0042,0.0579,0.0477,1
0.11,98.5,0.0,78.28,1.34,0.69,0.0528,0.0042,0.0325,0.0514,0
0.11,98.5,0.0,78.28,1.34,0.69,0.0528,0.0042,0.0391,0.0516,0
0.11,98.5,0.0,78.28,1.34,0.69,0.0528,0.0042,0.047,0.0517,0
0.11,98.5,0.0,78.28,1.34,0.69,0.009,0.0045,0.0215,0.0491,0
0.11,98.5,0.0,78.28,1.34,0.69,0.009,0.0045,0.0258,0.0493,0
0.11,98.5,0.0,78.28,1.34,0.69,0.009,0.0045,0.0316,0.0495,0
0.11,93.0,0.0,78.38,1.34,0.69,0.0092,0.0046,0.0441,0.0509,0
0.11,93.0,0.0,78.38,1.34,0.69,0.0092,0.0046,0.0655,0.0511,1
0.11,93.0,0.0,78.38,1.34,0.69,0.0092,0.0046,0.0677,0.0512,1
0.11,93.0,0.0,78.38,2.68,0.71,0.0602,0.0042,0.0537,0.0539,0
0.11,93.0,0.0,78.38,2.68,0.71,0.0602,0.0042,0.057,0.054,1
0.11,93.0,0.0,78.38,2.68,0.71,0.0602,0.0042,0.0595,0.0541,1
0.11,93.0,0.0,78.38,2.68,0.71,0.0093,0.0046,0.0342,0.049,0
0.11,93.0,0.0,78.38,2.68,0.71,0.0093,0.0046,0.039,0.0491,0
0.11,93.0,0.0,78.38,2.68,0.71,0.0093,0.0046,0.0439,0.0493,0
0.11,92.5,43.0,78.46,2.68,0.71,0.009,0.0045,0.1534,0.0523,1
0.11,92.5,43.0,78.46,2.68,0.71,0.009,0.0045,0.1696,0.0526,1
0.11,92.5,43.0,78.46,2.68,0.71,0.009,0.0045,0.1743,0.0528,1
0.11,92.5,43.0,78.46,2.68,0.71,0.0592,0.0048,0.1167,0.0908,1
0.11,92.5,43.0,78.46,2.68,0.71,0.0592,0.0048,0.1202,0.0909,1
0.11,92.5,43.0,78.46,2.68,0.71,0.0592,0.0048,0.1228,0.091,1
0.11,92.5,43.0,78.46,2.68,0.71,0.0091,0.0045,0.0389,0.0512,0
0.11,92.5,43.0,78.46,2.68,0.71,0.0091,0.0045,0.0439,0.0514,0
0.11,92.5,43.0,78.46,2.68,0.71,0.0091,0.0045,0.0484,0.0515,0
0.11,93.5,0.0,77.12,2.68,0.71,0.0092,0.0046,0.0262,0.0446,0
0.11,93.5,0.0,77.12,2.68,0.71,0.0092,0.0046,0.0346,0.0448,0
0.11,93.5,0.0,77.12,2.68,0.71,0.0092,0.0046,0.037,0.045,0
0.11,93.5,0.0,77.12,2.68,0.71,0.0577,0.0043,0.0218,0.0546,0
0.11,93.5,0.0,77.12,2.68,0.71,0.0577,0.0043,0.0247,0.0549,0
0.11,93.5,0.0,77.12,2.68,0.71,0.0577,0.0043,0.036,0.055,0
0.11,93.5,0.0,77.12,2.68,0.71,0.0084,0.0042,0.0174,0.0532,0
0.11,93.5,0.0,77.12,2.68,0.71,0.0084,0.0042,0.0194,0.0534,0
0.11,93.5,0.0,77.12,2.68,0.71,0.0084,0.0042,0.0279,0.0536,0
0.11,93.5,0.0,77.12,2.68,0.71,0.0092,0.0046,0.0225,0.049,0
0.11,93.5,0.0,77.12,2.68,0.71,0.0092,0.0046,0.0258,0.0492,0
0.11,93.5,0.0,77.12,2.68,0.71,0.0092,0.0046,0.0344,0.0494,0
0.11,77.75,0.0,77.02,2.68,0.71,0.0528,0.0041,0.0182,0.0514,0
0.11,77.75,0.0,77.02,2.68,0.71,0.0528,0.0041,0.0231,0.0515,0
0.11,77.75,0.0,77.02,2.68,0.71,0.0528,0.0041,0.0256,0.0516,0
0.12,77.75,0.0,77.02,9.38,1.24,0.0079,0.004,0.0209,0.0453,0
0.12,77.75,0.0,77.02,9.38,1.24,0.0079,0.004,0.029,0.0456,0
0.12,77.75,0.0,77.02,9.38,1.24,0.0079,0.004,0.034,0.0457,0
0.12,77.75,0.0,77.02,9.38,1.24,0.0079,0.0039,0.0341,0.0496,0
0.12,77.75,0.0,77.02,9.38,1.24,0.0079,0.0039,0.0377,0.0498,0
0.12,77.75,0.0,77.02,9.38,1.24,0.0079,0.0039,0.0403,0.0499,0
0.12,76.75,0.0,77.09,9.38,1.24,0.0539,0.0043,0.0214,0.0496,0
0.12,76.75,0.0,77.09,9.38,1.24,0.0539,0.0043,0.0238,0.0498,0
0.12,76.75,0.0,77.09,9.38,1.24,0.0539,0.0043,0.0263,0.0499,0
0.12,76.75,0.0,77.09,9.38,1.24,0.0091,0.0046,0.0179,0.0496,0
0.12,76.75,0.0,77.09,9.38,1.24,0.0091,0.0046,0.0233,0.0498,0
0.12,76.75,0.0,77.09,9.38,1.24,0.0091,0.0046,0.029,0.0499,0
0.12,76.75,0.0,77.09,9.38,1.24,0.0088,0.0044,0.0232,0.0773,0
0.12,76.75,0.0,77.09,9.38,1.24,0.0088,0.0044,0.0267,0.0778,0
0.12,76.75,0.0,77.09,9.38,1.24,0.0088,0.0044,0.0321,0.078,0
0.12,76.75,0.0,77.09,9.38,1.24,0.0595,0.0045,0.0174,0.0487,0
0.12,76.75,0.0,77.09,9.38,1.24,0.0595,0.0045,0.0199,0.0489,0
0.12,76.75,0.0,77.09,9.38,1.24,0.0595,0.0045,0.0235,0.049,0
0.12,78.5,0.0,77.09,9.38,1.24,0.0094,0.0047,0.0175,0.049,0
0.12,78.5,0.0,77.09,9.38,1.24,0.0094,0.0047,0.0206,0.0492,0
0.12,78.5,0.0,77.09,9.38,1.24,0.0094,0.0047,0.0237,0.0493,0
0.12,78.5,0.0,77.09,9.38,1.24,0.0089,0.0044,0.0148,0.05,0
0.12,78.5,0.0,77.09,9.38,1.24,0.0089,0.0044,0.0174,0.0503,0
0.12,78.5,0.0,77.09,9.38,1.24,0.0089,0.0044,0.0196,0.0504,0
0.12,78.5,0.0,77.09,9.38,1.24,0.063,0.0044,0.0216,0.049,0
0.12,78.5,0.0,77.09,9.38,1.24,0.063,0.0044,0.0315,0.0492,0
0.12,78.5,0.0,77.09,9.38,1.24,0.063,0.0044,0.045,0.0494,0
0.12,76.0,44.0,77.07,9.38,1.24,0.0092,0.0046,0.0193,0.0473,0
0.12,76.0,44.0,77.07,9.38,1.24,0.0092,0.0046,0.0296,0.0475,0
0.12,76.0,44.0,77.07,9.38,1.24,0.0092,0.0046,0.0383,0.0476,0
0.14,76.0,44.0,77.07,1.56,1.92,0.0086,0.0043,0.0201,0.0553,0
0.14,76.0,44.0,77.07,1.56,1.92,0.0086,0.0043,0.0277,0.0554,0
0.14,76.0,44.0,77.07,1.56,1.92,0.0086,0.0043,0.0422,0.0556,0
0.14,76.0,44.0,77.07,1.56,1.92,0.0563,0.0042,0.0224,0.048,0
0.14,76.0,44.0,77.07,1.56,1.92,0.0563,0.0042,0.0259,0.0482,0
0.14,76.0,44.0,77.07,1.56,1.92,0.0563,0.0042,0.0297,0.0483,0
0.14,76.0,44.0,77.07,1.56,1.92,0.0096,0.0048,0.0208,0.0487,0
0.14,76.0,44.0,77.07,1.56,1.92,0.0096,0.0048,0.0259,0.0489,0
0.14,76.0,44.0,77.07,1.56,1.92,0.0096,0.0048,0.0298,0.049,0
0.14,78.75,0.0,77.04,1.56,1.92,0.0097,0.0048,0.0196,0.0484,0
0.14,78.75,0.0,77.04,1.56,1.92,0.0097,0.0048,0.0218,0.0485,0
0.14,78.75,0.0,77.04,1.56,1.92,0.0097,0.0048,0.0265,0.0486,0
0.14,78.75,0.0,77.04,1.56,1.92,0.0542,0.0045,0.0328,0.0489,0
0.14,78.75,0.0,77.04,1.56,1.92,0.0542,0.0045,0.0372,0.0491,0
0.14,78.75,0.0,77.04,1.56,1.92,0.0542,0.0045,0.0421,0.0493,0
0.14,78.75,0.0,77.04,1.56,1.92,0.0092,0.0046,0.0345,0.048,0
0.14,78.75,0.0,77.04,1.56,1.92,0.0092,0.0046,0.0399,0.0482,0
0.14,78.75,0.0,77.04,1.56,1.92,0.0092,0.0046,0.0443,0.0483,0
0.14,76.75,0.0,77.07,1.56,1.92,0.0099,0.0049,0.0174,0.0438,0
0.14,76.75,0.0,77.07,1.56,1.92,0.0099,0.0049,0.0232,0.044,0
0.14,76.75,0.0,77.07,1.56,1.92,0.0099,0.0049,0.0291,0.0441,0
0.14,76.75,0.0,77.07,1.56,1.92,0.0545,0.0045,0.0207,0.05,0
0.14,76.75,0.0,77.07,1.56,1.92,0.0545,0.0045,0.0229,0.0501,0
0.14,76.75,0.0,77.07,1.56,1.92,0.0545,0.0045,0.0257,0.0503,0
0.14,76.75,0.0,77.07,1.56,1.92,0.0085,0.0043,0.0229,0.0493,0
0.14,76.75,0.0,77.07,1.56,1.92,0.0085,0.0043,0.033,0.0495,0
0.14,76.75,0.0,77.07,1.56,1.92,0.0085,0.0043,0.0418,0.0496,0
0.14,76.75,0.0,77.07,1.56,1.92,0.0081,0.0041,0.0158,0.0455,0
0.14,76.75,0.0,77.07,1.56,1.92,0.0081,0.0041,0.0185,0.0458,0
0.13,76.75,0.0,77.07,1.94,1.94,0.0081,0.0041,0.0411,0.0459,0
0.13,80.25,70.0,77.12,1.94,1.94,0.0583,0.0047,0.0284,0.0496,0
0.13,80.25,70.0,77.12,1.94,1.94,0.0583,0.0047,0.0326,0.0498,0
0.13,80.25,70.0,77.12,1.94,1.94,0.0583,0.0047,0.0376,0.0499,0
0.13,80.25,70.0,77.12,1.94,1.94,0.0095,0.0048,0.0413,0.0483,0
0.13,80.25,70.0,77.12,1.94,1.94,0.0095,0.0048,0.0463,0.0485,0
0.13,80.25,70.0,77.12,1.94,1.94,0.0095,0.0048,0.0504,0.0486,1
0.13,80.25,70.0,77.12,1.94,1.94,0.0093,0.0046,0.0152,0.0481,0
0.13,80.25,70.0,77.12,1.94,1.94,0.0093,0.0046,0.0184,0.0483,0
0.13,80.25,70.0,77.12,1.94,1.94,0.0093,0.0046,0.0211,0.0484,0
0.13,76.0,99.0,77.09,1.94,1.94,0.0659,0.0041,0.0187,0.0515,0
0.13,76.0,99.0,77.09,1.94,1.94,0.0659,0.0041,0.0211,0.0517,0
0.13,76.0,99.0,77.09,1.94,1.94,0.0659,0.0041,0.0258,0.0518,0
0.13,76.0,99.0,77.09,1.94,1.94,0.0087,0.0043,0.0182,0.06,0
0.13,76.0,99.0,77.09,1.94,1.94,0.0087,0.0043,0.0216,0.0602,0
0.13,76.0,99.0,77.09,1.94,1.94,0.0087,0.0043,0.0279,0.0603,0
0.13,76.0,99.0,77.09,1.94,1.94,0.0092,0.0046,0.0152,0.0565,0
0.13,76.0,99.0,77.09,1.94,1.94,0.0092,0.0046,0.0176,0.0566,0
0.13,76.0,99.0,77.09,1.94,1.94,0.0092,0.0046,0.0212,0.0567,0
0.13,76.0,99.0,77.09,1.94,1.94,0.0714,0.0045,0.0202,0.0508,0
0.13,76.0,99.0,77.09,1.94,1.94,0.0714,0.0045,0.0232,0.051,0
0.13,76.0,99.0,77.09,1.94,1.94,0.0714,0.0045,0.0264,0.0513,0
0.13,76.5,0.0,77.04,1.94,1.94,0.0088,0.0044,0.0179,0.0447,0
0.13,76.5,0.0,77.04,1.94,1.94,0.0088,0.0044,0.0251,0.045,0
0.13,76.5,0.0,77.04,1.94,1.94,0.0088,0.0044,0.0274,0.0451,0
0.13,76.5,0.0,77.04,1.94,1.94,0.008,0.004,0.022,0.0495,0
0.13,76.5,0.0,77.04,1.94,1.94,0.008,0.004,0.0255,0.0497,0
0.13,76.5,0.0,77.04,1.94,1.94,0.008,0.004,0.0287,0.0498,0
0.13,76.5,0.0,77.04,1.94,1.94,0.0475,0.0046,0.0194,0.0485,0
0.13,76.5,0.0,77.04,1.94,1.94,0.0475,0.0046,0.0219,0.0487,0
0.13,76.5,0.0,77.04,1.94,1.94,0.0475,0.0046,0.0322,0.0488,0
0.14,76.5,0.0,77.04,3.39,1.89,0.0086,0.0043,0.0467,0.0484,0
0.14,76.5,0.0,77.04,3.39,1.89,0.0086,0.0043,0.0498,0.0486,1
0.14,76.5,0.0,77.04,3.39,1.89,0.0086,0.0043,0.0523,0.0487,1
0.14,82.25,0.0,77.14,3.39,1.89,0.0097,0.0048,0.0238,0.0502,0
0.14,82.25,0.0,77.14,3.39,1.89,0.0097,0.0048,0.0345,0.0504,0
0.14,82.25,0.0,77.14,3.39,1.89,0.0097,0.0048,0.0368,0.0505,0
0.14,82.25,0.0,77.14,3.39,1.89,0.0538,0.0046,0.0507,0.0523,0
0.14,82.25,0.0,77.14,3.39,1.89,0.0538,0.0046,0.0572,0.0525,1
0.14,82.25,0.0,77.14,3.39,1.89,0.0538,0.0046,0.0683,0.0526,1
0.14,82.25,0.0,77.14,3.39,1.89,0.0085,0.0042,0.0287,0.0497,0
0.14,82.25,0.0,77.14,3.39,1.89,0.0085,0.0042,0.0311,0.0498,0
0.14,82.25,0.0,77.14,3.39,1.89,0.0085,0.0042,0.0338,0.05,0
0.14,82.25,0.0,77.14,3.39,1.89,0.0087,0.0044,0.015,0.0462,0
0.14,82.25,0.0,77.14,3.39,1.89,0.0087,0.0044,0.0178,0.0464,0
0.14,82.25,0.0,77.14,3.39,1.89,0.0087,0.0044,0.0223,0.0466,0
0.14,88.5,0.0,77.09,3.39,1.89,0.0543,0.0044,0.0224,0.0492,0
0.14,88.5,0.0,77.09,3.39,1.89,0.0543,0.0044,0.0306,0.0494,0
0.14,88.5,0.0,77.09,3.39,1.89,0.0543,0.0044,0.0354,0.0497,0
0.14,88.5,0.0,77.09,3.39,1.89,0.0074,0.0037,0.0199,0.0468,0
0.14,88.5,0.0,77.09,3.39,1.89,0.0074,0.0037,0.0228,0.0472,0
0.14,88.5,0.0,77.09,3.39,1.89,0.0074,0.0037,0.0298,0.0473,0
0.14,88.5,0.0,77.09,3.39,1.89,0.0078,0.0039,0.0164,0.0488,0
0.14,88.5,0.0,77.09,3.39,1.89,0.0078,0.0039,0.0197,0.049,0
0.14,88.5,0.0,77.09,3.39,1.89,0.0078,0.0039,0.028,0.0491,0
0.14,79.25,74.0,77.09,3.39,1.89,0.0612,0.004,0.0301,0.0492,0
0.14,79.25,74.0,77.09,3.39,1.89,0.0612,0.004,0.0456,0.0495,0
0.14,79.25,74.0,77.09,3.39,1.89,0.0612,0.004,0.0509,0.0496,1
0.14,79.25,74.0,77.09,3.39,1.89,0.0089,0.0045,0.0167,0.05,0
0.14,79.25,74.0,77.09,3.39,1.89,0.0089,0.0045,0.0199,0.0502,0
0.14,79.25,74.0,77.09,3.39,1.89,0.0089,0.0045,0.0258,0.0504,0
0.14,79.25,74.0,77.09,1.2,1.99,0.009,0.0045,0.0202,0.0557,0
0.14,79.25,74.0,77.09,1.2,1.99,0.009,0.0045,0.023,0.0561,0
0.14,79.25,74.0,77.09,1.2,1.99,0.009,0.0045,0.0307,0.0564,0
0.14,79.25,74.0,77.09,1.2,1.99,0.0601,0.0045,0.0182,0.0578,0
0.14,79.25,74.0,77.09,1.2,1.99,0.0601,0.0045,0.024,0.0581,0
0.14,79.25,74.0,77.09,1.2,1.99,0.0601,0.0045,0.028,0.0582,0
0.14,77.25,0.0,77.12,1.2,1.99,0.0085,0.0042,0.0288,0.0594,0
0.14,77.25,0.0,77.12,1.2,1.99,0.0085,0.0042,0.0317,0.0596,0
0.14,77.25,0.0,77.12,1.2,1.99,0.0085,0.0042,0.0409,0.0599,0
0.14,77.25,0.0,77.12,1.2,1.99,0.0086,0.0043,0.0771,0.1442,0
0.14,77.25,0.0,77.12,1.2,1.99,0.0086,0.0043,0.08,0.1445,0
0.14,77.25,0.0,77.12,1.2,1.99,0.0086,0.0043,0.0842,0.1446,0
0.14,77.25,0.0,77.12,1.2,1.99,0.0633,0.0041,0.0275,0.1243,0
0.14,77.25,0.0,77.12,1.2,1.99,0.0633,0.0041,0.0298,0.1245,0
0.14,77.25,0.0,77.12,1.2,1.99,0.0633,0.0041,0.0347,0.1246,0
0.14,79.0,99.0,77.09,1.2,1.99,0.0083,0.0042,0.0243,0.0494,0
0.14,79.0,99.0,77.09,1.2,1.99,0.0083,0.0042,0.0274,0.0496,0
0.14,79.0,99.0,77.09,1.2,1.99,0.0083,0.0042,0.0368,0.0497,0
0.14,79.0,99.0,77.09,1.2,1.99,0.0088,0.0044,0.015,0.0634,0
0.14,79.0,99.0,77.09,1.2,1.99,0.0088,0.0044,0.0181,0.0636,0
0.14,79.0,99.0,77.09,1.2,1.99,0.0088,0.0044,0.0227,0.0638,0
0.14,79.0,99.0,77.09,1.2,1.99,0.0488,0.0041,0.0191,0.0644,0
0.14,79.0,99.0,77.09,1.2,1.99,0.0488,0.0041,0.031,0.0646,0
0.14,79.0,99.0,77.09,1.2,1.99,0.0488,0.0041,0.0335,0.0648,0
0.14,79.0,99.0,77.09,1.2,1.99,0.0075,0.0038,0.0166,0.0608,0
0.14,79.0,99.0,77.09,1.2,1.99,0.0075,0.0038,0.0201,0.061,0
0.14,79.0,99.0,77.09,1.2,1.99,0.0075,0.0038,0.033,0.0612,0
0.14,75.0,0.0,77.12,1.2,1.99,0.0087,0.0043,0.0156,0.0613,0
0.14,75.0,0.0,77.12,1.2,1.99,0.0087,0.0043,0.018,0.0615,0
0.14,75.0,0.0,77.12,1.2,1.99,0.0087,0.0043,0.0209,0.0617,0
0.14,75.0,0.0,77.12,1.18,1.95,0.0432,0.0043,0.0196,0.0575,0
0.14,75.0,0.0,77.12,1.18,1.95,0.0432,0.0043,0.0293,0.0577,0
0.14,75.0,0.0,77.12,1.18,1.95,0.0432,0.0043,0.0318,0.0578,0
0.14,75.0,0.0,77.12,1.18,1.95,0.0089,0.0045,0.0203,0.0793,0
0.14,75.0,0.0,77.12,1.18,1.95,0.0089,0.0045,0.0234,0.0795,0
0.14,75.0,0.0,77.12,1.18,1.95,0.0089,0.0045,0.0288,0.0796,0
0.14,79.5,0.0,77.09,1.18,1.95,0.0084,0.0042,0.024,0.0962,0
0.14,79.5,0.0,77.09,1.18,1.95,0.0084,0.0042,0.0404,0.0963,0
0.14,79.5,0.0,77.09,1.18,1.95,0.0084,0.0042,0.0571,0.0965,0
0.14,79.5,0.0,77.09,1.18,1.95,0.048,0.0046,0.0256,0.1167,0
0.14,79.5,0.0,77.09,1.18,1.95,0.048,0.0046,0.0283,0.117,0
0.14,79.5,0.0,77.09,1.18,1.95,0.048,0.0046,0.0425,0.1171,0
0.14,79.5,0.0,77.09,1.18,1.95,0.0088,0.0044,0.02,0.0977,0
0.14,79.5,0.0,77.09,1.18,1.95,0.0088,0.0044,0.0233,0.098,0
0.14,79.5,0.0,77.09,1.18,1.95,0.0088,0.0044,0.0264,0.0982,0
0.14,79.5,0.0,77.09,1.18,1.95,0.0081,0.0041,0.0198,0.0568,0
0.14,79.5,0.0,77.09,1.18,1.95,0.0081,0.0041,0.0222,0.0571,0
0.14,79.5,0.0,77.09,1.18,1.95,0.0081,0.0041,0.0321,0.0573,0
0.14,79.5,27.0,77.12,1.18,1.95,0.0538,0.0043,0.0203,0.0691,0
0.14,79.5,27.0,77.12,1.18,1.95,0.0538,0.0043,0.0244,0.07,0
0.14,79.5,27.0,77.12,1.18,1.95,0.0538,0.0043,0.0282,0.0702,0
0.14,79.5,27.0,77.12,1.18,1.95,0.0098,0.0049,0.0257,0.0572,0
0.14,79.5,27.0,77.12,1.18,1.95,0.0098,0.0049,0.0372,0.0574,0
0.14,79.5,27.0,77.12,1.18,1.95,0.0098,0.0049,0.0403,0.0575,0
0.14,79.5,27.0,77.12,1.18,1.95,0.0093,0.0047,0.0165,0.0458,0
0.14,79.5,27.0,77.12,1.18,1.95,0.0093,0.0047,0.022,0.0461,0
0.14,79.5,27.0,77.12,1.18,1.95,0.0093,0.0047,0.026,0.0462,0
0.14,77.25,70.0,77.09,1.18,1.95,0.0586,0.0043,0.0177,0.054,0
0.14,77.25,70.0,77.09,1.18,1.95,0.0586,0.0043,0.0202,0.0542,0
0.14,77.25,70.0,77.09,1.18,1.95,0.0586,0.0043,0.0237,0.0543,0
0.14,77.25,70.0,77.09,2.37,2.02,0.0086,0.0043,0.02,0.048,0
0.14,77.25,70.0,77.09,2.37,2.02,0.0086,0.0043,0.0225,0.0482,0
0.14,77.25,70.0,77.09,2.37,2.02,0.0086,0.0043,0.0264,0.0483,0
0.14,77.25,70.0,77.09,2.37,2.02,0.0099,0.0049,0.0188,0.0523,0
0.14,77.25,70.0,77.09,2.37,2.02,0.0099,0.0049,0.022,0.0525,0
0.14,77.25,70.0,77.09,2.37,2.02,0.0099,0.0049,0.0264,0.0526,0
0.14,77.25,70.0,77.09,2.37,2.02,0.0586,0.0042,0.0323,0.0491,0
0.14,77.25,70.0,77.09,2.37,2.02,0.0586,0.0042,0.0355,0.0493,0
0.14,77.25,70.0,77.09,2.37,2.02,0.0586,0.0042,0.0398,0.0494,0
0.14,79.25,99.0,77.12,2.37,2.02,0.0083,0.0041,0.0163,0.0503,0
0.14,79.25,99.0,77.12,2.37,2.02,0.0083,0.0041,0.0238,0.0505,0
0.14,79.25,99.0,77.12,2.37,2.02,0.0083,0.0041,0.0267,0.0506,0
0.14,79.25,99.0,77.12,2.37,2.02,0.0084,0.0042,0.0165,0.0502,0
0.14,79.25,99.0,77.12,2.37,2.02,0.0084,0.0042,0.0428,0.0504,0
0.14,79.25,99.0,77.12,2.37,2.02,0.0084,0.0042,0.0516,0.0505,1
0.14,79.25,99.0,77.12,2.37,2.02,0.0498,0.0045,0.0197,0.0624,0
0.14,79.25,99.0,77.12,2.37,2.02,0.0498,0.0045,0.0261,0.0627,0
0.14,79.25,99.0,77.12,2.37,2.02,0.0498,0.0045,0.0288,0.0629,0
0.14,77.5,0.0,77.12,2.37,2.02,0.0088,0.0044,0.0177,0.0457,0
0.14,77.5,0.0,77.12,2.37,2.02,0.0088,0.0044,0.0212,0.0459,0
0.14,77.5,0.0,77.12,2.37,2.02,0.0088,0.0044,0.0253,0.046,0
0.14,77.5,0.0,77.12,2.37,2.02,0.0092,0.0046,0.0165,0.0565,0
0.14,77.5,0.0,77.12,2.37,2.02,0.0092,0.0046,0.0191,0.0567,0
0.14,77.5,0.0,77.12,2.37,2.02,0.0092,0.0046,0.0216,0.0568,0
0.14,77.5,0.0,77.12,2.37,2.02,0.0574,0.0045,0.0197,0.0525,0
0.14,77.5,0.0,77.12,2.37,2.02,0.0574,0.0045,0.0223,0.0528,0
0.14,77.5,0.0,77.12,2.37,2.02,0.0574,0.0045,0.0284,0.0529,0
0.14,77.5,0.0,77.12,2.37,2.02,0.0089,0.0044,0.0187,0.0475,0
0.14,77.5,0.0,77.12,2.37,2.02,0.0089,0.0044,0.0221,0.0476,0
0.14,77.5,0.0,77.12,2.37,2.02,0.0089,0.0044,0.0274,0.0478,0
0.14,78.0,0.0,77.12,1.23,2.12,0.0083,0.0042,0.0166,0.0484,0
0.14,78.0,0.0,77.12,1.23,2.12,0.0083,0.0042,0.0192,0.0486,0
0.14,78.0,0.0,77.12,1.23,2.12,0.0083,0.0042,0.0225,0.0487,0
0.14,78.0,0.0,77.12,1.23,2.12,0.0524,0.0043,0.02,0.0533,0
0.14,78.0,0.0,77.12,1.23,2.12,0.0524,0.0043,0.0223,0.0535,0
0.14,78.0,0.0,77.12,1.23,2.12,0.0524,0.0043,0.0261,0.0536,0
0.14,78.0,0.0,77.12,1.23,2.12,0.0085,0.0043,0.0213,0.0469,0
0.14,78.0,0.0,77.12,1.23,2.12,0.0085,0.0043,0.0262,0.047,0
0.14,78.0,0.0,77.12,1.23,2.12,0.0085,0.0043,0.0424,0.0471,0
0.14,80.5,0.0,77.12,1.23,2.12,0.0089,0.0044,0.0221,0.0467,0
0.14,80.5,0.0,77.12,1.23,2.12,0.0089,0.0044,0.0258,0.0468,0
0.14,80.5,0.0,77.12,1.23,2.12,0.0089,0.0044,0.0304,0.0469,0
0.14,80.5,0.0,77.12,1.23,2.12,0.0526,0.004,0.0303,0.0535,0
0.14,80.5,0.0,77.12,1.23,2.12,0.0526,0.004,0.0347,0.0537,0
0.14,80.5,0.0,77.12,1.23,2.12,0.0526,0.004,0.0387,0.0539,0
0.14,80.5,0.0,77.12,1.23,2.12,0.0093,0.0047,0.0221,0.0514,0
0.14,80.5,0.0,77.12,1.23,2.12,0.0093,0.0047,0.0252,0.0516,0
0.14,80.5,0.0,77.12,1.23,2.12,0.0093,0.0047,0.0293,0.0517,0
0.14,80.5,0.0,77.12,1.23,2.12,0.0096,0.0048,0.0153,0.0464,0
0.14,80.5,0.0,77.12,1.23,2.12,0.0096,0.0048,0.0176,0.0466,0
0.14,80.5,0.0,77.12,1.23,2.12,0.0096,0.0048,0.0203,0.0467,0
0.14,80.25,0.0,77.12,1.23,2.12,0.0678,0.005,0.0184,0.0493,0
0.14,80.25,0.0,77.12,1.23,2.12,0.0678,0.005,0.0209,0.0495,0
0.14,80.25,0.0,77.12,1.23,2.12,0.0678,0.005,0.035,0.0496,0
0.14,80.25,0.0,77.12,1.23,2.12,0.0094,0.0047,0.0175,0.0457,0
0.14,80.25,0.0,77.12,1.23,2.12,0.0094,0.0047,0.0201,0.0459,0
0.14,80.25,0.0,77.12,1.23,2.12,0.0094,0.0047,0.0225,0.046,0
0.14,80.25,0.0,77.12,1.23,2.12,0.0093,0.0047,0.0191,0.0501,0
0.14,80.25,0.0,77.12,1.23,2.12,0.0093,0.0047,0.0236,0.0503,0
0.14,80.25,0.0,77.12,1.23,2.12,0.0093,0.0047,0.0283,0.0504,0
0.13,80.25,0.0,77.14,2.01,2.13,0.0637,0.0045,0.0185,0.0542,0
0.13,80.25,0.0,77.14,2.01,2.13,0.0637,0.0045,0.021,0.0544,0
0.13,80.25,0.0,77.14,2.01,2.13,0.0637,0.0045,0.0256,0.0545,0
0.13,80.25,0.0,77.14,2.01,2.13,0.0096,0.0048,0.0178,0.0534,0
0.13,80.25,0.0,77.14,2.01,2.13,0.0096,0.0048,0.021,0.0537,0
0.13,80.25,0.0,77.14,2.01,2.13,0.0096,0.0048,0.0246,0.0538,0
0.13,80.25,0.0,77.14,2.01,2.13,0.0092,0.0046,0.0371,0.0492,0
0.13,80.25,0.0,77.14,2.01,2.13,0.0092,0.0046,0.0467,0.0494,0
0.13,80.25,0.0,77.14,2.01,2.13,0.0092,0.0046,0.0514,0.0496,1
0.13,80.25,0.0,77.14,2.01,2.13,0.0592,0.0044,0.0204,0.0508,0
0.13,80.25,0.0,77.14,2.01,2.13,0.0592,0.0044,0.0244,0.051,0
0.13,80.25,0.0,77.14,2.01,2.13,0.0592,0.0044,0.0279,0.0512,0
0.13,78.0,99.0,77.12,2.01,2.13,0.0089,0.0044,0.0196,0.0501,0
0.13,78.0,99.0,77.12,2.01,2.13,0.0089,0.0044,0.0224,0.0503,0
0.13,78.0,99.0,77.12,2.01,2.13,0.0089,0.0044,0.0283,0.0504,0
0.13,78.0,99.0,77.12,2.01,2.13,0.0083,0.0041,0.0185,0.051,0
0.13,78.0,99.0,77.12,2.01,2.13,0.0083,0.0041,0.022,0.0512,0
0.13,78.0,99.0,77.12,2.01,2.13,0.0083,0.0041,0.0252,0.0513,0
0.13,78.0,99.0,77.12,2.01,2.13,0.0607,0.0044,0.0208,0.0666,0
0.13,78.0,99.0,77.12,2.01,2.13,0.0607,0.0044,0.0251,0.0668,0
0.13,78.0,99.0,77.12,2.01,2.13,0.0607,0.0044,0.0292,0.0669,0
0.13,76.75,44.0,77.12,2.01,2.13,0.0081,0.004,0.0165,0.0484,0
0.13,76.75,44.0,77.12,2.01,2.13,0.0081,0.004,0.0197,0.0486,0
0.13,76.75,44.0,77.12,2.01,2.13,0.0081,0.004,0.0224,0.0487,0
0.13,76.75,44.0,77.12,2.01,2.13,0.0086,0.0043,0.0191,0.0514,0
0.13,76.75,44.0,77.12,2.01,2.13,0.0086,0.0043,0.0245,0.0517,0
0.13,76.75,44.0,77.12,2.01,2.13,0.0086,0.0043,0.0301,0.0518,0
0.13,76.75,44.0,77.12,2.01,2.13,0.0484,0.0041,0.0335,0.049,0
0.13,76.75,44.0,77.12,2.01,2.13,0.0484,0.0041,0.0371,0.0491,0
0.13,76.75,44.0,77.12,2.01,2.13,0.0484,0.0041,0.0398,0.0493,0
0.14,76.75,44.0,77.12,1.61,2.13,0.0094,0.0047,0.018,0.0472,0
0.14,76.75,44.0,77.12,1.61,2.13,0.0094,0.0047,0.0216,0.0474,0
0.14,76.75,44.0,77.12,1.61,2.13,0.0094,0.0047,0.0327,0.0476,0
0.14,79.25,99.0,77.07,1.61,2.13,0.0088,0.0044,0.0205,0.0488,0
0.14,79.25,99.0,77.07,1.61,2.13,0.0088,0.0044,0.0274,0.049,0
0.14,79.25,99.0,77.07,1.61,2.13,0.0088,0.0044,0.0326,0.0493,0
0.14,79.25,99.0,77.07,1.61,2.13,0.0702,0.0047,0.031,0.054,0
0.14,79.25,99.0,77.07,1.61,2.13,0.0702,0.0047,0.035,0.0541,0
0.14,79.25,99.0,77.07,1.61,2.13,0.0702,0.0047,0.0428,0.0543,0
0.14,79.25,99.0,77.07,1.61,2.13,0.0085,0.0042,0.0183,0.0465,0
0.14,79.25,99.0,77.07,1.61,2.13,0.0085,0.0042,0.0212,0.0467,0
0.14,79.25,99.0,77.07,1.61,2.13,0.0085,0.0042,0.0265,0.0468,0
0.14,80.75,0.0,77.19,1.61,2.13,0.0086,0.0043,0.1075,0.0998,1
0.14,80.75,0.0,77.19,1.61,2.13,0.0086,0.0043,0.1115,0.1002,1
0.14,80.75,0.0,77.19,1.61,2.13,0.0086,0.0043,0.1291,0.1003,1
0.14,80.75,0.0,77.19,1.61,2.13,0.058,0.0046,0.0178,0.0541,0
0.14,80.75,0.0,77.19,1.61,2.13,0.058,0.0046,0.0207,0.0542,0
0.14,80.75,0.0,77.19,1.61,2.13,0.058,0.0046,0.0334,0.0544,0
0.14,80.75,0.0,77.19,1.61,2.13,0.0095,0.0047,0.0151,0.0459,0
0.14,80.75,0.0,77.19,1.61,2.13,0.0095,0.0047,0.0175,0.0461,0
0.14,80.75,0.0,77.19,1.61,2.13,0.0095,0.0047,0.023,0.0462,0
0.14,80.75,0.0,77.19,1.61,2.13,0.0088,0.0044,0.0153,0.0465,0
0.14,80.75,0.0,77.19,1.61,2.13,0.0088,0.0044,0.0225,0.0467,0
0.14,80.75,0.0,77.19,1.61,2.13,0.0088,0.0044,0.0255,0.0468,0
0.14,85.25,0.0,77.14,1.61,2.13,0.0596,0.0041,0.0222,0.0479,0
0.14,85.25,0.0,77.14,1.61,2.13,0.0596,0.0041,0.0309,0.048,0
0.14,85.25,0.0,77.14,1.61,2.13,0.0596,0.0041,0.0587,0.0482,1
0.14,85.25,0.0,77.14,1.61,2.13,0.0088,0.0044,0.0146,0.0514,0
0.14,85.25,0.0,77.14,1.61,2.13,0.0088,0.0044,0.0215,0.0516,0
0.14,85.25,0.0,77.14,1.61,2.13,0.0088,0.0044,0.0274,0.0518,0
0.13,85.25,0.0,77.14,5.51,2.36,0.0085,0.0043,0.0186,0.0508,0
0.13,85.25,0.0,77.14,5.51,2.36,0.0085,0.0043,0.0211,0.051,0
0.13,85.25,0.0,77.14,5.51,2.36,0.0085,0.0043,0.0269,0.0512,0
0.13,83.0,0.0,77.14,5.51,2.36,0.0519,0.0048,0.0187,0.0527,0
0.13,83.0,0.0,77.14,5.51,2.36,0.0519,0.0048,0.0211,0.0529,0
0.13,83.0,0.0,77.14,5.51,2.36,0.0519,0.0048,0.0254,0.053,0
0.13,83.0,0.0,77.14,5.51,2.36,0.0084,0.0042,0.0335,0.0493,0
0.13,83.0,0.0,77.14,5.51,2.36,0.0084,0.0042,0.0361,0.0497,0
0.13,83.0,0.0,77.14,5.51,2.36,0.0084,0.0042,0.0438,0.0499,0
0.13,83.0,0.0,77.14,5.51,2.36,0.0086,0.0043,0.0204,0.0459,0
0.13,83.0,0.0,77.14,5.51,2.36,0.0086,0.0043,0.0256,0.0462,0
0.13,83.0,0.0,77.14,5.51,2.36,0.0086,0.0043,0.0286,0.0464,0
0.13,83.0,0.0,77.14,5.51,2.36,0.0407,0.0041,0.0218,0.0498,0
0.13,83.0,0.0,77.14,5.51,2.36,0.0407,0.0041,0.0243,0.05,0
0.13,83.0,0.0,77.14,5.51,2.36,0.0407,0.0041,0.0271,0.0501,0
0.13,75.0,0.0,77.07,5.51,2.36,0.0085,0.0043,0.0149,0.0459,0
0.13,75.0,0.0,77.07,5.51,2.36,0.0085,0.0043,0.0238,0.0461,0
0.13,75.0,0.0,77.07,5.51,2.36,0.0085,0.0043,0.0299,0.0462,0
0.13,75.0,0.0,77.07,5.51,2.36,0.0084,0.0042,0.016,0.0463,0
0.13,75.0,0.0,77.07,5.51,2.36,0.0084,0.0042,0.0192,0.0465,0
0.13,75.0,0.0,77.07,5.51,2.36,0.0084,0.0042,0.0227,0.0469,0
0.13,75.0,0.0,77.07,5.51,2.36,0.0558,0.005,0.0178,0.0609,0
0.13,75.0,0.0,77.07,5.51,2.36,0.0558,0.005,0.0203,0.0611,0
0.13,75.0,0.0,77.07,5.51,2.36,0.0558,0.005,0.0234,0.0613,0
0.13,78.75,0.0,77.19,5.51,2.36,0.0089,0.0045,0.0156,0.0527,0
0.13,78.75,0.0,77.19,5.51,2.36,0.0089,0.0045,0.0177,0.0529,0
0.13,78.75,0.0,77.19,5.51,2.36,0.0089,0.0045,0.0237,0.0533,0
0.13,78.75,0.0,77.19,5.51,2.36,0.0083,0.0042,0.0175,0.0513,0
0.13,78.75,0.0,77.19,5.51,2.36,0.0083,0.0042,0.0199,0.0515,0
0.13,78.75,0.0,77.19,5.51,2.36,0.0083,0.0042,0.0227,0.0517,0
0.14,78.75,0.0,77.19,1.22,2.14,0.0542,0.0043,0.0274,0.0527,0
0.14,78.75,0.0,77.19,1.22,2.14,0.0542,0.0043,0.0399,0.0529,0
0.14,78.75,0.0,77.19,1.22,2.14,0.0542,0.0043,0.0445,0.053,0
0.14,78.75,0.0,77.19,1.22,2.14,0.0091,0.0045,0.0177,0.0458,0
0.14,78.75,0.0,77.19,1.22,2.14,0.0091,0.0045,0.0219,0.046,0
0.14,78.75,0.0,77.19,1.22,2.14,0.0091,0.0045,0.0261,0.0461,0
0.14,81.5,74.0,77.14,1.22,2.14,0.0085,0.0043,0.0156,0.0496,0
0.14,81.5,74.0,77.14,1.22,2.14,0.0085,0.0043,0.0239,0.0498,0
0.14,81.5,74.0,77.14,1.22,2.14,0.0085,0.0043,0.0359,0.0499,0
0.14,81.5,74.0,77.14,1.22,2.14,0.0544,0.0044,0.0188,0.0528,0
0.14,81.5,74.0,77.14,1.22,2.14,0.0544,0.0044,0.0307,0.053,0
0.14,81.5,74.0,77.14,1.22,2.14,0.0544,0.0044,0.0332,0.0532,0
0.14,81.5,74.0,77.14,1.22,2.14,0.0085,0.0042,0.0182,0.05,0
0.14,81.5,74.0,77.14,1.22,2.14,0.0085,0.0042,0.0212,0.0502,0
0.14,81.5,74.0,77.14,1.22,2.14,0.0085,0.0042,0.0276,0.0503,0
0.14,76.0,83.0,77.14,1.22,2.14,0.008,0.004,0.021,0.0483,0
0.14,76.0,83.0,77.14,1.22,2.14,0.008,0.004,0.024,0.0485,0
0.14,76.0,83.0,77.14,1.22,2.14,0.008,0.004,0.0263,0.0486,0
0.14,76.0,83.0,77.14,1.22,2.14,0.0493,0.0047,0.0305,0.0514,0
0.14,76.0,83.0,77.14,1.22,2.14,0.0493,0.0047,0.0375,0.0516,0
0.14,76.0,83.0,77.14,1.22,2.14,0.0493,0.0047,0.0407,0.0517,0
0.14,76.0,83.0,77.14,1.22,2.14,0.0085,0.0043,0.018,0.0543,0
0.14,76.0,83.0,77.14,1.22,2.14,0.0085,0.0043,0.0263,0.0544,0
0.14,76.0,83.0,77.14,1.22,2.14,0.0085,0.0043,0.0399,0.0546,0
0.14,76.0,83.0,77.14,1.22,2.14,0.0084,0.0042,0.016,0.0508,0
0.14,76.0,83.0,77.14,1.22,2.14,0.0084,0.0042,0.0245,0.051,0
0.14,76.0,83.0,77.14,1.22,2.14,0.0084,0.0042,0.0327,0.0511,0
0.14,80.5,0.0,77.09,1.22,2.14,0.0532,0.0042,0.0184,0.0495,0
0.14,80.5,0.0,77.09,1.22,2.14,0.0532,0.0042,0.0209,0.0497,0
0.14,80.5,0.0,77.09,1.22,2.14,0.0532,0.0042,0.0232,0.0498,0
0.14,80.5,0.0,77.09,1.73,1.48,0.0093,0.0047,0.0272,0.0515,0
0.14,80.5,0.0,77.09,1.73,1.48,0.0093,0.0047,0.0297,0.0517,0
0.14,80.5,0.0,77.09,1.73,1.48,0.0093,0.0047,0.0375,0.0518,0
0.14,80.5,0.0,77.09,1.73,1.48,0.0085,0.0043,0.0192,0.0483,0
0.14,80.5,0.0,77.09,1.73,1.48,0.0085,0.0043,0.026,0.0485,0
0.14,80.5,0.0,77.09,1.73,1.48,0.0085,0.0043,0.0298,0.0486,0
0.14,76.75,0.0,77.14,1.73,1.48,0.0461,0.0045,0.033,0.0518,0
0.14,76.75,0.0,77.14,1.73,1.48,0.0461,0.0045,0.0366,0.0519,0
0.14,76.75,0.0,77.14,1.73,1.48,0.0461,0.0045,0.041,0.0521,0
0.14,76.75,0.0,77.14,1.73,1.48,0.0084,0.0042,0.0172,0.0475,0
0.14,76.75,0.0,77.14,1.73,1.48,0.0084,0.0042,0.0273,0.0477,0
0.14,76.75,0.0,77.14,1.73,1.48,0.0084,0.0042,0.0295,0.0478,0
0.14,76.75,0.0,77.14,1.73,1.48,0.0078,0.0039,0.0263,0.046,0
0.14,76.75,0.0,77.14,1.73,1.48,0.0078,0.0039,0.0296,0.0462,0
0.14,76.75,0.0,77.14,1.73,1.48,0.0078,0.0039,0.0322,0.0464,0
0.14,76.75,0.0,77.14,1.73,1.48,0.0527,0.0043,0.0209,0.0527,0
0.14,76.75,0.0,77.14,1.73,1.48,0.0527,0.0043,0.0243,0.0531,0
0.14,76.75,0.0,77.14,1.73,1.48,0.0527,0.0043,0.0283,0.0534,0
0.14,77.25,0.0,77.17,1.73,1.48,0.009,0.0045,0.0227,0.0506,0
0.14,77.25,0.0,77.17,1.73,1.48,0.009,0.0045,0.0317,0.0508,0
0.14,77.25,0.0,77.17,1.73,1.48,0.009,0.0045,0.0345,0.0509,0
0.14,77.25,0.0,77.17,1.73,1.48,0.0092,0.0046,0.0184,0.0457,0
0.14,77.25,0.0,77.17,1.73,1.48,0.0092,0.0046,0.0234,0.0459,0
0.14,77.25,0.0,77.17,1.73,1.48,0.0092,0.0046,0.0292,0.046,0
0.14,77.25,0.0,77.17,1.73,1.48,0.0606,0.0044,0.0255,0.0679,0
0.14,77.25,0.0,77.17,1.73,1.48,0.0606,0.0044,0.0298,0.0681,0
0.14,77.25,0.0,77.17,1.73,1.48,0.0606,0.0044,0.0485,0.0682,0
0.14,80.0,99.0,77.14,1.73,1.48,0.0088,0.0044,0.0171,0.0541,0
0.14,80.0,99.0,77.14,1.73,1.48,0.0088,0.0044,0.0208,0.0543,0
0.14,80.0,99.0,77.14,1.73,1.48,0.0088,0.0044,0.031,0.0544,0
0.14,80.0,99.0,77.14,1.79,1.45,0.0085,0.0043,0.024,0.0479,0
0.14,80.0,99.0,77.14,1.79,1.45,0.0085,0.0043,0.0271,0.0481,0
0.14,80.0,99.0,77.14,1.79,1.45,0.0085,0.0043,0.0306,0.0482,0
0.14,80.0,99.0,77.14,1.79,1.45,0.0639,0.0044,0.018,0.053,0
0.14,80.0,99.0,77.14,1.79,1.45,0.0639,0.0044,0.0208,0.0532,0
0.14,80.0,99.0,77.14,1.79,1.45,0.0639,0.0044,0.032,0.0533,0
0.14,80.0,99.0,77.14,1.79,1.45,0.0088,0.0044,0.0187,0.0461,0
0.14,80.0,99.0,77.14,1.79,1.45,0.0088,0.0044,0.0228,0.0463,0
0.14,80.0,99.0,77.14,1.79,1.45,0.0088,0.0044,0.0351,0.0464,0
0.14,79.0,0.0,77.09,1.79,1.45,0.009,0.0045,0.0235,0.0487,0
0.14,79.0,0.0,77.09,1.79,1.45,0.009,0.0045,0.0269,0.0489,0
0.14,79.0,0.0,77.09,1.79,1.45,0.009,0.0045,0.0294,0.0491,0
0.14,79.0,0.0,77.09,1.79,1.45,0.0534,0.0045,0.0282,0.0493,0
0.14,79.0,0.0,77.09,1.79,1.45,0.0534,0.0045,0.0371,0.0495,0
0.14,79.0,0.0,77.09,1.79,1.45,0.0534,0.0045,0.0492,0.0496,0
0.14,79.0,0.0,77.09,1.79,1.45,0.0089,0.0044,0.0181,0.0478,0
0.14,79.0,0.0,77.09,1.79,1.45,0.0089,0.0044,0.0206,0.048,0
0.14,79.0,0.0,77.09,1.79,1.45,0.0089,0.0044,0.0251,0.0481,0
0.14,75.5,0.0,77.17,1.79,1.45,0.0087,0.0044,0.021,0.0467,0
0.14,75.5,0.0,77.17,1.79,1.45,0.0087,0.0044,0.0245,0.0468,0
0.14,75.5,0.0,77.17,1.79,1.45,0.0087,0.0044,0.0319,0.0469,0
0.14,75.5,0.0,77.17,1.79,1.45,0.0574,0.0043,0.0212,0.0492,0
0.14,75.5,0.0,77.17,1.79,1.45,0.0574,0.0043,0.0245,0.0494,0
0.14,75.5,0.0,77.17,1.79,1.45,0.0574,0.0043,0.0323,0.0496,0
0.14,75.5,0.0,77.17,1.79,1.45,0.009,0.0045,0.0169,0.0498,0
0.14,75.5,0.0,77.17,1.79,1.45,0.009,0.0045,0.0222,0.05,0
0.14,75.5,0.0,77.17,1.79,1.45,0.009,0.0045,0.0269,0.0501,0
0.14,75.5,0.0,77.17,1.79,1.45,0.0086,0.0043,0.0169,0.0482,0
0.14,75.5,0.0,77.17,1.79,1.45,0.0086,0.0043,0.019,0.0484,0
0.14,75.5,0.0,77.17,1.79,1.45,0.0086,0.0043,0.0223,0.0485,0
0.14,81.0,0.0,77.14,2.35,1.37,0.0576,0.0046,0.02,0.0522,0
0.14,81.0,0.0,77.14,2.35,1.37,0.0576,0.0046,0.0228,0.0524,0
0.14,81.0,0.0,77.14,2.35,1.37,0.0576,0.0046,0.0262,0.0525,0
0.14,81.0,0.0,77.14,2.35,1.37,0.0088,0.0044,0.0171,0.0487,0
0.14,81.0,0.0,77.14,2.35,1.37,0.0088,0.0044,0.0193,0.0489,0
0.14,81.0,0.0,77.14,2.35,1.37,0.0088,0.0044,0.022,0.049,0
0.14,81.0,0.0,77.14,2.35,1.37,0.0098,0.0049,0.0168,0.0468,0
0.14,81.0,0.0,77.14,2.35,1.37,0.0098,0.0049,0.0243,0.0475,0
0.14,81.0,0.0,77.14,2.35,1.37,0.0098,0.0049,0.0269,0.0476,0
0.14,76.25,99.0,77.17,2.35,1.37,0.0608,0.0043,0.0349,0.0537,0
0.14,76.25,99.0,77.17,2.35,1.37,0.0608,0.0043,0.0382,0.0539,0
0.14,76.25,99.0,77.17,2.35,1.37,0.0608,0.0043,0.0428,0.054,0
0.14,76.25,99.0,77.17,2.35,1.37,0.0083,0.0042,0.028,0.0461,0
0.14,76.25,99.0,77.17,2.35,1.37,0.0083,0.0042,0.0317,0.0463,0
0.14,76.25,99.0,77.17,2.35,1.37,0.0083,0.0042,0.0385,0.0464,0
0.14,76.25,99.0,77.17,2.35,1.37,0.0086,0.0043,0.0923,0.089,1
0.14,76.25,99.0,77.17,2.35,1.37,0.0086,0.0043,0.0956,0.0892,1
0.14,76.25,99.0,77.17,2.35,1.37,0.0086,0.0043,0.1,0.0893,1
0.14,76.25,99.0,77.17,2.35,1.37,0.0552,0.0044,0.021,0.047,0
0.14,76.25,99.0,77.17,2.35,1.37,0.0552,0.0044,0.024,0.0472,0
0.14,76.25,99.0,77.17,2.35,1.37,0.0552,0.0044,0.0463,0.0475,0
0.14,82.75,0.0,77.12,2.35,1.37,0.0083,0.0042,0.016,0.0476,0
0.14,82.75,0.0,77.12,2.35,1.37,0.0083,0.0042,0.0191,0.0479,0
0.14,82.75,0.0,77.12,2.35,1.37,0.0083,0.0042,0.0303,0.0481,0
0.14,82.75,0.0,77.12,2.35,1.37,0.0079,0.004,0.0193,0.059,0
0.14,82.75,0.0,77.12,2.35,1.37,0.0079,0.004,0.0234,0.0592,0
0.14,82.75,0.0,77.12,2.35,1.37,0.0079,0.004,0.0452,0.0593,0
0.14,82.75,0.0,77.12,2.35,1.37,0.0636,0.0045,0.0231,0.0528,0
0.14,82.75,0.0,77.12,2.35,1.37,0.0636,0.0045,0.0264,0.0529,0
0.14,82.75,0.0,77.12,2.35,1.37,0.0636,0.0045,0.0291,0.0531,0
0.14,82.75,0.0,77.12,1.56,1.24,0.0092,0.0046,0.02,0.0528,0
0.14,82.75,0.0,77.12,1.56,1.24,0.0092,0.0046,0.0259,0.053,0
0.14,82.75,0.0,77.12,1.56,1.24,0.0092,0.0046,0.034,0.0532,0
0.14,76.75,0.0,77.14,1.56,1.24,0.0093,0.0047,0.0224,0.0481,0
0.14,76.75,0.0,77.14,1.56,1.24,0.0093,0.0047,0.0277,0.0484,0
0.14,76.75,0.0,77.14,1.56,1.24,0.0093,0.0047,0.03,0.0485,0
0.14,76.75,0.0,77.14,1.56,1.24,0.054,0.0044,0.0197,0.0515,0
0.14,76.75,0.0,77.14,1.56,1.24,0.054,0.0044,0.0221,0.0517,0
0.14,76.75,0.0,77.14,1.56,1.24,0.054,0.0044,0.0313,0.052,0
0.14,76.75,0.0,77.14,1.56,1.24,0.0089,0.0045,0.0232,0.0465,0
0.14,76.75,0.0,77.14,1.56,1.24,0.0089,0.0045,0.0264,0.0467,0
0.14,76.75,0.0,77.14,1.56,1.24,0.0089,0.0045,0.0318,0.0468,0
0.14,78.25,0.0,77.17,1.56,1.24,0.0086,0.0043,0.0183,0.0487,0
0.14,78.25,0.0,77.17,1.56,1.24,0.0086,0.0043,0.0213,0.0489,0
0.14,78.25,0.0,77.17,1.56,1.24,0.0086,0.0043,0.0253,0.049,0
0.14,78.25,0.0,77.17,1.56,1.24,0.0543,0.0043,0.0214,0.0529,0
0.14,78.25,0.0,77.17,1.56,1.24,0.0543,0.0043,0.0239,0.0532,0
0.14,78.25,0.0,77.17,1.56,1.24,0.0543,0.0043,0.0309,0.0533,0
0.14,78.25,0.0,77.17,1.56,1.24,0.0086,0.0043,0.0157,0.0481,0
0.14,78.25,0.0,77.17,1.56,1.24,0.0086,0.0043,0.0185,0.0483,0
0.14,78.25,0.0,77.17,1.56,1.24,0.0086,0.0043,0.0221,0.0485,0
0.14,78.25,0.0,77.17,1.56,1.24,0.01,0.005,0.0229,0.0457,0
0.14,78.25,0.0,77.17,1.56,1.24,0.01,0.005,0.0276,0.0459,0
0.14,78.25,0.0,77.17,1.56,1.24,0.01,0.005,0.0372,0.0461,0
0.14,82.25,45.0,77.17,1.56,1.24,0.0546,0.0046,0.0172,0.0517,0
0.14,82.25,45.0,77.17,1.56,1.24,0.0546,0.0046,0.0199,0.0519,0
0.14,82.25,45.0,77.17,1.56,1.24,0.0546,0.0046,0.0237,0.052,0
0.14,82.25,45.0,77.17,1.56,1.24,0.009,0.0045,0.0204,0.0462,0
0.14,82.25,45.0,77.17,1.56,1.24,0.009,0.0045,0.0265,0.0464,0
0.14,82.25,45.0,77.17,1.56,1.24,0.009,0.0045,0.0321,0.0465,0
0.14,82.25,45.0,77.17,2.49,1.32,0.0076,0.0038,0.0176,0.0511,0
0.14,82.25,45.0,77.17,2.49,1.32,0.0076,0.0038,0.0213,0.0513,0
0.14,82.25,45.0,77.17,2.49,1.32,0.0076,0.0038,0.0271,0.0515,0
0.14,82.0,0.0,77.14,2.49,1.32,0.0515,0.0041,0.0185,0.0518,0
0.14,82.0,0.0,77.14,2.49,1.32,0.0515,0.0041,0.0208,0.0521,0
0.14,82.0,0.0,77.14,2.49,1.32,0.0515,0.0041,0.0231,0.0522,0
0.14,82.0,0.0,77.14,2.49,1.32,0.0078,0.0039,0.0178,0.0491,0
0.14,82.0,0.0,77.14,2.49,1.32,0.0078,0.0039,0.0205,0.0493,0
0.14,82.0,0.0,77.14,2.49,1.32,0.0078,0.0039,0.0229,0.0494,0
0.14,82.0,0.0,77.14,2.49,1.32,0.0091,0.0045,0.0168,0.0517,0
0.14,82.0,0.0,77.14,2.49,1.32,0.0091,0.0045,0.0204,0.0519,0
0.14,82.0,0.0,77.14,2.49,1.32,0.0091,0.0045,0.0234,0.052,0
0.14,82.0,0.0,77.14,2.49,1.32,0.0607,0.0047,0.0363,0.051,0
0.14,82.0,0.0,77.14,2.49,1.32,0.0607,0.0047,0.0385,0.0512,0
0.14,82.0,0.0,77.14,2.49,1.32,0.0607,0.0047,0.046,0.0513,0
0.14,77.5,0.0,77.14,2.49,1.32,0.0083,0.0042,0.0206,0.0468,0
0.14,77.5,0.0,77.14,2.49,1.32,0.0083,0.0042,0.0274,0.047,0
0.14,77.5,0.0,77.14,2.49,1.32,0.0083,0.0042,0.0306,0.0471,0
0.14,77.5,0.0,77.14,2.49,1.32,0.0082,0.0041,0.0164,0.048,0
0.14,77.5,0.0,77.14,2.49,1.32,0.0082,0.0041,0.0211,0.0481,0
0.14,77.5,0.0,77.14,2.49,1.32,0.0082,0.0041,0.0238,0.0483,0
0.14,77.5,0.0,77.14,2.49,1.32,0.0559,0.0042,0.0196,0.0552,0
0.14,77.5,0.0,77.14,2.49,1.32,0.0559,0.0042,0.0265,0.0554,0
0.14,77.5,0.0,77.14,2.49,1.32,0.0559,0.0042,0.0294,0.0555,0
0.14,81.0,0.0,77.17,2.49,1.32,0.0087,0.0044,0.0196,0.0633,0
0.14,81.0,0.0,77.17,2.49,1.32,0.0087,0.0044,0.0237,0.0636,0
0.14,81.0,0.0,77.17,2.49,1.32,0.0087,0.0044,0.029,0.0637,0
0.14,81.0,0.0,77.17,2.49,1.32,0.0081,0.0041,0.0146,0.0528,0
0.14,81.0,0.0,77.17,2.49,1.32,0.0081,0.0041,0.0174,0.0532,0
0.14,81.0,0.0,77.17,2.49,1.32,0.0081,0.0041,0.02,0.0533,0
0.14,81.0,0.0,77.17,1.33,1.32,0.0428,0.0042,0.0244,0.0585,0
0.14,81.0,0.0,77.17,1.33,1.32,0.0428,0.0042,0.0317,0.0587,0
0.14,81.0,0.0,77.17,1.33,1.32,0.0428,0.0042,0.0377,0.0588,0
0.14,81.0,0.0,77.17,1.33,1.32,0.0087,0.0044,0.0173,0.0478,0
0.14,81.0,0.0,77.17,1.33,1.32,0.0087,0.0044,0.0254,0.048,0
0.14,81.0,0.0,77.17,1.33,1.32,0.0087,0.0044,0.0281,0.0481,0
0.14,78.75,0.0,77.17,1.33,1.32,0.0076,0.0038,0.0291,0.0495,0
0.14,78.75,0.0,77.17,1.33,1.32,0.0076,0.0038,0.0338,0.0497,0
0.14,78.75,0.0,77.17,1.33,1.32,0.0076,0.0038,0.0399,0.0498,0
0.14,78.75,0.0,77.17,1.33,1.32,0.0541,0.0044,0.0179,0.0522,0
0.14,78.75,0.0,77.17,1.33,1.32,0.0541,0.0044,0.023,0.0524,0
0.14,78.75,0.0,77.17,1.33,1.32,0.0541,0.0044,0.028,0.0525,0
0.14,78.75,0.0,77.17,1.33,1.32,0.0083,0.0042,0.0199,0.0491,0
0.14,78.75,0.0,77.17,1.33,1.32,0.0083,0.0042,0.0233,0.0494,0
0.14,78.75,0.0,77.17,1.33,1.32,0.0083,0.0042,0.0269,0.0496,0
0.14,78.75,0.0,77.17,1.33,1.32,0.0085,0.0043,0.0191,0.0496,0
0.14,78.75,0.0,77.17,1.33,1.32,0.0085,0.0043,0.022,0.0498,0
0.14,78.75,0.0,77.17,1.33,1.32,0.0085,0.0043,0.0256,0.0501,0
0.14,79.25,0.0,77.17,1.33,1.32,0.0502,0.0044,0.0203,0.0529,0
0.14,79.25,0.0,77.17,1.33,1.32,0.0502,0.0044,0.0242,0.0531,0
0.14,79.25,0.0,77.17,1.33,1.32,0.0502,0.0044,0.0276,0.0532,0
0.14,79.25,0.0,77.17,1.33,1.32,0.0089,0.0044,0.0202,0.0493,0
0.14,79.25,0.0,77.17,1.33,1.32,0.0089,0.0044,0.0236,0.0495,0
0.14,79.25,0.0,77.17,1.33,1.32,0.0089,0.0044,0.0308,0.0496,0
0.14,79.25,0.0,77.17,1.33,1.32,0.0087,0.0044,0.0255,0.0511,0
0.14,79.25,0.0,77.17,1.33,1.32,0.0087,0.0044,0.0314,0.0513,0
0.14,79.25,0.0,77.17,1.33,1.32,0.0087,0.0044,0.044,0.0514,0
0.14,81.5,0.0,77.14,1.33,1.32,0.0563,0.0043,0.0207,0.0539,0
0.14,81.5,0.0,77.14,1.33,1.32,0.0563,0.0043,0.0231,0.0541,0
0.14,81.5,0.0,77.14,1.33,1.32,0.0563,0.0043,0.03,0.0542,0
0.14,81.5,0.0,77.14,1.14,1.23,0.0089,0.0044,0.0173,0.0513,0
0.14,81.5,0.0,77.14,1.14,1.23,0.0089,0.0044,0.0201,0.0515,0
0.14,81.5,0.0,77.14,1.14,1.23,0.0089,0.0044,0.0307,0.0516,0
0.14,81.5,0.0,77.14,1.14,1.23,0.0097,0.0049,0.02,0.0527,0
0.14,81.5,0.0,77.14,1.14,1.23,0.0097,0.0049,0.025,0.0529,0
0.14,81.5,0.0,77.14,1.14,1.23,0.0097,0.0049,0.0298,0.0531,0
0.14,81.5,0.0,77.14,1.14,1.23,0.0545,0.0043,0.0219,0.0518,0
0.14,81.5,0.0,77.14,1.14,1.23,0.0545,0.0043,0.0303,0.0521,0
0.14,81.5,0.0,77.14,1.14,1.23,0.0545,0.0043,0.0353,0.0523,0
0.14,77.5,0.0,77.09,1.14,1.23,0.009,0.0045,0.0164,0.0512,0
0.14,77.5,0.0,77.09,1.14,1.23,0.009,0.0045,0.0189,0.0514,0
0.14,77.5,0.0,77.09,1.14,1.23,0.009,0.0045,0.0225,0.0515,0
0.14,77.5,0.0,77.09,1.14,1.23,0.0101,0.005,0.022,0.0528,0
0.14,77.5,0.0,77.09,1.14,1.23,0.0101,0.005,0.0275,0.053,0
0.14,77.5,0.0,77.09,1.14,1.23,0.0101,0.005,0.0314,0.0532,0
0.14,77.5,0.0,77.09,1.14,1.23,0.0531,0.0044,0.0309,0.0529,0
0.14,77.5,0.0,77.09,1.14,1.23,0.0531,0.0044,0.0334,0.0531,0
0.14,77.5,0.0,77.09,1.14,1.23,0.0531,0.0044,0.0364,0.0533,0
0.14,76.0,0.0,77.17,1.14,1.23,0.0085,0.0043,0.0163,0.048,0
0.14,76.0,0.0,77.17,1.14,1.23,0.0085,0.0043,0.0185,0.0482,0
0.14,76.0,0.0,77.17,1.14,1.23,0.0085,0.0043,0.0219,0.0483,0
0.14,76.0,0.0,77.17,1.14,1.23,0.0089,0.0044,0.0175,0.0492,0
0.14,76.0,0.0,77.17,1.14,1.23,0.0089,0.0044,0.0248,0.0494,0
0.14,76.0,0.0,77.17,1.14,1.23,0.0089,0.0044,0.0291,0.0495,0
0.14,76.0,0.0,77.17,1.14,1.23,0.0586,0.0044,0.0252,0.0606,0
0.14,76.0,0.0,77.17,1.14,1.23,0.0586,0.0044,0.0292,0.0608,0
0.14,76.0,0.0,77.17,1.14,1.23,0.0586,0.0044,0.0318,0.0609,0
0.14,76.0,0.0,77.17,1.14,1.23,0.0091,0.0045,0.0235,0.0517,0
0.14,76.0,0.0,77.17,1.14,1.23,0.0091,0.0045,0.0267,0.0519,0
0.14,76.0,0.0,77.17,1.14,1.23,0.0091,0.0045,0.0323,0.0521,0
0.14,77.5,99.0,77.19,2.38,1.28,0.0085,0.0042,0.02,0.0517,0
0.14,77.5,99.0,77.19,2.38,1.28,0.0085,0.0042,0.0225,0.0519,0
0.14,77.5,99.0,77.19,2.38,1.28,0.0085,0.0042,0.0249,0.052,0
0.14,77.5,99.0,77.19,2.38,1.28,0.046,0.0042,0.02,0.06,0
0.14,77.5,99.0,77.19,2.38,1.28,0.046,0.0042,0.0266,0.0603,0
0.14,77.5,99.0,77.19,2.38,1.28,0.046,0.0042,0.0294,0.0606,0
0.14,77.5,99.0,77.19,2.38,1.28,0.0096,0.0048,0.019,0.0505,0
0.14,77.5,99.0,77.19,2.38,1.28,0.0096,0.0048,0.0302,0.0507,0
0.14,77.5,99.0,77.19,2.38,1.28,0.0096,0.0048,0.0342,0.0508,0
0.14,78.75,0.0,77.19,2.38,1.28,0.0088,0.0044,0.0264,0.0495,0
0.14,78.75,0.0,77.19,2.38,1.28,0.0088,0.0044,0.0293,0.0498,0
0.14,78.75,0.0,77.19,2.38,1.28,0.0088,0.0044,0.0324,0.0499,0
0.14,78.75,0.0,77.19,2.38,1.28,0.0475,0.0045,0.018,0.0537,0
0.14,78.75,0.0,77.19,2.38,1.28,0.0475,0.0045,0.0213,0.0539,0
0.14,78.75,0.0,77.19,2.38,1.28,0.0475,0.0045,0.0267,0.0541,0
0.14,78.75,0.0,77.19,2.38,1.28,0.0091,0.0045,0.0161,0.1047,0
0.14,78.75,0.0,77.19,2.38,1.28,0.0091,0.0045,0.0183,0.1051,0
0.14,78.75,0.0,77.19,2.38,1.28,0.0091,0.0045,0.022,0.1053,0
0.14,78.75,0.0,77.19,2.38,1.28,0.0084,0.0042,0.0792,0.0524,1
0.14,78.75,0.0,77.19,2.38,1.28,0.0084,0.0042,0.082,0.0526,1
0.14,78.75,0.0,77.19,2.38,1.28,0.0084,0.0042,0.0852,0.0527,1
0.14,76.75,99.0,77.27,2.38,1.28,0.0535,0.0044,0.0285,0.0529,0
0.14,76.75,99.0,77.27,2.38,1.28,0.0535,0.0044,0.0319,0.0532,0
0.14,76.75,99.0,77.27,2.38,1.28,0.0535,0.0044,0.0356,0.0533,0
0.14,76.75,99.0,77.27,2.38,1.28,0.0088,0.0044,0.0222,0.0563,0
0.14,76.75,99.0,77.27,2.38,1.28,0.0088,0.0044,0.0266,0.0565,0
0.14,76.75,99.0,77.27,2.38,1.28,0.0088,0.0044,0.033,0.0566,0
0.14,76.75,99.0,77.27,2.38,1.28,0.008,0.004,0.0213,0.0488,0
0.14,76.75,99.0,77.27,2.38,1.28,0.008,0.004,0.027,0.049,0
0.14,76.75,99.0,77.27,2.38,1.28,0.008,0.004,0.0308,0.0492,0
0.14,83.25,0.0,77.19,1.33,1.34,0.0613,0.004,0.0332,0.0536,0
0.14,83.25,0.0,77.19,1.33,1.34,0.0613,0.004,0.0387,0.0538,0
0.14,83.25,0.0,77.19,1.33,1.34,0.0613,0.004,0.051,0.0539,0
0.14,83.25,0.0,77.19,1.33,1.34,0.0088,0.0044,0.0205,0.0502,0
0.14,83.25,0.0,77.19,1.33,1.34,0.0088,0.0044,0.0242,0.0504,0
0.14,83.25,0.0,77.19,1.33,1.34,0.0088,0.0044,0.0289,0.0505,0
0.14,83.25,0.0,77.19,1.33,1.34,0.0091,0.0046,0.0214,0.0496,0
0.14,83.25,0.0,77.19,1.33,1.34,0.0091,0.0046,0.0248,0.0498,0
0.14,83.25,0.0,77.19,1.33,1.34,0.0091,0.0046,0.0329,0.0499,0
0.14,83.25,0.0,77.19,1.33,1.34,0.0528,0.0044,0.0226,0.0523,0
0.14,83.25,0.0,77.19,1.33,1.34,0.0528,0.0044,0.0258,0.0525,0
0.14,83.25,0.0,77.19,1.33,1.34,0.0528,0.0044,0.0323,0.0527,0
0.14,77.75,0.0,77.19,1.33,1.34,0.0091,0.0046,0.0191,0.0465,0
0.14,77.75,0.0,77.19,1.33,1.34,0.0091,0.0046,0.0218,0.0467,0
0.14,77.75,0.0,77.19,1.33,1.34,0.0091,0.0046,0.0247,0.0468,0
0.14,77.75,0.0,77.19,1.33,1.34,0.0091,0.0046,0.0145,0.0497,0
0.14,77.75,0.0,77.19,1.33,1.34,0.0091,0.0046,0.0187,0.0499,0
0.14,77.75,0.0,77.19,1.33,1.34,0.0091,0.0046,0.0213,0.05,0
0.14,77.75,0.0,77.19,1.33,1.34,0.0502,0.0045,0.0368,0.0528,0
0.14,77.75,0.0,77.19,1.33,1.34,0.0502,0.0045,0.0462,0.0531,0
0.14,77.75,0.0,77.19,1.33,1.34,0.0502,0.0045,0.0519,0.0533,0
0.14,73.75,56.0,77.22,1.33,1.34,0.0095,0.0048,0.0173,0.0513,0
0.14,73.75,56.0,77.22,1.33,1.34,0.0095,0.0048,0.0255,0.0515,0
0.14,73.75,56.0,77.22,1.33,1.34,0.0095,0.0048,0.0294,0.0516,0
0.14,73.75,56.0,77.22,1.33,1.34,0.0092,0.0046,0.0174,0.0508,0
0.14,73.75,56.0,77.22,1.33,1.34,0.0092,0.0046,0.0247,0.0509,0
0.14,73.75,56.0,77.22,1.33,1.34,0.0092,0.0046,0.028,0.0511,0
0.14,73.75,56.0,77.22,1.33,1.34,0.0579,0.0042,0.0218,0.0644,0
0.14,73.75,56.0,77.22,1.33,1.34,0.0579,0.0042,0.0251,0.0646,0
0.14,73.75,56.0,77.22,1.33,1.34,0.0579,0.0042,0.0323,0.0647,0
0.14,73.75,56.0,77.22,1.28,0.99,0.0073,0.0037,0.0166,0.0471,0
0.14,73.75,56.0,77.22,1.28,0.99,0.0073,0.0037,0.0188,0.0473,0
0.14,73.75,56.0,77.22,1.28,0.99,0.0073,0.0037,0.0214,0.0474,0
0.14,76.75,0.0,77.19,1.28,0.99,0.0089,0.0045,0.0167,0.0499,0
0.14,76.75,0.0,77.19,1.28,0.99,0.0089,0.0045,0.0216,0.05,0
0.14,76.75,0.0,77.19,1.28,0.99,0.0089,0.0045,0.0255,0.0501,0
0.14,76.75,0.0,77.19,1.28,0.99,0.0599,0.0044,0.0197,0.0534,0
0.14,76.75,0.0,77.19,1.28,0.99,0.0599,0.0044,0.0223,0.0536,0
0.14,76.75,0.0,77.19,1.28,0.99,0.0599,0.0044,0.0289,0.0538,0
0.14,76.75,0.0,77.19,1.28,0.99,0.0083,0.0042,0.0149,0.0491,0
0.14,76.75,0.0,77.19,1.28,0.99,0.0083,0.0042,0.0221,0.0494,0
0.14,76.75,0.0,77.19,1.28,0.99,0.0083,0.0042,0.0249,0.0495,0
0.14,76.75,0.0,77.19,1.28,0.99,0.0084,0.0042,0.0217,0.0487,0
0.14,76.75,0.0,77.19,1.28,0.99,0.0084,0.0042,0.0293,0.0489,0
0.14,76.75,0.0,77.19,1.28,0.99,0.0084,0.0042,0.0351,0.0491,0
0.14,75.0,0.0,77.19,1.28,0.99,0.0654,0.0047,0.0179,0.0525,0
0.14,75.0,0.0,77.19,1.28,0.99,0.0654,0.0047,0.0205,0.0527,0
0.14,75.0,0.0,77.19,1.28,0.99,0.0654,0.0047,0.0239,0.0528,0
0.14,75.0,0.0,77.19,1.28,0.99,0.0097,0.0049,0.0182,0.0475,0
0.14,75.0,0.0,77.19,1.28,0.99,0.0097,0.0049,0.0224,0.0477,0
0.14,75.0,0.0,77.19,1.28,0.99,0.0097,0.0049,0.0297,0.0478,0
0.14,75.0,0.0,77.19,1.28,0.99,0.0078,0.0039,0.0181,0.0528,0
0.14,75.0,0.0,77.19,1.28,0.99,0.0078,0.0039,0.0205,0.0531,0
0.14,75.0,0.0,77.19,1.28,0.99,0.0078,0.0039,0.0235,0.0532,0
0.14,79.0,0.0,77.17,1.28,0.99,0.0516,0.0041,0.0251,0.0561,0
0.14,79.0,0.0,77.17,1.28,0.99,0.0516,0.0041,0.0424,0.0563,0
0.14,79.0,0.0,77.17,1.28,0.99,0.0516,0.0041,0.0486,0.0564,0
0.14,79.0,0.0,77.17,1.28,0.99,0.0088,0.0044,0.0162,0.0507,0
0.14,79.0,0.0,77.17,1.28,0.99,0.0088,0.0044,0.019,0.0508,0
0.14,79.0,0.0,77.17,1.28,0.99,0.0088,0.0044,0.0225,0.0509,0
0.13,79.0,0.0,77.17,1.25,0.6,0.0089,0.0044,0.0213,0.0504,0
0.13,79.0,0.0,77.17,1.25,0.6,0.0089,0.0044,0.0243,0.0506,0
0.13,79.0,0.0,77.17,1.25,0.6,0.0089,0.0044,0.0306,0.0508,0
0.13,79.0,0.0,77.17,1.25,0.6,0.0615,0.0047,0.022,0.0544,0
0.13,79.0,0.0,77.17,1.25,0.6,0.0615,0.0047,0.0267,0.0546,0
0.13,79.0,0.0,77.17,1.25,0.6,0.0615,0.0047,0.0297,0.0547,0
0.13,80.5,2.0,77.22,1.25,0.6,0.0085,0.0043,0.025,0.0519,0
0.13,80.5,2.0,77.22,1.25,0.6,0.0085,0.0043,0.0351,0.0521,0
0.13,80.5,2.0,77.22,1.25,0.6,0.0085,0.0043,0.0381,0.0522,0
0.13,80.5,2.0,77.22,1.25,0.6,0.0093,0.0046,0.0174,0.0475,0
0.13,80.5,2.0,77.22,1.25,0.6,0.0093,0.0046,0.027,0.0477,0
0.13,80.5,2.0,77.22,1.25,0.6,0.0093,0.0046,0.037,0.0478,0
0.13,80.5,2.0,77.22,1.25,0.6,0.0561,0.0045,0.0239,0.0526,0
0.13,80.5,2.0,77.22,1.25,0.6,0.0561,0.0045,0.029,0.0528,0
0.13,80.5,2.0,77.22,1.25,0.6,0.0561,0.0045,0.0321,0.053,0
0.13,80.75,0.0,77.25,1.25,0.6,0.0079,0.004,0.0213,0.0461,0
0.13,80.75,0.0,77.25,1.25,0.6,0.0079,0.004,0.026,0.0471,0
0.13,80.75,0.0,77.25,1.25,0.6,0.0079,0.004,0.0296,0.0472,0
0.13,80.75,0.0,77.25,1.25,0.6,0.0089,0.0044,0.0219,0.0495,0
0.13,80.75,0.0,77.25,1.25,0.6,0.0089,0.0044,0.0283,0.0496,0
0.13,80.75,0.0,77.25,1.25,0.6,0.0089,0.0044,0.031,0.0498,0
0.13,80.75,0.0,77.25,1.25,0.6,0.0626,0.0045,0.0419,0.0531,0
0.13,80.75,0.0,77.25,1.25,0.6,0.0626,0.0045,0.0444,0.0533,0
0.13,80.75,0.0,77.25,1.25,0.6,0.0626,0.0045,0.0545,0.0534,1
0.13,80.75,0.0,77.25,1.25,0.6,0.0083,0.0042,0.0175,0.0516,0
0.13,80.75,0.0,77.25,1.25,0.6,0.0083,0.0042,0.0207,0.0519,0
0.13,80.75,0.0,77.25,1.25,0.6,0.0083,0.0042,0.0464,0.052,0
0.13,76.5,0.0,77.19,1.25,0.6,0.0089,0.0045,0.017,0.0501,0
0.13,76.5,0.0,77.19,1.25,0.6,0.0089,0.0045,0.0236,0.0503,0
0.13,76.5,0.0,77.19,1.25,0.6,0.0089,0.0045,0.026,0.0504,0
0.14,76.5,0.0,77.19,2.89,0.7,0.0599,0.0041,0.0193,0.0612,0
0.14,76.5,0.0,77.19,2.89,0.7,0.0599,0.0041,0.0281,0.0614,0
0.14,76.5,0.0,77.19,2.89,0.7,0.0599,0.0041,0.0317,0.0616,0
0.14,76.5,0.0,77.19,2.89,0.7,0.0079,0.0039,0.0176,0.0468,0
0.14,76.5,0.0,77.19,2.89,0.7,0.0079,0.0039,0.0213,0.047,0
0.14,76.5,0.0,77.19,2.89,0.7,0.0079,0.0039,0.0254,0.0472,0
0.14,78.75,0.0,77.22,2.89,0.7,0.0089,0.0045,0.0177,0.0507,0
0.14,78.75,0.0,77.22,2.89,0.7,0.0089,0.0045,0.0209,0.0508,0
0.14,78.75,0.0,77.22,2.89,0.7,0.0089,0.0045,0.0244,0.051,0
0.14,78.75,0.0,77.22,2.89,0.7,0.0567,0.0049,0.0237,0.0523,0
0.14,78.75,0.0,77.22,2.89,0.7,0.0567,0.0049,0.0268,0.0525,0
0.14,78.75,0.0,77.22,2.89,0.7,0.0567,0.0049,0.0319,0.0526,0
0.14,78.75,0.0,77.22,2.89,0.7,0.0085,0.0043,0.0166,0.0466,0
0.14,78.75,0.0,77.22,2.89,0.7,0.0085,0.0043,0.019,0.0468,0
0.14,78.75,0.0,77.22,2.89,0.7,0.0085,0.0043,0.0216,0.0469,0
0.14,78.75,0.0,77.22,2.89,0.7,0.0088,0.0044,0.0287,0.0505,0
0.14,78.75,0.0,77.22,2.89,0.7,0.0088,0.0044,0.0323,0.0509,0
0.14,78.75,0.0,77.22,2.89,0.7,0.0088,0.0044,0.0365,0.051,0
0.14,76.75,0.0,77.19,2.89,0.7,0.0505,0.0045,0.0195,0.0506,0
0.14,76.75,0.0,77.19,2.89,0.7,0.0505,0.0045,0.0387,0.0508,0
0.14,76.75,0.0,77.19,2.89,0.7,0.0505,0.0045,0.0447,0.0509,0
0.14,76.75,0.0,77.19,2.89,0.7,0.009,0.0045,0.0343,0.0484,0
0.14,76.75,0.0,77.19,2.89,0.7,0.009,0.0045,0.0375,0.0486,0
0.14,76.75,0.0,77.19,2.89,0.7,0.009,0.0045,0.0415,0.0487,0
0.14,76.75,0.0,77.19,2.89,0.7,0.0095,0.0047,0.0155,0.0496,0
0.14,76.75,0.0,77.19,2.89,0.7,0.0095,0.0047,0.0176,0.0499,0
0.14,76.75,0.0,77.19,2.89,0.7,0.0095,0.0047,0.0202,0.05,0
0.14,76.75,0.0,77.19,2.89,0.7,0.0541,0.005,0.0216,0.0564,0
0.14,76.75,0.0,77.19,2.89,0.7,0.0541,0.005,0.0259,0.0566,0
0.14,76.75,0.0,77.19,2.89,0.7,0.0541,0.005,0.0413,0.0567,0
0.13,79.25,0.0,77.19,4.5,0.84,0.0087,0.0044,0.0219,0.0513,0
0.13,79.25,0.0,77.19,4.5,0.84,0.0087,0.0044,0.0254,0.0515,0
0.13,79.25,0.0,77.19,4.5,0.84,0.0087,0.0044,0.0367,0.0517,0
0.13,79.25,0.0,77.19,4.5,0.84,0.0084,0.0042,0.0178,0.052,0
0.13,79.25,0.0,77.19,4.5,0.84,0.0084,0.0042,0.0246,0.0521,0
0.13,79.25,0.0,77.19,4.5,0.84,0.0084,0.0042,0.0309,0.0523,0
0.13,79.25,0.0,77.19,4.5,0.84,0.0553,0.0046,0.0193,0.0535,0
0.13,79.25,0.0,77.19,4.5,0.84,0.0553,0.0046,0.0219,0.0537,0
0.13,79.25,0.0,77.19,4.5,0.84,0.0553,0.0046,0.0252,0.0538,0
0.13,82.75,0.0,77.22,4.5,0.84,0.0085,0.0042,0.0167,0.0504,0
0.13,82.75,0.0,77.22,4.5,0.84,0.0085,0.0042,0.0196,0.0506,0
0.13,82.75,0.0,77.22,4.5,0.84,0.0085,0.0042,0.0224,0.0508,0
0.13,82.75,0.0,77.22,4.5,0.84,0.0085,0.0042,0.0245,0.048,0
0.13,82.75,0.0,77.22,4.5,0.84,0.0085,0.0042,0.0281,0.0482,0
0.13,82.75,0.0,77.22,4.5,0.84,0.0085,0.0042,0.0308,0.0483,0
0.13,82.75,0.0,77.22,4.5,0.84,0.0516,0.0042,0.0206,0.0547,0
0.13,82.75,0.0,77.22,4.5,0.84,0.0516,0.0042,0.0237,0.0549,0
0.13,82.75,0.0,77.22,4.5,0.84,0.0516,0.0042,0.0277,0.055,0
0.13,82.75,0.0,77.22,4.5,0.84,0.0088,0.0044,0.0173,0.069,0
0.13,82.75,0.0,77.22,4.5,0.84,0.0088,0.0044,0.0214,0.0693,0
0.13,82.75,0.0,77.22,4.5,0.84,0.0088,0.0044,0.0253,0.0694,0
0.13,73.25,0.0,77.19,4.5,0.84,0.0089,0.0044,0.0871,0.0476,1
0.13,73.25,0.0,77.19,4.5,0.84,0.0089,0.0044,0.0908,0.0478,1
0.13,73.25,0.0,77.19,4.5,0.84,0.0089,0.0044,0.1198,0.0479,1
0.13,73.25,0.0,77.19,4.5,0.84,0.0548,0.0042,0.0367,0.0582,0
0.13,73.25,0.0,77.19,4.5,0.84,0.0548,0.0042,0.0398,0.0584,0
0.13,73.25,0.0,77.19,4.5,0.84,0.0548,0.0042,0.0427,0.0585,0
0.13,73.25,0.0,77.19,4.5,0.84,0.0083,0.0041,0.0222,0.0506,0
0.13,73.25,0.0,77.19,4.5,0.84,0.0083,0.0041,0.0267,0.0508,0
0.13,73.25,0.0,77.19,4.5,0.84,0.0083,0.0041,0.0296,0.051,0
0.14,82.0,0.0,77.22,1.17,1.09,0.008,0.004,0.0199,0.0474,0
0.14,82.0,0.0,77.22,1.17,1.09,0.008,0.004,0.0243,0.0476,0
0.14,82.0,0.0,77.22,1.17,1.09,0.008,0.004,0.0282,0.0477,0
0.14,82.0,0.0,77.22,1.17,1.09,0.0528,0.0044,0.0264,0.065,0
0.14,82.0,0.0,77.22,1.17,1.09,0.0528,0.0044,0.0348,0.0652,0
0.14,82.0,0.0,77.22,1.17,1.09,0.0528,0.0044,0.038,0.0655,0
0.14,82.0,0.0,77.22,1.17,1.09,0.0096,0.0048,0.0183,0.0461,0
0.14,82.0,0.0,77.22,1.17,1.09,0.0096,0.0048,0.0255,0.0463,0
0.14,82.0,0.0,77.22,1.17,1.09,0.0096,0.0048,0.0288,0.0464,0
0.14,78.5,22.0,77.19,1.17,1.09,0.009,0.0045,0.0173,0.055,0
0.14,78.5,22.0,77.19,1.17,1.09,0.009,0.0045,0.0278,0.0551,0
0.14,78.5,22.0,77.19,1.17,1.09,0.009,0.0045,0.0328,0.0553,0
0.14,78.5,22.0,77.19,1.17,1.09,0.051,0.0046,0.0218,0.0574,0
0.14,78.5,22.0,77.19,1.17,1.09,0.051,0.0046,0.0264,0.0576,0
0.14,78.5,22.0,77.19,1.17,1.09,0.051,0.0046,0.029,0.0577,0
0.14,78.5,22.0,77.19,1.17,1.09,0.0089,0.0044,0.0203,0.0498,0
0.14,78.5,22.0,77.19,1.17,1.09,0.0089,0.0044,0.0228,0.05,0
0.14,78.5,22.0,77.19,1.17,1.09,0.0089,0.0044,0.0256,0.0501,0
0.14,78.5,22.0,77.19,1.17,1.09,0.0086,0.0043,0.0207,0.0484,0
0.14,78.5,22.0,77.19,1.17,1.09,0.0086,0.0043,0.0275,0.0487,0
0.14,78.5,22.0,77.19,1.17,1.09,0.0086,0.0043,0.039,0.0488,0
0.14,80.25,77.0,77.22,1.17,1.09,0.0558,0.004,0.0256,0.0519,0
0.14,80.25,77.0,77.22,1.17,1.09,0.0558,0.004,0.0298,0.0523,0
0.14,80.25,77.0,77.22,1.17,1.09,0.0558,0.004,0.0351,0.0524,0
0.14,80.25,77.0,77.22,1.17,1.09,0.0082,0.0041,0.0229,0.0506,0
0.14,80.25,77.0,77.22,1.17,1.09,0.0082,0.0041,0.0272,0.0508,0
0.14,80.25,77.0,77.22,1.17,1.09,0.0082,0.0041,0.0416,0.0509,0
0.14,80.25,77.0,77.22,1.17,1.09,0.0089,0.0044,0.0227,0.0478,0
0.14,80.25,77.0,77.22,1.17,1.09,0.0089,0.0044,0.0272,0.048,0
0.14,80.25,77.0,77.22,1.17,1.09,0.0089,0.0044,0.0336,0.0481,0
0.14,74.25,0.0,77.19,1.88,1.08,0.0507,0.0045,0.0205,0.0536,0
0.14,74.25,0.0,77.19,1.88,1.08,0.0507,0.0045,0.0235,0.0538,0
0.14,74.25,0.0,77.19,1.88,1.08,0.0507,0.0045,0.0291,0.0539,0
0.14,74.25,0.0,77.19,1.88,1.08,0.0085,0.0042,0.0166,0.05,0
0.14,74.25,0.0,77.19,1.88,1.08,0.0085,0.0042,0.0225,0.0502,0
0.14,74.25,0.0,77.19,1.88,1.08,0.0085,0.0042,0.0248,0.0503,0
0.14,74.25,0.0,77.19,1.88,1.08,0.0089,0.0044,0.0285,0.0531,0
0.14,74.25,0.0,77.19,1.88,1.08,0.0089,0.0044,0.0321,0.0533,0
0.14,74.25,0.0,77.19,1.88,1.08,0.0089,0.0044,0.0448,0.0535,0
0.14,74.25,0.0,77.19,1.88,1.08,0.0458,0.0045,0.0209,0.0529,0
0.14,74.25,0.0,77.19,1.88,1.08,0.0458,0.0045,0.0253,0.0531,0
0.14,74.25,0.0,77.19,1.88,1.08,0.0458,0.0045,0.0409,0.0533,0
0.14,83.25,8.0,77.25,1.88,1.08,0.0089,0.0044,0.0207,0.0524,0
0.14,83.25,8.0,77.25,1.88,1.08,0.0089,0.0044,0.031,0.0526,0
0.14,83.25,8.0,77.25,1.88,1.08,0.0089,0.0044,0.0354,0.0527,0
0.14,83.25,8.0,77.25,1.88,1.08,0.0094,0.0047,0.0166,0.0501,0
0.14,83.25,8.0,77.25,1.88,1.08,0.0094,0.0047,0.021,0.0503,0
0.14,83.25,8.0,77.25,1.88,1.08,0.0094,0.0047,0.0273,0.0504,0
0.14,83.25,8.0,77.25,1.88,1.08,0.0614,0.0043,0.022,0.0533,0
0.14,83.25,8.0,77.25,1.88,1.08,0.0614,0.0043,0.0276,0.0536,0
0.14,83.25,8.0,77.25,1.88,1.08,0.0614,0.0043,0.031,0.0537,0
0.14,75.25,99.0,77.22,1.88,1.08,0.0085,0.0042,0.0257,0.0501,0
0.14,75.25,99.0,77.22,1.88,1.08,0.0085,0.0042,0.0318,0.0504,0
0.14,75.25,99.0,77.22,1.88,1.08,0.0085,0.0042,0.0387,0.0505,0
0.14,75.25,99.0,77.22,1.88,1.08,0.0089,0.0044,0.0178,0.0522,0
0.14,75.25,99.0,77.22,1.88,1.08,0.0089,0.0044,0.0201,0.0523,0
0.14,75.25,99.0,77.22,1.88,1.08,0.0089,0.0044,0.0277,0.0525,0
0.14,75.25,99.0,77.22,1.88,1.08,0.0507,0.0042,0.0343,0.0468,0
0.14,75.25,99.0,77.22,1.88,1.08,0.0507,0.0042,0.0368,0.047,0
0.14,75.25,99.0,77.22,1.88,1.08,0.0507,0.0042,0.0447,0.0472,0
0.14,75.25,99.0,77.22,1.15,1.07,0.0088,0.0044,0.0173,0.0461,0
0.14,75.25,99.0,77.22,1.15,1.07,0.0088,0.0044,0.0202,0.0463,0
0.14,75.25,99.0,77.22,1.15,1.07,0.0088,0.0044,0.023,0.0465,0
0.14,76.75,0.0,77.22,1.15,1.07,0.0086,0.0043,0.0265,0.0514,0
0.14,76.75,0.0,77.22,1.15,1.07,0.0086,0.0043,0.0309,0.0516,0
0.14,76.75,0.0,77.22,1.15,1.07,0.0086,0.0043,0.0346,0.0517,0
0.14,76.75,0.0,77.22,1.15,1.07,0.0518,0.0044,0.0199,0.0624,0
0.14,76.75,0.0,77.22,1.15,1.07,0.0518,0.0044,0.0257,0.0626,0
0.14,76.75,0.0,77.22,1.15,1.07,0.0518,0.0044,0.0289,0.0627,0
0.14,76.75,0.0,77.22,1.15,1.07,0.0086,0.0043,0.0181,0.0504,0
0.14,76.75,0.0,77.22,1.15,1.07,0.0086,0.0043,0.0204,0.0506,0
0.14,76.75,0.0,77.22,1.15,1.07,0.0086,0.0043,0.0237,0.0507,0
0.14,76.75,0.0,77.22,1.15,1.07,0.0081,0.004,0.0167,0.0559,0
0.14,76.75,0.0,77.22,1.15,1.07,0.0081,0.004,0.0193,0.0561,0
0.14,76.75,0.0,77.22,1.15,1.07,0.0081,0.004,0.0292,0.0562,0
0.14,76.0,0.0,77.22,1.15,1.07,0.0647,0.0044,0.0213,0.0493,0
0.14,76.0,0.0,77.22,1.15,1.07,0.0647,0.0044,0.0247,0.0495,0
0.14,76.0,0.0,77.22,1.15,1.07,0.0647,0.0044,0.0273,0.0496,0
0.14,76.0,0.0,77.22,1.15,1.07,0.0091,0.0046,0.0193,0.0476,0
0.14,76.0,0.0,77.22,1.15,1.07,0.0091,0.0046,0.0256,0.0478,0
0.14,76.0,0.0,77.22,1.15,1.07,0.0091,0.0046,0.0301,0.048,0
0.14,76.0,0.0,77.22,1.15,1.07,0.0079,0.004,0.0262,0.0452,0
0.14,76.0,0.0,77.22,1.15,1.07,0.0079,0.004,0.0289,0.0454,0
0.14,76.0,0.0,77.22,1.15,1.07,0.0079,0.004,0.0406,0.0455,0
0.14,79.0,0.0,77.19,1.15,1.07,0.0482,0.0044,0.0231,0.0507,0
0.14,79.0,0.0,77.19,1.15,1.07,0.0482,0.0044,0.0264,0.0509,0
0.14,79.0,0.0,77.19,1.15,1.07,0.0482,0.0044,0.0354,0.0512,0
0.14,79.0,0.0,77.19,1.15,1.07,0.0091,0.0046,0.0191,0.0513,0
0.14,79.0,0.0,77.19,1.15,1.07,0.0091,0.0046,0.0218,0.0515,0
0.14,79.0,0.0,77.19,1.15,1.07,0.0091,0.0046,0.025,0.0517,0
0.14,79.0,0.0,77.19,4.75,1.29,0.0093,0.0047,0.019,0.0503,0
0.14,79.0,0.0,77.19,4.75,1.29,0.0093,0.0047,0.0222,0.0506,0
0.14,79.0,0.0,77.19,4.75,1.29,0.0093,0.0047,0.0329,0.0507,0
0.14,79.0,0.0,77.19,4.75,1.29,0.0537,0.0042,0.0229,0.0563,0
0.14,79.0,0.0,77.19,4.75,1.29,0.0537,0.0042,0.0252,0.0565,0
0.14,79.0,0.0,77.19,4.75,1.29,0.0537,0.0042,0.0319,0.0567,0
0.14,78.0,0.0,77.19,4.75,1.29,0.0089,0.0045,0.034,0.0504,0
0.14,78.0,0.0,77.19,4.75,1.29,0.0089,0.0045,0.0509,0.0506,1
0.14,78.0,0.0,77.19,4.75,1.29,0.0089,0.0045,0.0535,0.0508,1
0.14,78.0,0.0,77.19,4.75,1.29,0.0083,0.0042,0.0202,0.0461,0
0.14,78.0,0.0,77.19,4.75,1.29,0.0083,0.0042,0.0243,0.0463,0
0.14,78.0,0.0,77.19,4.75,1.29,0.0083,0.0042,0.0274,0.0464,0
0.14,78.0,0.0,77.19,4.75,1.29,0.0563,0.004,0.0217,0.0499,0
0.14,78.0,0.0,77.19,4.75,1.29,0.0563,0.004,0.0243,0.0502,0
0.14,78.0,0.0,77.19,4.75,1.29,0.0563,0.004,0.0283,0.0503,0
0.14,83.25,0.0,77.22,4.75,1.29,0.009,0.0045,0.0184,0.0486,0
0.14,83.25,0.0,77.22,4.75,1.29,0.009,0.0045,0.0234,0.0488,0
0.14,83.25,0.0,77.22,4.75,1.29,0.009,0.0045,0.0259,0.049,0
0.14,83.25,0.0,77.22,4.75,1.29,0.0089,0.0044,0.0222,0.0555,0
0.14,83.25,0.0,77.22,4.75,1.29,0.0089,0.0044,0.0281,0.0557,0
0.14,83.25,0.0,77.22,4.75,1.29,0.0089,0.0044,0.0316,0.0558,0
0.14,83.25,0.0,77.22,4.75,1.29,0.061,0.0045,0.0235,0.0526,0
0.14,83.25,0.0,77.22,4.75,1.29,0.061,0.0045,0.0264,0.0528,0
0.14,83.25,0.0,77.22,4.75,1.29,0.061,0.0045,0.0297,0.0531,0
0.14,83.25,0.0,77.22,4.75,1.29,0.0082,0.0041,0.0176,0.0509,0
0.14,83.25,0.0,77.22,4.75,1.29,0.0082,0.0041,0.02,0.051,0
0.14,83.25,0.0,77.22,4.75,1.29,0.0082,0.0041,0.0226,0.0511,0
0.14,77.5,0.0,77.22,4.75,1.29,0.008,0.004,0.0188,0.0499,0
0.14,77.5,0.0,77.22,4.75,1.29,0.008,0.004,0.0221,0.0501,0
0.14,77.5,0.0,77.22,4.75,1.29,0.008,0.004,0.0252,0.0502,0
0.13,77.5,0.0,77.22,1.07,1.61,0.0723,0.004,0.0425,0.0576,0
0.13,77.5,0.0,77.22,1.07,1.61,0.0723,0.004,0.048,0.0578,0
0.13,77.5,0.0,77.22,1.07,1.61,0.0723,0.004,0.0517,0.058,0
0.13,77.5,0.0,77.22,1.07,1.61,0.0082,0.0041,0.0175,0.0511,0
0.13,77.5,0.0,77.22,1.07,1.61,0.0082,0.0041,0.0218,0.0513,0
0.13,77.5,0.0,77.22,1.07,1.61,0.0082,0.0041,0.0278,0.0514,0
0.13,77.0,0.0,77.19,1.07,1.61,0.0087,0.0043,0.0217,0.0505,0
0.13,77.0,0.0,77.19,1.07,1.61,0.0087,0.0043,0.0253,0.0507,0
0.13,77.0,0.0,77.19,1.07,1.61,0.0087,0.0043,0.0418,0.0509,0
0.13,77.0,0.0,77.19,1.07,1.61,0.0628,0.0045,0.0197,0.0649,0
0.13,77.0,0.0,77.19,1.07,1.61,0.0628,0.0045,0.0227,0.0651,0
0.13,77.0,0.0,77.19,1.07,1.61,0.0628,0.0045,0.0288,0.0653,0
0.13,77.0,0.0,77.19,1.07,1.61,0.0083,0.0042,0.0186,0.047,0
0.13,77.0,0.0,77.19,1.07,1.61,0.0083,0.0042,0.0215,0.0474,0
0.13,77.0,0.0,77.19,1.07,1.61,0.0083,0.0042,0.0254,0.0478,0
0.13,77.0,0.0,77.19,1.07,1.61,0.0087,0.0044,0.0205,0.0497,0
0.13,77.0,0.0,77.19,1.07,1.61,0.0087,0.0044,0.023,0.05,0
0.13,77.0,0.0,77.19,1.07,1.61,0.0087,0.0044,0.0294,0.0503,0
0.13,79.5,0.0,77.25,1.07,1.61,0.05,0.0041,0.0294,0.1139,0
0.13,79.5,0.0,77.25,1.07,1.61,0.05,0.0041,0.0624,0.1142,0
0.13,79.5,0.0,77.25,1.07,1.61,0.05,0.0041,0.0664,0.1143,0
0.13,79.5,0.0,77.25,1.07,1.61,0.0085,0.0043,0.1045,0.0836,1
0.13,79.5,0.0,77.25,1.07,1.61,0.0085,0.0043,0.1109,0.0838,1
0.13,79.5,0.0,77.25,1.07,1.61,0.0085,0.0043,0.1177,0.0839,1
0.13,79.5,0.0,77.25,1.07,1.61,0.0082,0.0041,0.0886,0.0457,1
0.13,79.5,0.0,77.25,1.07,1.61,0.0082,0.0041,0.0913,0.0459,1
0.13,79.5,0.0,77.25,1.07,1.61,0.0082,0.0041,0.0941,0.046,1
0.13,90.5,0.0,77.3,1.07,1.61,0.0675,0.0045,0.0183,0.0511,0
0.13,90.5,0.0,77.3,1.07,1.61,0.0675,0.0045,0.0304,0.0513,0
0.12,90.5,0.0,77.3,4.26,1.78,0.0675,0.0045,0.0458,0.0514,0
0.12,90.5,0.0,77.3,4.26,1.78,0.0092,0.0046,0.0257,0.0472,0
0.12,90.5,0.0,77.3,4.26,1.78,0.0092,0.0046,0.0306,0.0475,0
0.12,90.5,0.0,77.3,4.26,1.78,0.0092,0.0046,0.0351,0.0476,0
0.12,90.5,0.0,77.3,4.26,1.78,0.0093,0.0047,0.0195,0.0517,0
0.12,90.5,0.0,77.3,4.26,1.78,0.0093,0.0047,0.0238,0.0519,0
0.12,90.5,0.0,77.3,4.26,1.78,0.0093,0.0047,0.0292,0.052,0
0.12,94.75,0.0,77.32,4.26,1.78,0.0519,0.0048,0.0296,0.051,0
0.12,94.75,0.0,77.32,4.26,1.78,0.0519,0.0048,0.032,0.0512,0
0.12,94.75,0.0,77.32,4.26,1.78,0.0519,0.0048,0.0342,0.0514,0
0.12,94.75,0.0,77.32,4.26,1.78,0.0089,0.0044,0.0385,0.0529,0
0.12,94.75,0.0,77.32,4.26,1.78,0.0089,0.0044,0.0549,0.0532,1
0.12,94.75,0.0,77.32,4.26,1.78,0.0089,0.0044,0.0664,0.0533,1
0.12,94.75,0.0,77.32,4.26,1.78,0.0076,0.0038,0.0276,0.0523,0
0.12,94.75,0.0,77.32,4.26,1.78,0.0076,0.0038,0.0359,0.0525,0
0.12,94.75,0.0,77.32,4.26,1.78,0.0076,0.0038,0.0516,0.0526,0
0.12,94.75,0.0,77.32,4.26,1.78,0.075,0.0044,0.0254,0.0507,0
0.12,94.75,0.0,77.32,4.26,1.78,0.075,0.0044,0.0286,0.0508,0
0.12,94.75,0.0,77.32,4.26,1.78,0.075,0.0044,0.0333,0.0509,0
0.12,92.5,0.0,78.13,4.26,1.78,0.0092,0.0046,0.0284,0.0472,0
0.12,92.5,0.0,78.13,4.26,1.78,0.0092,0.0046,0.0313,0.0474,0
0.12,92.5,0.0,78.13,4.26,1.78,0.0092,0.0046,0.0475,0.0477,0
0.12,92.5,0.0,78.13,4.26,1.78,0.0089,0.0045,0.0391,0.0505,0
0.12,92.5,0.0,78.13,4.26,1.78,0.0089,0.0045,0.0595,0.0507,1
0.12,92.5,0.0,78.13,4.26,1.78,0.0089,0.0045,0.0619,0.0509,1
0.12,92.5,0.0,78.13,4.26,1.78,0.0462,0.0044,0.0325,0.0552,0
0.12,92.5,0.0,78.13,4.26,1.78,0.0462,0.0044,0.0423,0.0555,0
0.12,92.5,0.0,78.13,4.26,1.78,0.0462,0.0044,0.0454,0.0556,0
0.12,92.5,0.0,78.13,4.26,1.78,0.0083,0.0041,0.0209,0.0467,0
0.12,92.5,0.0,78.13,4.26,1.78,0.0083,0.0041,0.0266,0.0469,0
0.12,92.5,0.0,78.13,4.26,1.78,0.0083,0.0041,0.0433,0.0471,0
0.1,95.25,0.0,78.41,1.13,1.97,0.0083,0.0041,0.0686,0.051,1
0.1,95.25,0.0,78.41,1.13,1.97,0.0083,0.0041,0.0769,0.0512,1
0.1,95.25,0.0,78.41,1.13,1.97,0.0083,0.0041,0.0964,0.0514,1
0.1,95.25,0.0,78.41,1.13,1.97,0.0581,0.0046,0.1738,0.0565,1
0.1,95.25,0.0,78.41,1.13,1.97,0.0581,0.0046,0.1881,0.0568,1
0.1,95.25,0.0,78.41,1.13,1.97,0.0581,0.0046,0.199,0.0569,1
0.1,95.25,0.0,78.41,1.13,1.97,0.009,0.0045,0.0785,0.0502,1
0.1,95.25,0.0,78.41,1.13,1.97,0.009,0.0045,0.081,0.0504,1
0.1,95.25,0.0,78.41,1.13,1.97,0.009,0.0045,0.0833,0.0506,1
0.1,99.25,0.0,78.61,1.13,1.97,0.0082,0.0041,0.0192,0.0635,0
0.1,99.25,0.0,78.61,1.13,1.97,0.0082,0.0041,0.0238,0.0637,0
0.1,99.25,0.0,78.61,1.13,1.97,0.0082,0.0041,0.0267,0.064,0
0.1,99.25,0.0,78.61,1.13,1.97,0.0666,0.0046,0.0455,0.0516,0
0.1,99.25,0.0,78.61,1.13,1.97,0.0666,0.0046,0.0567,0.0518,1
0.1,99.25,0.0,78.61,1.13,1.97,0.0666,0.0046,0.0664,0.052,1
0.1,99.25,0.0,78.61,1.13,1.97,0.0094,0.0047,0.0272,0.0614,0
0.1,99.25,0.0,78.61,1.13,1.97,0.0094,0.0047,0.0414,0.0617,0
0.1,99.25,0.0,78.61,1.13,1.97,0.0094,0.0047,0.0456,0.0618,0
0.1,99.25,0.0,78.61,1.13,1.97,0.0089,0.0044,0.0231,0.0442,0
0.1,99.25,0.0,78.61,1.13,1.97,0.0089,0.0044,0.0283,0.0444,0
0.1,99.25,0.0,78.61,1.13,1.97,0.0089,0.0044,0.0333,0.0445,0
0.1,91.5,0.0,78.53,1.13,1.97,0.0739,0.0044,0.043,0.0508,0
0.1,91.5,0.0,78.53,1.13,1.97,0.0739,0.0044,0.0508,0.051,0
0.1,91.5,0.0,78.53,1.13,1.97,0.0739,0.0044,0.066,0.0512,1
0.1,91.5,0.0,78.53,1.13,1.97,0.0085,0.0043,0.0411,0.0498,0
0.1,91.5,0.0,78.53,1.13,1.97,0.0085,0.0043,0.0481,0.05,0
0.1,91.5,0.0,78.53,1.13,1.97,0.0085,0.0043,0.0617,0.0501,1
0.1,91.5,0.0,78.53,1.13,1.97,0.0084,0.0042,0.0236,0.0503,0
0.1,91.5,0.0,78.53,1.13,1.97,0.0084,0.0042,0.0479,0.0505,0
0.1,91.5,0.0,78.53,1.13,1.97,0.0084,0.0042,0.0613,0.0506,1
0.1,90.0,99.0,77.27,1.64,2.01,0.0498,0.0042,0.035,0.0557,0
0.1,90.0,99.0,77.27,1.64,2.01,0.0498,0.0042,0.0406,0.0559,0
0.1,90.0,99.0,77.27,1.64,2.01,0.0498,0.0042,0.0433,0.056,0
0.1,90.0,99.0,77.27,1.64,2.01,0.0088,0.0044,0.0208,0.05,0
0.1,90.0,99.0,77.27,1.64,2.01,0.0088,0.0044,0.0246,0.0502,0
0.1,90.0,99.0,77.27,1.64,2.01,0.0088,0.0044,0.0269,0.0503,0
0.1,90.0,99.0,77.27,1.64,2.01,0.0085,0.0042,0.0217,0.0504,0
0.1,90.0,99.0,77.27,1.64,2.01,0.0085,0.0042,0.0239,0.0506,0
0.1,90.0,99.0,77.27,1.64,2.01,0.0085,0.0042,0.0262,0.0507,0
0.1,90.0,99.0,77.27,1.64,2.01,0.0528,0.0038,0.0205,0.0516,0
0.1,90.0,99.0,77.27,1.64,2.01,0.0528,0.0038,0.0237,0.0517,0
0.1,90.0,99.0,77.27,1.64,2.01,0.0528,0.0038,0.0277,0.0519,0
0.1,79.25,0.0,77.22,1.64,2.01,0.0072,0.0036,0.0173,0.0522,0
0.1,79.25,0.0,77.22,1.64,2.01,0.0072,0.0036,0.0211,0.0525,0
0.1,79.25,0.0,77.22,1.64,2.01,0.0072,0.0036,0.0312,0.0527,0
0.1,79.25,0.0,77.22,1.64,2.01,0.0083,0.0042,0.0583,0.0443,1
0.1,79.25,0.0,77.22,1.64,2.01,0.0083,0.0042,0.0608,0.0445,1
0.1,79.25,0.0,77.22,1.64,2.01,0.0083,0.0042,0.0655,0.0447,1
0.1,79.25,0.0,77.22,1.64,2.01,0.0574,0.0047,0.0188,0.0505,0
0.1,79.25,0.0,77.22,1.64,2.01,0.0574,0.0047,0.022,0.0507,0
0.1,79.25,0.0,77.22,1.64,2.01,0.0574,0.0047,0.0279,0.0509,0
0.1,79.25,0.0,77.22,1.64,2.01,0.0085,0.0043,0.0192,0.0512,0
0.1,79.25,0.0,77.22,1.64,2.01,0.0085,0.0043,0.0229,0.0513,0
0.1,79.25,0.0,77.22,1.64,2.01,0.0085,0.0043,0.0258,0.0515,0
0.1,83.5,0.0,77.22,1.64,2.01,0.0086,0.0043,0.0189,0.0518,0
0.1,83.5,0.0,77.22,1.64,2.01,0.0086,0.0043,0.0216,0.052,0
0.1,83.5,0.0,77.22,1.64,2.01,0.0086,0.0043,0.025,0.0522,0
0.1,83.5,0.0,77.22,1.64,2.01,0.048,0.0041,0.0219,0.051,0
0.1,83.5,0.0,77.22,1.64,2.01,0.048,0.0041,0.0265,0.0512,0
0.1,83.5,0.0,77.22,1.64,2.01,0.048,0.0041,0.0293,0.0513,0
0.14,83.5,0.0,77.22,1.79,2.03,0.0086,0.0043,0.0171,0.0503,0
0.14,83.5,0.0,77.22,1.79,2.03,0.0086,0.0043,0.0207,0.0505,0
0.14,83.5,0.0,77.22,1.79,2.03,0.0086,0.0043,0.0248,0.0507,0
0.14,78.5,56.0,77.22,1.79,2.03,0.0093,0.0046,0.0316,0.0503,0
0.14,78.5,56.0,77.22,1.79,2.03,0.0093,0.0046,0.0343,0.0505,0
0.14,78.5,56.0,77.22,1.79,2.03,0.0093,0.0046,0.0371,0.0506,0
0.14,78.5,56.0,77.22,1.79,2.03,0.0479,0.0045,0.0169,0.0547,0
0.14,78.5,56.0,77.22,1.79,2.03,0.0479,0.0045,0.02,0.0549,0
0.14,78.5,56.0,77.22,1.79,2.03,0.0479,0.0045,0.0255,0.055,0
0.14,78.5,56.0,77.22,1.79,2.03,0.0091,0.0045,0.0182,0.0511,0
0.14,78.5,56.0,77.22,1.79,2.03,0.0091,0.0045,0.022,0.0512,0
0.14,78.5,56.0,77.22,1.79,2.03,0.0091,0.0045,0.0303,0.0514,0
0.14,78.5,56.0,77.22,1.79,2.03,0.0093,0.0047,0.0166,0.0633,0
0.14,78.5,56.0,77.22,1.79,2.03,0.0093,0.0047,0.0357,0.0635,0
0.14,78.5,56.0,77.22,1.79,2.03,0.0093,0.0047,0.0428,0.0636,0
0.14,74.0,22.0,77.27,1.79,2.03,0.0716,0.0047,0.0264,0.0531,0
0.14,74.0,22.0,77.27,1.79,2.03,0.0716,0.0047,0.0302,0.0533,0
0.14,74.0,22.0,77.27,1.79,2.03,0.0716,0.0047,0.0331,0.0534,0
0.14,74.0,22.0,77.27,1.79,2.03,0.0091,0.0045,0.0215,0.0614,0
0.14,74.0,22.0,77.27,1.79,2.03,0.0091,0.0045,0.0246,0.0618,0
0.14,74.0,22.0,77.27,1.79,2.03,0.0091,0.0045,0.0292,0.0619,0
0.14,74.0,22.0,77.27,1.79,2.03,0.0082,0.0041,0.0236,0.0503,0
0.14,74.0,22.0,77.27,1.79,2.03,0.0082,0.0041,0.026,0.0505,0
0.14,74.0,22.0,77.27,1.79,2.03,0.0082,0.0041,0.0293,0.0507,0
0.14,79.25,19.0,77.07,1.79,2.03,0.0649,0.004,0.0242,0.05,0
0.14,79.25,19.0,77.07,1.79,2.03,0.0649,0.004,0.0306,0.0502,0
0.14,79.25,19.0,77.07,1.79,2.03,0.0649,0.004,0.0339,0.0503,0
0.14,79.25,19.0,77.07,1.79,2.03,0.0087,0.0044,0.018,0.0469,0
0.14,79.25,19.0,77.07,1.79,2.03,0.0087,0.0044,0.022,0.0471,0
0.14,79.25,19.0,77.07,1.79,2.03,0.0087,0.0044,0.0254,0.0473,0
0.14,79.25,19.0,77.07,1.33,1.92,0.0088,0.0044,0.0176,0.0498,0
0.14,79.25,19.0,77.07,1.33,1.92,0.0088,0.0044,0.0231,0.05,0
0.14,79.25,19.0,77.07,1.33,1.92,0.0088,0.0044,0.0266,0.0501,0
0.14,79.25,19.0,77.07,1.33,1.92,0.0615,0.0045,0.0321,0.0511,0
0.14,79.25,19.0,77.07,1.33,1.92,0.0615,0.0045,0.0347,0.0512,0
0.14,79.25,19.0,77.07,1.33,1.92,0.0615,0.0045,0.0389,0.0514,0
0.14,77.5,0.0,77.22,1.33,1.92,0.0088,0.0044,0.0276,0.0452,0
0.14,77.5,0.0,77.22,1.33,1.92,0.0088,0.0044,0.032,0.0455,0
0.14,77.5,0.0,77.22,1.33,1.92,0.0088,0.0044,0.0476,0.0457,1
0.14,77.5,0.0,77.22,1.33,1.92,0.0086,0.0043,0.0168,0.0456,0
0.14,77.5,0.0,77.22,1.33,1.92,0.0086,0.0043,0.0247,0.0458,0
0.14,77.5,0.0,77.22,1.33,1.92,0.0086,0.0043,0.0293,0.046,0
0.14,77.5,0.0,77.22,1.33,1.92,0.0517,0.0045,0.0248,0.0507,0
0.14,77.5,0.0,77.22,1.33,1.92,0.0517,0.0045,0.0282,0.0509,0
0.14,77.5,0.0,77.22,1.33,1.92,0.0517,0.0045,0.0495,0.051,0
0.14,77.5,0.0,77.22,1.33,1.92,0.0085,0.0043,0.0236,0.0456,0
0.14,77.5,0.0,77.22,1.33,1.92,0.0085,0.0043,0.0284,0.0458,0
0.14,77.5,0.0,77.22,1.33,1.92,0.0085,0.0043,0.0415,0.0467,0
0.14,81.5,39.0,77.22,1.33,1.92,0.0088,0.0044,0.0223,0.046,0
0.14,81.5,39.0,77.22,1.33,1.92,0.0088,0.0044,0.0248,0.0462,0
0.14,81.5,39.0,77.22,1.33,1.92,0.0088,0.0044,0.0267,0.0464,0
0.14,81.5,39.0,77.22,1.33,1.92,0.0703,0.0044,0.0234,0.1059,0
0.14,81.5,39.0,77.22,1.33,1.92,0.0703,0.0044,0.026,0.1061,0
0.14,81.5,39.0,77.22,1.33,1.92,0.0703,0.0044,0.029,0.1063,0
0.14,81.5,39.0,77.22,1.33,1.92,0.0086,0.0043,0.0178,0.0496,0
0.14,81.5,39.0,77.22,1.33,1.92,0.0086,0.0043,0.0223,0.0498,0
0.14,81.5,39.0,77.22,1.33,1.92,0.0086,0.0043,0.0283,0.0499,0
0.14,85.25,99.0,77.25,1.33,1.92,0.0084,0.0042,0.1072,0.0509,1
0.14,85.25,99.0,77.25,1.33,1.92,0.0084,0.0042,0.1117,0.051,1
0.14,85.25,99.0,77.25,1.33,1.92,0.0084,0.0042,0.1141,0.0511,1
0.14,85.25,99.0,77.25,1.41,1.78,0.05,0.0043,0.0293,0.0562,0
0.14,85.25,99.0,77.25,1.41,1.78,0.05,0.0043,0.0408,0.0563,0
0.14,85.25,99.0,77.25,1.41,1.78,0.05,0.0043,0.0536,0.0565,0
0.14,85.25,99.0,77.25,1.41,1.78,0.009,0.0045,0.0143,0.0475,0
0.14,85.25,99.0,77.25,1.41,1.78,0.009,0.0045,0.0168,0.0476,0
0.14,85.25,99.0,77.25,1.41,1.78,0.009,0.0045,0.0209,0.0478,0
0.14,85.25,99.0,77.25,1.41,1.78,0.0089,0.0045,0.0493,0.0512,0
0.14,85.25,99.0,77.25,1.41,1.78,0.0089,0.0045,0.0639,0.0515,1
0.14,85.25,99.0,77.25,1.41,1.78,0.0089,0.0045,0.068,0.0516,1
0.14,82.5,0.0,77.19,1.41,1.78,0.0503,0.0043,0.0245,0.0518,0
0.14,82.5,0.0,77.19,1.41,1.78,0.0503,0.0043,0.0272,0.052,0
0.14,82.5,0.0,77.19,1.41,1.78,0.0503,0.0043,0.0396,0.0521,0
0.14,82.5,0.0,77.19,1.41,1.78,0.0089,0.0045,0.017,0.0626,0
0.14,82.5,0.0,77.19,1.41,1.78,0.0089,0.0045,0.0212,0.0628,0
0.14,82.5,0.0,77.19,1.41,1.78,0.0089,0.0045,0.0279,0.0629,0
0.14,82.5,0.0,77.19,1.41,1.78,0.0093,0.0047,0.0185,0.0522,0
0.14,82.5,0.0,77.19,1.41,1.78,0.0093,0.0047,0.0263,0.0523,0
0.14,82.5,0.0,77.19,1.41,1.78,0.0093,0.0047,0.0388,0.0525,0
0.14,79.5,4.0,77.22,1.41,1.78,0.0583,0.0044,0.0232,0.0583,0
0.14,79.5,4.0,77.22,1.41,1.78,0.0583,0.0044,0.0266,0.0584,0
0.14,79.5,4.0,77.22,1.41,1.78,0.0583,0.0044,0.0314,0.0586,0
0.14,79.5,4.0,77.22,1.41,1.78,0.0088,0.0044,0.0203,0.0517,0
0.14,79.5,4.0,77.22,1.41,1.78,0.0088,0.0044,0.0244,0.052,0
0.14,79.5,4.0,77.22,1.41,1.78,0.0088,0.0044,0.0305,0.0525,0
0.14,79.5,4.0,77.22,1.41,1.78,0.0087,0.0044,0.0171,0.0585,0
0.14,79.5,4.0,77.22,1.41,1.78,0.0087,0.0044,0.0209,0.0587,0
0.14,79.5,4.0,77.22,1.41,1.78,0.0087,0.0044,0.0257,0.0588,0
0.14,79.5,4.0,77.22,1.41,1.78,0.0642,0.0042,0.0197,0.0665,0
0.14,79.5,4.0,77.22,1.41,1.78,0.0642,0.0042,0.0233,0.0667,0
0.14,79.5,4.0,77.22,1.41,1.78,0.0642,0.0042,0.0266,0.0669,0
0.14,75.25,99.0,77.22,1.61,1.5,0.0087,0.0043,0.0163,0.0599,0
0.14,75.25,99.0,77.22,1.61,1.5,0.0087,0.0043,0.0193,0.0601,0
0.14,75.25,99.0,77.22,1.61,1.5,0.0087,0.0043,0.0238,0.0602,0
0.14,75.25,99.0,77.22,1.61,1.5,0.0086,0.0043,0.0234,0.0627,0
0.14,75.25,99.0,77.22,1.61,1.5,0.0086,0.0043,0.0274,0.0629,0
0.14,75.25,99.0,77.22,1.61,1.5,0.0086,0.0043,0.0334,0.0631,0
0.14,75.25,99.0,77.22,1.61,1.5,0.049,0.0043,0.0196,0.0611,0
0.14,75.25,99.0,77.22,1.61,1.5,0.049,0.0043,0.0231,0.0614,0
0.14,75.25,99.0,77.22,1.61,1.5,0.049,0.0043,0.0267,0.0615,0
0.14,81.25,0.0,77.25,1.61,1.5,0.0084,0.0042,0.0153,0.0544,0
0.14,81.25,0.0,77.25,1.61,1.5,0.0084,0.0042,0.0188,0.0546,0
0.14,81.25,0.0,77.25,1.61,1.5,0.0084,0.0042,0.0216,0.0548,0
0.14,81.25,0.0,77.25,1.61,1.5,0.0089,0.0045,0.0227,0.0639,0
0.14,81.25,0.0,77.25,1.61,1.5,0.0089,0.0045,0.0251,0.0641,0
0.14,81.25,0.0,77.25,1.61,1.5,0.0089,0.0045,0.0277,0.0643,0
0.14,81.25,0.0,77.25,1.61,1.5,0.0564,0.0048,0.0224,0.0716,0
0.14,81.25,0.0,77.25,1.61,1.5,0.0564,0.0048,0.0287,0.0724,0
0.14,81.25,0.0,77.25,1.61,1.5,0.0564,0.0048,0.0374,0.0727,0
0.14,81.25,0.0,77.25,1.61,1.5,0.0083,0.0042,0.0165,0.0612,0
0.14,81.25,0.0,77.25,1.61,1.5,0.0083,0.0042,0.0188,0.0614,0
0.14,81.25,0.0,77.25,1.61,1.5,0.0083,0.0042,0.023,0.0616,0
0.14,75.5,0.0,77.22,1.61,1.5,0.0084,0.0042,0.0178,0.0624,0
0.14,75.5,0.0,77.22,1.61,1.5,0.0084,0.0042,0.0232,0.0626,0
0.14,75.5,0.0,77.22,1.61,1.5,0.0084,0.0042,0.0253,0.0627,0
0.14,75.5,0.0,77.22,1.61,1.5,0.066,0.004,0.0216,0.1069,0
0.14,75.5,0.0,77.22,1.61,1.5,0.066,0.004,0.029,0.111,0
0.14,75.5,0.0,77.22,1.61,1.5,0.066,0.004,0.0422,0.1112,0
0.14,75.5,0.0,77.22,1.61,1.5,0.0081,0.004,0.0162,0.1024,0
0.14,75.5,0.0,77.22,1.61,1.5,0.0081,0.004,0.0222,0.1026,0
0.14,75.5,0.0,77.22,1.61,1.5,0.0081,0.004,0.0244,0.1027,0
0.14,80.25,0.0,77.25,2.6,1.52,0.0093,0.0047,0.0201,0.1019,0
0.14,80.25,0.0,77.25,2.6,1.52,0.0093,0.0047,0.0246,0.1021,0
0.14,80.25,0.0,77.25,2.6,1.52,0.0093,0.0047,0.0274,0.1022,0
0.14,80.25,0.0,77.25,2.6,1.52,0.0685,0.0043,0.02,0.0639,0
0.14,80.25,0.0,77.25,2.6,1.52,0.0685,0.0043,0.0231,0.0641,0
0.14,80.25,0.0,77.25,2.6,1.52,0.0685,0.0043,0.0434,0.0643,0
0.14,80.25,0.0,77.25,2.6,1.52,0.0083,0.0042,0.0167,0.0554,0
0.14,80.25,0.0,77.25,2.6,1.52,0.0083,0.0042,0.019,0.0556,0
0.14,80.25,0.0,77.25,2.6,1.52,0.0083,0.0042,0.0235,0.0557,0
0.14,80.25,0.0,77.25,2.6,1.52,0.0082,0.0041,0.0272,0.0686,0
0.14,80.25,0.0,77.25,2.6,1.52,0.0082,0.0041,0.03,0.0694,0
0.14,80.25,0.0,77.25,2.6,1.52,0.0082,0.0041,0.0326,0.0695,0
0.14,75.25,0.0,77.25,2.6,1.52,0.0414,0.0042,0.0247,0.057,0
0.14,75.25,0.0,77.25,2.6,1.52,0.0414,0.0042,0.0294,0.0572,0
0.14,75.25,0.0,77.25,2.6,1.52,0.0414,0.0042,0.0474,0.0574,0
0.14,75.25,0.0,77.25,2.6,1.52,0.0078,0.0039,0.0146,0.062,0
0.14,75.25,0.0,77.25,2.6,1.52,0.0078,0.0039,0.0192,0.0622,0
0.14,75.25,0.0,77.25,2.6,1.52,0.0078,0.0039,0.0217,0.0623,0
0.14,75.25,0.0,77.25,2.6,1.52,0.0092,0.0046,0.0222,0.0483,0
0.14,75.25,0.0,77.25,2.6,1.52,0.0092,0.0046,0.0252,0.0485,0
0.14,75.25,0.0,77.25,2.6,1.52,0.0092,0.0046,0.0298,0.0486,0
0.14,77.0,53.0,77.25,2.6,1.52,0.0539,0.0046,0.0199,0.0635,0
0.14,77.0,53.0,77.25,2.6,1.52,0.0539,0.0046,0.0232,0.0637,0
0.14,77.0,53.0,77.25,2.6,1.52,0.0539,0.0046,0.0261,0.0638,0
0.14,77.0,53.0,77.25,2.6,1.52,0.0078,0.0039,0.0149,0.051,0
0.14,77.0,53.0,77.25,2.6,1.52,0.0078,0.0039,0.0182,0.0512,0
0.14,77.0,53.0,77.25,2.6,1.52,0.0078,0.0039,0.025,0.0513,0
0.14,77.0,53.0,77.25,2.6,1.52,0.0082,0.0041,0.0189,0.0487,0
0.14,77.0,53.0,77.25,2.6,1.52,0.0082,0.0041,0.0222,0.0489,0
0.14,77.0,53.0,77.25,2.6,1.52,0.0082,0.0041,0.0288,0.049,0
0.14,77.0,53.0,77.25,1.13,1.59,0.0486,0.0042,0.0188,0.0529,0
0.14,77.0,53.0,77.25,1.13,1.59,0.0486,0.0042,0.0217,0.0531,0
0.14,77.0,53.0,77.25,1.13,1.59,0.0486,0.0042,0.0247,0.0532,0
0.14,77.75,47.0,77.27,1.13,1.59,0.0087,0.0044,0.0212,0.0507,0
0.14,77.75,47.0,77.27,1.13,1.59,0.0087,0.0044,0.0242,0.0509,0
0.14,77.75,47.0,77.27,1.13,1.59,0.0087,0.0044,0.027,0.051,0
0.14,77.75,47.0,77.27,1.13,1.59,0.0085,0.0042,0.0273,0.0506,0
0.14,77.75,47.0,77.27,1.13,1.59,0.0085,0.0042,0.0306,0.0508,0
0.14,77.75,47.0,77.27,1.13,1.59,0.0085,0.0042,0.0383,0.0509,0
0.14,77.75,47.0,77.27,1.13,1.59,0.0452,0.0041,0.019,0.0522,0
0.14,77.75,47.0,77.27,1.13,1.59,0.0452,0.0041,0.0282,0.0524,0
0.14,77.75,47.0,77.27,1.13,1.59,0.0452,0.0041,0.0315,0.0527,0
0.14,75.75,78.0,77.27,1.13,1.59,0.0088,0.0044,0.023,0.0485,0
0.14,75.75,78.0,77.27,1.13,1.59,0.0088,0.0044,0.0262,0.0488,0
0.14,75.75,78.0,77.27,1.13,1.59,0.0088,0.0044,0.0292,0.0489,0
0.14,75.75,78.0,77.27,1.13,1.59,0.0092,0.0046,0.0271,0.049,0
0.14,75.75,78.0,77.27,1.13,1.59,0.0092,0.0046,0.0297,0.0492,0
0.14,75.75,78.0,77.27,1.13,1.59,0.0092,0.0046,0.0354,0.0493,0
0.14,75.75,78.0,77.27,1.13,1.59,0.0583,0.0047,0.0251,0.0524,0
0.14,75.75,78.0,77.27,1.13,1.59,0.0583,0.0047,0.0273,0.0525,0
0.14,75.75,78.0,77.27,1.13,1.59,0.0583,0.0047,0.0298,0.0527,0
0.14,75.75,78.0,77.27,1.13,1.59,0.0095,0.0047,0.0156,0.0474,0
0.14,75.75,78.0,77.27,1.13,1.59,0.0095,0.0047,0.0272,0.0476,0
0.14,75.75,78.0,77.27,1.13,1.59,0.0095,0.0047,0.0323,0.0478,0
0.14,79.0,0.0,77.27,1.13,1.59,0.0084,0.0042,0.022,0.0485,0
0.14,79.0,0.0,77.27,1.13,1.59,0.0084,0.0042,0.0301,0.0487,0
0.14,79.0,0.0,77.27,1.13,1.59,0.0084,0.0042,0.0334,0.0489,0
0.14,79.0,0.0,77.27,1.13,1.59,0.0541,0.0042,0.0222,0.0543,0
0.14,79.0,0.0,77.27,1.13,1.59,0.0541,0.0042,0.025,0.0545,0
0.14,79.0,0.0,77.27,1.13,1.59,0.0541,0.0042,0.0275,0.0546,0
0.14,79.0,0.0,77.27,2.54,1.39,0.0086,0.0043,0.0172,0.0564,0
0.14,79.0,0.0,77.27,2.54,1.39,0.0086,0.0043,0.021,0.0566,0
0.14,79.0,0.0,77.27,2.54,1.39,0.0086,0.0043,0.025,0.0567,0
0.14,82.25,99.0,77.25,2.54,1.39,0.0082,0.0041,0.0163,0.0494,0
0.14,82.25,99.0,77.25,2.54,1.39,0.0082,0.0041,0.0265,0.0496,0
0.14,82.25,99.0,77.25,2.54,1.39,0.0082,0.0041,0.0332,0.0497,0
0.14,82.25,99.0,77.25,2.54,1.39,0.0596,0.0044,0.0327,0.0558,0
0.14,82.25,99.0,77.25,2.54,1.39,0.0596,0.0044,0.0354,0.0559,0
0.14,82.25,99.0,77.25,2.54,1.39,0.0596,0.0044,0.0453,0.0561,0
0.14,82.25,99.0,77.25,2.54,1.39,0.0093,0.0046,0.023,0.0508,0
0.14,82.25,99.0,77.25,2.54,1.39,0.0093,0.0046,0.0265,0.051,0
0.14,82.25,99.0,77.25,2.54,1.39,0.0093,0.0046,0.0353,0.0511,0
0.14,82.25,99.0,77.25,2.54,1.39,0.0084,0.0042,0.0303,0.0514,0
0.14,82.25,99.0,77.25,2.54,1.39,0.0084,0.0042,0.0332,0.0516,0
0.14,82.25,99.0,77.25,2.54,1.39,0.0084,0.0042,0.0377,0.0517,0
0.14,78.75,99.0,77.27,2.54,1.39,0.044,0.0043,0.022,0.0637,0
0.14,78.75,99.0,77.27,2.54,1.39,0.044,0.0043,0.0286,0.0639,0
0.14,78.75,99.0,77.27,2.54,1.39,0.044,0.0043,0.0345,0.064,0
0.14,78.75,99.0,77.27,2.54,1.39,0.0091,0.0045,0.0154,0.049,0
0.14,78.75,99.0,77.27,2.54,1.39,0.0091,0.0045,0.0191,0.0492,0
0.14,78.75,99.0,77.27,2.54,1.39,0.0091,0.0045,0.0217,0.0493,0
0.14,78.75,99.0,77.27,2.54,1.39,0.0089,0.0044,0.0276,0.0481,0
0.14,78.75,99.0,77.27,2.54,1.39,0.0089,0.0044,0.0303,0.0483,0
0.14,78.75,99.0,77.27,2.54,1.39,0.0089,0.0044,0.0409,0.0484,0
0.14,78.75,99.0,77.27,2.54,1.39,0.0515,0.0045,0.0227,0.1083,0
0.14,78.75,99.0,77.27,2.54,1.39,0.0515,0.0045,0.0294,0.1086,0
0.14,78.75,99.0,77.27,2.54,1.39,0.0515,0.0045,0.0325,0.1087,0
0.14,75.5,48.0,77.3,2.54,1.39,0.0098,0.0049,0.0287,0.0488,0
0.14,75.5,48.0,77.3,2.54,1.39,0.0098,0.0049,0.0323,0.049,0
0.14,75.5,48.0,77.3,2.54,1.39,0.0098,0.0049,0.0552,0.0492,1
0.14,75.5,48.0,77.3,1.18,1.18,0.0102,0.0051,0.0323,0.0525,0
0.14,75.5,48.0,77.3,1.18,1.18,0.0102,0.0051,0.058,0.0528,1
0.14,75.5,48.0,77.3,1.18,1.18,0.0102,0.0051,0.0646,0.0529,1
0.14,75.5,48.0,77.3,1.18,1.18,0.0867,0.0046,0.031,0.0549,0
0.14,75.5,48.0,77.3,1.18,1.18,0.0867,0.0046,0.041,0.0551,0
0.14,75.5,48.0,77.3,1.18,1.18,0.0867,0.0046,0.0504,0.0552,0
0.14,79.5,0.0,77.27,1.18,1.18,0.0086,0.0043,0.0177,0.0494,0
0.14,79.5,0.0,77.27,1.18,1.18,0.0086,0.0043,0.0211,0.0495,0
0.14,79.5,0.0,77.27,1.18,1.18,0.0086,0.0043,0.0234,0.0497,0
0.14,79.5,0.0,77.27,1.18,1.18,0.0085,0.0042,0.0233,0.0525,0
0.14,79.5,0.0,77.27,1.18,1.18,0.0085,0.0042,0.0274,0.0527,0
0.14,79.5,0.0,77.27,1.18,1.18,0.0085,0.0042,0.0324,0.0529,0
0.14,79.5,0.0,77.27,1.18,1.18,0.0632,0.0043,0.0206,0.0539,0
0.14,79.5,0.0,77.27,1.18,1.18,0.0632,0.0043,0.0271,0.0541,0
0.14,79.5,0.0,77.27,1.18,1.18,0.0632,0.0043,0.0302,0.0542,0
0.14,79.5,0.0,77.27,1.18,1.18,0.0091,0.0046,0.0332,0.0469,0
0.14,79.5,0.0,77.27,1.18,1.18,0.0091,0.0046,0.041,0.0471,0
0.14,79.5,0.0,77.27,1.18,1.18,0.0091,0.0046,0.0478,0.0473,1
0.14,78.5,0.0,77.3,1.18,1.18,0.0096,0.0048,0.022,0.0488,0
0.14,78.5,0.0,77.3,1.18,1.18,0.0096,0.0048,0.025,0.049,0
0.14,78.5,0.0,77.3,1.18,1.18,0.0096,0.0048,0.0374,0.0491,0
0.14,78.5,0.0,77.3,1.18,1.18,0.0794,0.0047,0.0176,0.0523,0
0.14,78.5,0.0,77.3,1.18,1.18,0.0794,0.0047,0.0227,0.0525,0
0.14,78.5,0.0,77.3,1.18,1.18,0.0794,0.0047,0.0258,0.0529,0
0.14,78.5,0.0,77.3,1.18,1.18,0.0092,0.0046,0.03,0.0482,0
0.14,78.5,0.0,77.3,1.18,1.18,0.0092,0.0046,0.0324,0.0484,0
0.14,78.5,0.0,77.3,1.18,1.18,0.0092,0.0046,0.0465,0.0485,0
0.14,80.0,0.0,77.25,1.18,1.18,0.0091,0.0045,0.0204,0.0484,0
0.14,80.0,0.0,77.25,1.18,1.18,0.0091,0.0045,0.0256,0.0486,0
0.14,80.0,0.0,77.25,1.18,1.18,0.0091,0.0045,0.0303,0.0488,0
0.14,80.0,0.0,77.25,1.18,1.18,0.185,0.0051,0.0312,0.054,0
0.13,80.0,0.0,77.25,1.29,0.9,0.185,0.0051,0.0485,0.0542,0
0.13,80.0,0.0,77.25,1.29,0.9,0.185,0.0051,0.0601,0.0543,1
0.13,80.0,0.0,77.25,1.29,0.9,0.0088,0.0044,0.0206,0.0497,0
0.13,80.0,0.0,77.25,1.29,0.9,0.0088,0.0044,0.0233,0.0499,0
0.13,80.0,0.0,77.25,1.29,0.9,0.0088,0.0044,0.0282,0.05,0
0.13,80.0,0.0,77.25,1.29,0.9,0.009,0.0045,0.0235,0.0491,0
0.13,80.0,0.0,77.25,1.29,0.9,0.009,0.0045,0.0299,0.0493,0
0.13,80.0,0.0,77.25,1.29,0.9,0.009,0.0045,0.035,0.0494,0
0.13,81.75,0.0,77.32,1.29,0.9,0.1874,0.0047,0.0214,0.0521,0
0.13,81.75,0.0,77.32,1.29,0.9,0.1874,0.0047,0.0242,0.0523,0
0.13,81.75,0.0,77.32,1.29,0.9,0.1874,0.0047,0.0266,0.0524,0
0.13,81.75,0.0,77.32,1.29,0.9,0.0092,0.0046,0.0556,0.0459,1
0.13,81.75,0.0,77.32,1.29,0.9,0.0092,0.0046,0.0632,0.046,1
0.13,81.75,0.0,77.32,1.29,0.9,0.0092,0.0046,0.0666,0.0461,1
0.13,81.75,0.0,77.32,1.29,0.9,0.0093,0.0046,0.0168,0.0507,0
0.13,81.75,0.0,77.32,1.29,0.9,0.0093,0.0046,0.0352,0.0509,0
0.13,81.75,0.0,77.32,1.29,0.9,0.0093,0.0046,0.0388,0.0511,0
0.13,81.0,0.0,77.14,1.29,0.9,0.252,0.0046,0.0231,0.0644,0
0.13,81.0,0.0,77.14,1.29,0.9,0.252,0.0046,0.0459,0.0647,0
0.13,81.0,0.0,77.14,1.29,0.9,0.252,0.0046,0.0487,0.0648,0
0.13,81.0,0.0,77.14,1.29,0.9,0.0091,0.0045,0.017,0.0512,0
0.13,81.0,0.0,77.14,1.29,0.9,0.0091,0.0045,0.0194,0.0513,0
0.13,81.0,0.0,77.14,1.29,0.9,0.0091,0.0045,0.023,0.0515,0
0.13,81.0,0.0,77.14,1.29,0.9,0.0081,0.004,0.0212,0.0505,0
0.13,81.0,0.0,77.14,1.29,0.9,0.0081,0.004,0.0238,0.0507,0
0.13,81.0,0.0,77.14,1.29,0.9,0.0081,0.004,0.0267,0.0508,0
0.13,81.0,0.0,77.14,1.29,0.9,0.1143,0.0044,0.0258,0.0556,0
0.13,81.0,0.0,77.14,1.29,0.9,0.1143,0.0044,0.0288,0.0558,0
0.13,81.0,0.0,77.14,1.29,0.9,0.1143,0.0044,0.0325,0.0562,0
0.13,78.25,0.0,77.17,1.29,0.9,0.0086,0.0043,0.0202,0.0489,0
0.13,78.25,0.0,77.17,1.29,0.9,0.0086,0.0043,0.0256,0.0491,0
0.13,78.25,0.0,77.17,1.29,0.9,0.0086,0.0043,0.0283,0.0492,0
0.15,78.25,0.0,77.17,4.19,0.88,0.0088,0.0044,0.0176,0.0518,0
0.15,78.25,0.0,77.17,4.19,0.88,0.0088,0.0044,0.0209,0.0519,0
0.15,78.25,0.0,77.17,4.19,0.88,0.0088,0.0044,0.0291,0.052,0
0.15,78.25,0.0,77.17,4.19,0.88,0.1267,0.0046,0.0219,0.0528,0
0.15,78.25,0.0,77.17,4.19,0.88,0.1267,0.0046,0.0251,0.053,0
0.15,78.25,0.0,77.17,4.19,0.88,0.1267,0.0046,0.0318,0.0531,0
0.15,78.25,0.0,77.17,4.19,0.88,0.0089,0.0044,0.0191,0.0463,0
0.15,78.25,0.0,77.17,4.19,0.88,0.0089,0.0044,0.0212,0.0465,0
0.15,78.25,0.0,77.17,4.19,0.88,0.0089,0.0044,0.0391,0.0466,0
0.15,78.5,0.0,77.19,4.19,0.88,0.0097,0.0048,0.0199,0.0453,0
0.15,78.5,0.0,77.19,4.19,0.88,0.0097,0.0048,0.0258,0.0455,0
0.15,78.5,0.0,77.19,4.19,0.88,0.0097,0.0048,0.03,0.0457,0
0.15,78.5,0.0,77.19,4.19,0.88,0.3431,0.005,0.0186,0.0536,0
0.15,78.5,0.0,77.19,4.19,0.88,0.3431,0.005,0.0284,0.0538,0
0.15,78.5,0.0,77.19,4.19,0.88,0.3431,0.005,0.0317,0.0539,0
0.15,78.5,0.0,77.19,4.19,0.88,0.0096,0.0048,0.0179,0.0511,0
0.15,78.5,0.0,77.19,4.19,0.88,0.0096,0.0048,0.0206,0.0513,0
0.15,78.5,0.0,77.19,4.19,0.88,0.0096,0.0048,0.0242,0.0514,0
0.15,77.75,0.0,77.14,4.19,0.88,0.0091,0.0045,0.0184,0.0536,0
0.15,77.75,0.0,77.14,4.19,0.88,0.0091,0.0045,0.0221,0.0538,0
0.15,77.75,0.0,77.14,4.19,0.88,0.0091,0.0045,0.0298,0.0539,0
0.15,77.75,0.0,77.14,4.19,0.88,0.2872,0.0045,0.0182,0.05,0
0.15,77.75,0.0,77.14,4.19,0.88,0.2872,0.0045,0.0212,0.0501,0
0.15,77.75,0.0,77.14,4.19,0.88,0.2872,0.0045,0.0243,0.0503,0
0.15,77.75,0.0,77.14,4.19,0.88,0.0097,0.0049,0.0199,0.0508,0
0.15,77.75,0.0,77.14,4.19,0.88,0.0097,0.0049,0.022,0.051,0
0.15,77.75,0.0,77.14,4.19,0.88,0.0097,0.0049,0.0273,0.0511,0
0.15,77.75,0.0,77.14,4.19,0.88,0.01,0.005,0.0347,0.0602,0
0.15,77.75,0.0,77.14,4.19,0.88,0.01,0.005,0.038,0.0604,0
0.12,77.75,0.0,77.14,1.85,1.04,0.01,0.005,0.0594,0.0606,0
0.12,74.75,40.0,77.17,1.85,1.04,0.0831,0.0044,0.0214,0.0524,0
0.12,74.75,40.0,77.17,1.85,1.04,0.0831,0.0044,0.024,0.0527,0
0.12,74.75,40.0,77.17,1.85,1.04,0.0831,0.0044,0.0264,0.0528,0
0.12,74.75,40.0,77.17,1.85,1.04,0.0084,0.0042,0.0199,0.0502,0
0.12,74.75,40.0,77.17,1.85,1.04,0.0084,0.0042,0.0373,0.0504,0
0.12,74.75,40.0,77.17,1.85,1.04,0.0084,0.0042,0.0447,0.0505,0
0.12,74.75,40.0,77.17,1.85,1.04,0.0082,0.0041,0.0179,0.0511,0
0.12,74.75,40.0,77.17,1.85,1.04,0.0082,0.0041,0.0216,0.0513,0
0.12,74.75,40.0,77.17,1.85,1.04,0.0082,0.0041,0.0251,0.0514,0
0.12,82.0,0.0,77.07,1.85,1.04,0.0605,0.0042,0.029,0.0557,0
0.12,82.0,0.0,77.07,1.85,1.04,0.0605,0.0042,0.0393,0.0558,0
0.12,82.0,0.0,77.07,1.85,1.04,0.0605,0.0042,0.0429,0.056,0
0.12,82.0,0.0,77.07,1.85,1.04,0.0095,0.0048,0.0324,0.0508,0
0.12,82.0,0.0,77.07,1.85,1.04,0.0095,0.0048,0.0349,0.051,0
0.12,82.0,0.0,77.07,1.85,1.04,0.0095,0.0048,0.0547,0.0511,1
0.12,82.0,0.0,77.07,1.85,1.04,0.0097,0.0049,0.0259,0.0524,0
0.12,82.0,0.0,77.07,1.85,1.04,0.0097,0.0049,0.0288,0.0527,0
0.12,82.0,0.0,77.07,1.85,1.04,0.0097,0.0049,0.0342,0.0529,0
0.12,82.0,0.0,77.07,1.85,1.04,0.0453,0.0045,0.0205,0.0652,0
0.12,82.0,0.0,77.07,1.85,1.04,0.0453,0.0045,0.0227,0.0653,0
0.12,82.0,0.0,77.07,1.85,1.04,0.0453,0.0045,0.0254,0.0654,0
0.12,76.75,0.0,77.12,1.85,1.04,0.0082,0.0041,0.022,0.0481,0
0.12,76.75,0.0,77.12,1.85,1.04,0.0082,0.0041,0.0269,0.0483,0
0.12,76.75,0.0,77.12,1.85,1.04,0.0082,0.0041,0.0306,0.0485,0
0.12,76.75,0.0,77.12,1.85,1.04,0.0095,0.0047,0.0209,0.0575,0
0.12,76.75,0.0,77.12,1.85,1.04,0.0095,0.0047,0.0248,0.0576,0
0.12,76.75,0.0,77.12,1.85,1.04,0.0095,0.0047,0.0286,0.0578,0
0.12,76.75,0.0,77.12,1.85,1.04,0.0579,0.0044,0.0351,0.0537,0
0.12,76.75,0.0,77.12,1.85,1.04,0.0579,0.0044,0.0413,0.0539,0
0.12,76.75,0.0,77.12,1.85,1.04,0.0579,0.0044,0.0441,0.0541,0
0.15,75.75,0.0,77.14,3.13,1.14,0.0084,0.0042,0.0198,0.0476,0
0.15,75.75,0.0,77.14,3.13,1.14,0.0084,0.0042,0.0255,0.0478,0
0.15,75.75,0.0,77.14,3.13,1.14,0.0084,0.0042,0.0307,0.0479,0
0.15,75.75,0.0,77.14,3.13,1.14,0.0088,0.0044,0.0244,0.0529,0
0.15,75.75,0.0,77.14,3.13,1.14,0.0088,0.0044,0.0302,0.0531,0
0.15,75.75,0.0,77.14,3.13,1.14,0.0088,0.0044,0.0375,0.0532,0
0.15,75.75,0.0,77.14,3.13,1.14,0.0677,0.0044,0.0234,0.0545,0
0.15,75.75,0.0,77.14,3.13,1.14,0.0677,0.0044,0.0261,0.0547,0
0.15,75.75,0.0,77.14,3.13,1.14,0.0677,0.0044,0.0291,0.0548,0
0.15,75.75,0.0,77.14,3.13,1.14,0.0084,0.0042,0.0204,0.0504,0
0.15,75.75,0.0,77.14,3.13,1.14,0.0084,0.0042,0.0266,0.0508,0
0.15,75.75,0.0,77.14,3.13,1.14,0.0084,0.0042,0.0315,0.051,0
0.15,79.25,0.0,77.22,3.13,1.14,0.0088,0.0044,0.0167,0.0494,0
0.15,79.25,0.0,77.22,3.13,1.14,0.0088,0.0044,0.0193,0.0499,0
0.15,79.25,0.0,77.22,3.13,1.14,0.0088,0.0044,0.0271,0.0501,0
0.15,79.25,0.0,77.22,3.13,1.14,0.0528,0.0044,0.0206,0.0523,0
0.15,79.25,0.0,77.22,3.13,1.14,0.0528,0.0044,0.0277,0.0525,0
0.15,79.25,0.0,77.22,3.13,1.14,0.0528,0.0044,0.0438,0.053,0
0.15,79.25,0.0,77.22,3.13,1.14,0.0083,0.0042,0.0294,0.0509,0
0.15,79.25,0.0,77.22,3.13,1.14,0.0083,0.0042,0.0374,0.0511,0
0.15,79.25,0.0,77.22,3.13,1.14,0.0083,0.0042,0.0405,0.0513,0
0.15,79.25,0.0,77.22,3.13,1.14,0.0089,0.0045,0.0232,0.1105,0
0.15,79.25,0.0,77.22,3.13,1.14,0.0089,0.0045,0.0254,0.1108,0
0.15,79.25,0.0,77.22,3.13,1.14,0.0089,0.0045,0.0279,0.111,0
0.15,77.25,0.0,77.25,3.13,1.14,0.0676,0.0042,0.0203,0.0779,0
0.15,77.25,0.0,77.25,3.13,1.14,0.0676,0.0042,0.0304,0.0781,0
0.15,77.25,0.0,77.25,3.13,1.14,0.0676,0.0042,0.0473,0.0783,0
0.15,77.25,0.0,77.25,3.13,1.14,0.0085,0.0042,0.0193,0.0497,0
0.15,77.25,0.0,77.25,3.13,1.14,0.0085,0.0042,0.0227,0.05,0
0.15,77.25,0.0,77.25,3.13,1.14,0.0085,0.0042,0.0259,0.0501,0
0.14,77.25,0.0,77.25,1.04,1.29,0.0089,0.0044,0.0575,0.0483,1
0.14,77.25,0.0,77.25,1.04,1.29,0.0089,0.0044,0.0646,0.0485,1
0.14,77.25,0.0,77.25,1.04,1.29,0.0089,0.0044,0.0737,0.0486,1
0.14,80.5,99.0,77.27,1.04,1.29,0.107,0.0047,0.0382,0.0542,0
0.14,80.5,99.0,77.27,1.04,1.29,0.107,0.0047,0.0407,0.0545,0
0.14,80.5,99.0,77.27,1.04,1.29,0.107,0.0047,0.0473,0.0546,0
0.14,80.5,99.0,77.27,1.04,1.29,0.0094,0.0047,0.0244,0.0506,0
0.14,80.5,99.0,77.27,1.04,1.29,0.0094,0.0047,0.0267,0.0508,0
0.14,80.5,99.0,77.27,1.04,1.29,0.0094,0.0047,0.0431,0.0509,0
0.14,80.5,99.0,77.27,1.04,1.29,0.0098,0.0049,0.0159,0.0514,0
0.14,80.5,99.0,77.27,1.04,1.29,0.0098,0.0049,0.0212,0.0516,0
0.14,80.5,99.0,77.27,1.04,1.29,0.0098,0.0049,0.0238,0.0517,0
0.14,82.25,63.0,77.22,1.04,1.29,0.1057,0.0049,0.0374,0.0567,0
0.14,82.25,63.0,77.22,1.04,1.29,0.1057,0.0049,0.044,0.057,0
0.14,82.25,63.0,77.22,1.04,1.29,0.1057,0.0049,0.0479,0.0571,0
0.14,82.25,63.0,77.22,1.04,1.29,0.0085,0.0042,0.0179,0.0522,0
0.14,82.25,63.0,77.22,1.04,1.29,0.0085,0.0042,0.0278,0.0524,0
0.14,82.25,63.0,77.22,1.04,1.29,0.0085,0.0042,0.0449,0.0525,0
0.14,82.25,63.0,77.22,1.04,1.29,0.008,0.004,0.0148,0.051,0
0.14,82.25,63.0,77.22,1.04,1.29,0.008,0.004,0.0231,0.0512,0
0.14,82.25,63.0,77.22,1.04,1.29,0.008,0.004,0.0309,0.0513,0
0.14,82.25,63.0,77.22,1.04,1.29,0.1054,0.0046,0.0226,0.0603,0
0.14,82.25,63.0,77.22,1.04,1.29,0.1054,0.0046,0.0261,0.0605,0
0.14,82.25,63.0,77.22,1.04,1.29,0.1054,0.0046,0.0332,0.0608,0
0.14,75.25,0.0,77.12,1.04,1.29,0.0093,0.0046,0.0157,0.0507,0
0.14,75.25,0.0,77.12,1.04,1.29,0.0093,0.0046,0.0219,0.0509,0
0.14,75.25,0.0,77.12,1.04,1.29,0.0093,0.0046,0.0319,0.051,0
0.14,75.25,0.0,77.12,1.04,1.29,0.0084,0.0042,0.0237,0.0542,0
0.14,75.25,0.0,77.12,1.04,1.29,0.0084,0.0042,0.0313,0.0545,0
0.14,75.25,0.0,77.12,1.04,1.29,0.0084,0.0042,0.0428,0.0548,0
0.14,75.25,0.0,77.12,3.49,1.51,0.1043,0.004,0.0298,0.057,0
0.14,75.25,0.0,77.12,3.49,1.51,0.1043,0.004,0.0323,0.0572,0
0.14,75.25,0.0,77.12,3.49,1.51,0.1043,0.004,0.0353,0.0574,0
0.14,78.25,0.0,77.22,3.49,1.51,0.0077,0.0038,0.0201,0.0495,0
0.14,78.25,0.0,77.22,3.49,1.51,0.0077,0.0038,0.0235,0.0497,0
0.14,78.25,0.0,77.22,3.49,1.51,0.0077,0.0038,0.026,0.0498,0
0.14,78.25,0.0,77.22,3.49,1.51,0.0075,0.0037,0.0203,0.052,0
0.14,78.25,0.0,77.22,3.49,1.51,0.0075,0.0037,0.0229,0.0522,0
0.14,78.25,0.0,77.22,3.49,1.51,0.0075,0.0037,0.0281,0.0523,0
0.14,78.25,0.0,77.22,3.49,1.51,0.0779,0.0043,0.0211,0.0504,0
0.14,78.25,0.0,77.22,3.49,1.51,0.0779,0.0043,0.0247,0.0506,0
0.14,78.25,0.0,77.22,3.49,1.51,0.0779,0.0043,0.028,0.0508,0
0.14,78.25,0.0,77.22,3.49,1.51,0.0085,0.0042,0.0228,0.0514,0
0.14,78.25,0.0,77.22,3.49,1.51,0.0085,0.0042,0.0286,0.0516,0
0.14,78.25,0.0,77.22,3.49,1.51,0.0085,0.0042,0.0309,0.0517,0
0.14,77.0,0.0,77.19,3.49,1.51,0.0087,0.0044,0.0236,0.0491,0
0.14,77.0,0.0,77.19,3.49,1.51,0.0087,0.0044,0.0296,0.0493,0
0.14,77.0,0.0,77.19,3.49,1.51,0.0087,0.0044,0.0332,0.0495,0
0.14,77.0,0.0,77.19,3.49,1.51,0.0557,0.0041,0.0208,0.0521,0
0.14,77.0,0.0,77.19,3.49,1.51,0.0557,0.0041,0.0248,0.0523,0
0.14,77.0,0.0,77.19,3.49,1.51,0.0557,0.0041,0.032,0.0526,0
0.14,77.0,0.0,77.19,3.49,1.51,0.0088,0.0044,0.0174,0.045,0
0.14,77.0,0.0,77.19,3.49,1.51,0.0088,0.0044,0.0196,0.0452,0
0.14,77.0,0.0,77.19,3.49,1.51,0.0088,0.0044,0.0256,0.0454,0
0.14,74.75,99.0,77.22,3.49,1.51,0.0086,0.0043,0.018,0.0506,0
0.14,74.75,99.0,77.22,3.49,1.51,0.0086,0.0043,0.0204,0.0508,0
0.14,74.75,99.0,77.22,3.49,1.51,0.0086,0.0043,0.0276,0.051,0
0.14,74.75,99.0,77.22,3.49,1.51,0.0773,0.0044,0.0211,0.053,0
0.14,74.75,99.0,77.22,3.49,1.51,0.0773,0.0044,0.0247,0.0531,0
0.14,74.75,99.0,77.22,3.49,1.51,0.0773,0.0044,0.0274,0.0533,0
0.14,74.75,99.0,77.22,1.25,1.69,0.0081,0.004,0.028,0.0494,0
0.14,74.75,99.0,77.22,1.25,1.69,0.0081,0.004,0.0333,0.0496,0
0.14,74.75,99.0,77.22,1.25,1.69,0.0081,0.004,0.0475,0.0497,0
0.14,74.75,99.0,77.22,1.25,1.69,0.0088,0.0044,0.0246,0.0474,0
0.14,74.75,99.0,77.22,1.25,1.69,0.0088,0.0044,0.0267,0.0476,0
0.14,74.75,99.0,77.22,1.25,1.69,0.0088,0.0044,0.03,0.0478,0
0.14,80.5,99.0,77.22,1.25,1.69,0.048,0.0042,0.0249,0.0511,0
0.14,80.5,99.0,77.22,1.25,1.69,0.048,0.0042,0.031,0.0513,0
0.14,80.5,99.0,77.22,1.25,1.69,0.048,0.0042,0.0402,0.0515,0
0.14,80.5,99.0,77.22,1.25,1.69,0.0086,0.0043,0.0273,0.0529,0
0.14,80.5,99.0,77.22,1.25,1.69,0.0086,0.0043,0.03,0.0531,0
0.14,80.5,99.0,77.22,1.25,1.69,0.0086,0.0043,0.0326,0.0532,0
0.14,80.5,99.0,77.22,1.25,1.69,0.0086,0.0043,0.0215,0.0495,0
0.14,80.5,99.0,77.22,1.25,1.69,0.0086,0.0043,0.0259,0.0497,0
0.14,80.5,99.0,77.22,1.25,1.69,0.0086,0.0043,0.0306,0.0499,0
0.14,76.75,61.0,77.19,1.25,1.69,0.0734,0.0047,0.0339,0.0513,0
0.14,76.75,61.0,77.19,1.25,1.69,0.0734,0.0047,0.0379,0.0514,0
0.14,76.75,61.0,77.19,1.25,1.69,0.0734,0.0047,0.0526,0.0516,1
0.14,76.75,61.0,77.19,1.25,1.69,0.0098,0.0049,0.0302,0.045,0
0.14,76.75,61.0,77.19,1.25,1.69,0.0098,0.0049,0.0414,0.0452,0
0.14,76.75,61.0,77.19,1.25,1.69,0.0098,0.0049,0.0455,0.0454,1
0.14,76.75,61.0,77.19,1.25,1.69,0.0082,0.0041,0.019,0.0492,0
0.14,76.75,61.0,77.19,1.25,1.69,0.0082,0.0041,0.0226,0.0493,0
0.14,76.75,61.0,77.19,1.25,1.69,0.0082,0.0041,0.0279,0.0495,0
0.14,76.75,61.0,77.19,1.25,1.69,0.0597,0.0042,0.0261,0.0626,0
0.14,76.75,61.0,77.19,1.25,1.69,0.0597,0.0042,0.0287,0.0628,0
0.14,76.75,61.0,77.19,1.25,1.69,0.0597,0.0042,0.0352,0.063,0
0.14,81.5,99.0,77.22,1.25,1.69,0.0085,0.0042,0.0277,0.0474,0
0.14,81.5,99.0,77.22,1.25,1.69,0.0085,0.0042,0.0395,0.0476,0
0.14,81.5,99.0,77.22,1.25,1.69,0.0085,0.0042,0.0451,0.0478,0
0.14,81.5,99.0,77.22,1.42,1.62,0.008,0.004,0.0261,0.0579,0
0.14,81.5,99.0,77.22,1.42,1.62,0.008,0.004,0.0304,0.0581,0
0.14,81.5,99.0,77.22,1.42,1.62,0.008,0.004,0.0362,0.0583,0
0.14,81.5,99.0,77.22,1.42,1.62,0.062,0.0044,0.0197,0.0495,0
0.14,81.5,99.0,77.22,1.42,1.62,0.062,0.0044,0.0225,0.0497,0
0.14,81.5,99.0,77.22,1.42,1.62,0.062,0.0044,0.0297,0.0499,0
0.14,81.5,99.0,77.22,1.42,1.62,0.0089,0.0045,0.0164,0.0447,0
0.14,81.5,99.0,77.22,1.42,1.62,0.0089,0.0045,0.0185,0.0449,0
0.14,81.5,99.0,77.22,1.42,1.62,0.0089,0.0045,0.0211,0.0451,0
0.14,77.75,80.0,77.25,1.42,1.62,0.0095,0.0047,0.0194,0.0472,0
0.14,77.75,80.0,77.25,1.42,1.62,0.0095,0.0047,0.0236,0.0474,0
0.14,77.75,80.0,77.25,1.42,1.62,0.0095,0.0047,0.0272,0.0475,0
0.14,77.75,80.0,77.25,1.42,1.62,0.0586,0.0045,0.0217,0.0492,0
0.14,77.75,80.0,77.25,1.42,1.62,0.0586,0.0045,0.0242,0.0494,0
0.14,77.75,80.0,77.25,1.42,1.62,0.0586,0.0045,0.027,0.0495,0
0.14,77.75,80.0,77.25,1.42,1.62,0.0088,0.0044,0.015,0.0483,0
0.14,77.75,80.0,77.25,1.42,1.62,0.0088,0.0044,0.0199,0.0486,0
0.14,77.75,80.0,77.25,1.42,1.62,0.0088,0.0044,0.0291,0.0487,0
0.14,75.0,0.0,77.19,1.42,1.62,0.0092,0.0046,0.0158,0.051,0
0.14,75.0,0.0,77.19,1.42,1.62,0.0092,0.0046,0.0182,0.0512,0
0.14,75.0,0.0,77.19,1.42,1.62,0.0092,0.0046,0.0269,0.0514,0
0.14,75.0,0.0,77.19,1.42,1.62,0.0762,0.0044,0.0254,0.0559,0
0.14,75.0,0.0,77.19,1.42,1.62,0.0762,0.0044,0.0355,0.0561,0
0.14,75.0,0.0,77.19,1.42,1.62,0.0762,0.0044,0.0453,0.0562,0
0.14,75.0,0.0,77.19,1.42,1.62,0.0088,0.0044,0.0199,0.0493,0
0.14,75.0,0.0,77.19,1.42,1.62,0.0088,0.0044,0.0266,0.0495,0
0.14,75.0,0.0,77.19,1.42,1.62,0.0088,0.0044,0.0298,0.0496,0
0.14,75.0,0.0,77.19,1.42,1.62,0.0093,0.0046,0.0164,0.0487,0
0.14,75.0,0.0,77.19,1.42,1.62,0.0093,0.0046,0.0193,0.0489,0
0.14,75.0,0.0,77.19,1.42,1.62,0.0093,0.0046,0.0292,0.049,0
0.14,77.25,0.0,77.19,1.31,1.5,0.062,0.0043,0.022,0.0527,0
0.14,77.25,0.0,77.19,1.31,1.5,0.062,0.0043,0.025,0.0529,0
0.14,77.25,0.0,77.19,1.31,1.5,0.062,0.0043,0.0284,0.053,0
0.14,77.25,0.0,77.19,1.31,1.5,0.0085,0.0042,0.0218,0.0452,0
0.14,77.25,0.0,77.19,1.31,1.5,0.0085,0.0042,0.026,0.0455,0
0.14,77.25,0.0,77.19,1.31,1.5,0.0085,0.0042,0.0321,0.0456,0
0.14,77.25,0.0,77.19,1.31,1.5,0.0086,0.0043,0.023,0.0514,0
0.14,77.25,0.0,77.19,1.31,1.5,0.0086,0.0043,0.0287,0.0516,0
0.14,77.25,0.0,77.19,1.31,1.5,0.0086,0.0043,0.0315,0.0518,0
0.14,79.75,0.0,77.19,1.31,1.5,0.0695,0.0041,0.0171,0.051,0
0.14,79.75,0.0,77.19,1.31,1.5,0.0695,0.0041,0.0194,0.0512,0
0.14,79.75,0.0,77.19,1.31,1.5,0.0695,0.0041,0.0228,0.0513,0
0.14,79.75,0.0,77.19,1.31,1.5,0.0086,0.0043,0.0181,0.0459,0
0.14,79.75,0.0,77.19,1.31,1.5,0.0086,0.0043,0.0207,0.0461,0
0.14,79.75,0.0,77.19,1.31,1.5,0.0086,0.0043,0.0275,0.0463,0
0.14,79.75,0.0,77.19,1.31,1.5,0.0086,0.0043,0.0192,0.0519,0
0.14,79.75,0.0,77.19,1.31,1.5,0.0086,0.0043,0.0255,0.0521,0
0.14,79.75,0.0,77.19,1.31,1.5,0.0086,0.0043,0.0355,0.0523,0
0.14,79.75,0.0,77.19,1.31,1.5,0.0711,0.0047,0.0369,0.0486,0
0.14,79.75,0.0,77.19,1.31,1.5,0.0711,0.0047,0.0412,0.0489,0
0.14,79.75,0.0,77.19,1.31,1.5,0.0711,0.0047,0.0542,0.049,1
0.14,79.5,0.0,77.27,1.31,1.5,0.0091,0.0046,0.0215,0.0498,0
0.14,79.5,0.0,77.27,1.31,1.5,0.0091,0.0046,0.0247,0.05,0
0.14,79.5,0.0,77.27,1.31,1.5,0.0091,0.0046,0.0283,0.0501,0
0.14,79.5,0.0,77.27,1.31,1.5,0.0089,0.0045,0.0196,0.121,0
0.14,79.5,0.0,77.27,1.31,1.5,0.0089,0.0045,0.0233,0.1212,0
0.14,79.5,0.0,77.27,1.31,1.5,0.0089,0.0045,0.0271,0.1214,0
0.14,79.5,0.0,77.27,1.31,1.5,0.0641,0.0045,0.0193,0.1266,0
0.14,79.5,0.0,77.27,1.31,1.5,0.0641,0.0045,0.0219,0.1268,0
0.14,79.5,0.0,77.27,1.31,1.5,0.0641,0.0045,0.0259,0.1269,0
0.14,79.5,0.0,77.27,7.92,1.97,0.0094,0.0047,0.0182,0.0521,0
0.14,79.5,0.0,77.27,7.92,1.97,0.0094,0.0047,0.0215,0.0523,0
0.14,79.5,0.0,77.27,7.92,1.97,0.0094,0.0047,0.0258,0.0524,0
0.14,77.0,99.0,77.27,7.92,1.97,0.0093,0.0046,0.0513,0.0519,0
0.14,77.0,99.0,77.27,7.92,1.97,0.0093,0.0046,0.069,0.0521,1
0.14,77.0,99.0,77.27,7.92,1.97,0.0093,0.0046,0.0835,0.0523,1
0.14,77.0,99.0,77.27,7.92,1.97,0.0661,0.0048,0.0294,0.0496,0
0.14,77.0,99.0,77.27,7.92,1.97,0.0661,0.0048,0.0402,0.0498,0
0.14,77.0,99.0,77.27,7.92,1.97,0.0661,0.0048,0.0452,0.0499,0
0.14,77.0,99.0,77.27,7.92,1.97,0.0093,0.0046,0.0253,0.0509,0
0.14,77.0,99.0,77.27,7.92,1.97,0.0093,0.0046,0.0278,0.0511,0
0.14,77.0,99.0,77.27,7.92,1.97,0.0093,0.0046,0.0302,0.0512,0
0.14,81.5,0.0,77.19,7.92,1.97,0.0091,0.0045,0.0182,0.0511,0
0.14,81.5,0.0,77.19,7.92,1.97,0.0091,0.0045,0.0215,0.0513,0
0.14,81.5,0.0,77.19,7.92,1.97,0.0091,0.0045,0.0303,0.0514,0
0.14,81.5,0.0,77.19,7.92,1.97,0.055,0.0043,0.0289,0.0545,0
0.14,81.5,0.0,77.19,7.92,1.97,0.055,0.0043,0.0317,0.0548,0
0.14,81.5,0.0,77.19,7.92,1.97,0.055,0.0043,0.0504,0.0549,0
0.14,81.5,0.0,77.19,7.92,1.97,0.0081,0.0041,0.0234,0.0512,0
0.14,81.5,0.0,77.19,7.92,1.97,0.0081,0.0041,0.0288,0.0514,0
0.14,81.5,0.0,77.19,7.92,1.97,0.0081,0.0041,0.0312,0.0516,0
0.14,81.5,0.0,77.19,7.92,1.97,0.0081,0.0041,0.0228,0.0533,0
0.14,81.5,0.0,77.19,7.92,1.97,0.0081,0.0041,0.0272,0.0535,0
0.14,81.5,0.0,77.19,7.92,1.97,0.0081,0.0041,0.0332,0.0536,0
0.14,75.0,0.0,77.19,7.92,1.97,0.083,0.0044,0.0222,0.0518,0
0.14,75.0,0.0,77.19,7.92,1.97,0.083,0.0044,0.0255,0.0521,0
0.14,75.0,0.0,77.19,7.92,1.97,0.083,0.0044,0.0337,0.0522,0
0.14,75.0,0.0,77.19,7.92,1.97,0.0089,0.0044,0.0273,0.0493,0
0.14,75.0,0.0,77.19,7.92,1.97,0.0089,0.0044,0.0365,0.0495,0
0.14,75.0,0.0,77.19,7.92,1.97,0.0089,0.0044,0.0401,0.0498,0
0.13,75.0,0.0,77.19,1.22,2.45,0.0087,0.0044,0.0268,0.051,0
0.13,75.0,0.0,77.19,1.22,2.45,0.0087,0.0044,0.0311,0.0512,0
0.13,75.0,0.0,77.19,1.22,2.45,0.0087,0.0044,0.0377,0.0514,0
0.13,78.0,0.0,77.25,1.22,2.45,0.069,0.0049,0.0263,0.0526,0
0.13,78.0,0.0,77.25,1.22,2.45,0.069,0.0049,0.0292,0.0529,0
0.13,78.0,0.0,77.25,1.22,2.45,0.069,0.0049,0.0318,0.0532,0
0.13,78.0,0.0,77.25,1.22,2.45,0.0084,0.0042,0.017,0.0545,0
0.13,78.0,0.0,77.25,1.22,2.45,0.0084,0.0042,0.0195,0.0547,0
0.13,78.0,0.0,77.25,1.22,2.45,0.0084,0.0042,0.0218,0.0548,0
0.13,78.0,0.0,77.25,1.22,2.45,0.0082,0.0041,0.0289,0.0494,0
0.13,78.0,0.0,77.25,1.22,2.45,0.0082,0.0041,0.0336,0.0496,0
0.13,78.0,0.0,77.25,1.22,2.45,0.0082,0.0041,0.0364,0.0497,0
0.13,78.0,0.0,77.25,1.22,2.45,0.0476,0.0047,0.0252,0.0529,0
0.13,78.0,0.0,77.25,1.22,2.45,0.0476,0.0047,0.0311,0.0531,0
0.13,78.0,0.0,77.25,1.22,2.45,0.0476,0.0047,0.0377,0.0533,0
0.13,78.5,0.0,77.25,1.22,2.45,0.0087,0.0043,0.0251,0.0522,0
0.13,78.5,0.0,77.25,1.22,2.45,0.0087,0.0043,0.0275,0.0524,0
0.13,78.5,0.0,77.25,1.22,2.45,0.0087,0.0043,0.0316,0.0526,0
0.13,78.5,0.0,77.25,1.22,2.45,0.01,0.005,0.0156,0.0517,0
0.13,78.5,0.0,77.25,1.22,2.45,0.01,0.005,0.0249,0.0519,0
0.13,78.5,0.0,77.25,1.22,2.45,0.01,0.005,0.0276,0.052,0
0.13,78.5,0.0,77.25,1.22,2.45,0.0438,0.0043,0.0443,0.0565,0
0.13,78.5,0.0,77.25,1.22,2.45,0.0438,0.0043,0.0469,0.0567,0
0.13,78.5,0.0,77.25,1.22,2.45,0.0438,0.0043,0.0496,0.0568,0
0.13,84.25,0.0,77.09,1.22,2.45,0.0091,0.0046,0.024,0.0473,0
0.13,84.25,0.0,77.09,1.22,2.45,0.0091,0.0046,0.027,0.0476,0
0.13,84.25,0.0,77.09,1.22,2.45,0.0091,0.0046,0.0346,0.0477,0
0.13,84.25,0.0,77.09,1.22,2.45,0.0087,0.0044,0.016,0.0492,0
0.13,84.25,0.0,77.09,1.22,2.45,0.0087,0.0044,0.0246,0.0494,0
0.13,84.25,0.0,77.09,1.22,2.45,0.0087,0.0044,0.0271,0.0495,0
0.14,84.25,0.0,77.09,2.62,2.57,0.0619,0.0044,0.0305,0.0688,0
0.14,84.25,0.0,77.09,2.62,2.57,0.0619,0.0044,0.0374,0.069,0
0.14,84.25,0.0,77.09,2.62,2.57,0.0619,0.0044,0.0526,0.0691,0
0.14,84.25,0.0,77.09,2.62,2.57,0.0084,0.0042,0.0232,0.0514,0
0.14,84.25,0.0,77.09,2.62,2.57,0.0084,0.0042,0.0274,0.0518,0
0.14,84.25,0.0,77.09,2.62,2.57,0.0084,0.0042,0.0388,0.052,0
0.14,78.75,0.0,77.09,2.62,2.57,0.0087,0.0044,0.025,0.0581,0
0.14,78.75,0.0,77.09,2.62,2.57,0.0087,0.0044,0.0283,0.0583,0
0.14,78.75,0.0,77.09,2.62,2.57,0.0087,0.0044,0.0329,0.0585,0
0.14,78.75,0.0,77.09,2.62,2.57,0.0607,0.0041,0.0297,0.0512,0
0.14,78.75,0.0,77.09,2.62,2.57,0.0607,0.0041,0.0328,0.0513,0
0.14,78.75,0.0,77.09,2.62,2.57,0.0607,0.0041,0.0375,0.0515,0
0.14,78.75,0.0,77.09,2.62,2.57,0.0083,0.0041,0.0194,0.0453,0
0.14,78.75,0.0,77.09,2.62,2.57,0.0083,0.0041,0.0255,0.0455,0
0.14,78.75,0.0,77.09,2.62,2.57,0.0083,0.0041,0.0332,0.0456,0
0.14,79.5,0.0,77.09,2.62,2.57,0.0087,0.0044,0.0203,0.0494,0
0.14,79.5,0.0,77.09,2.62,2.57,0.0087,0.0044,0.0274,0.0496,0
0.14,79.5,0.0,77.09,2.62,2.57,0.0087,0.0044,0.0326,0.0499,0
0.14,79.5,0.0,77.09,2.62,2.57,0.048,0.0045,0.0193,0.0544,0
0.14,79.5,0.0,77.09,2.62,2.57,0.048,0.0045,0.0228,0.0545,0
0.14,79.5,0.0,77.09,2.62,2.57,0.048,0.0045,0.0259,0.0546,0
0.14,79.5,0.0,77.09,2.62,2.57,0.0092,0.0046,0.0164,0.055,0
0.14,79.5,0.0,77.09,2.62,2.57,0.0092,0.0046,0.0206,0.0552,0
0.14,79.5,0.0,77.09,2.62,2.57,0.0092,0.0046,0.0287,0.0554,0
0.14,79.5,0.0,77.09,2.62,2.57,0.0089,0.0044,0.0273,0.0489,0
0.14,79.5,0.0,77.09,2.62,2.57,0.0089,0.0044,0.0323,0.0491,0
0.14,79.5,0.0,77.09,2.62,2.57,0.0089,0.0044,0.0352,0.0492,0
0.14,75.5,0.0,77.09,2.62,2.57,0.0558,0.0045,0.0196,0.0549,0
0.14,75.5,0.0,77.09,2.62,2.57,0.0558,0.0045,0.0258,0.0551,0
0.14,75.5,0.0,77.09,2.62,2.57,0.0558,0.0045,0.0294,0.0552,0
0.14,75.5,0.0,77.09,2.22,2.34,0.0082,0.0041,0.0236,0.0497,0
0.14,75.5,0.0,77.09,2.22,2.34,0.0082,0.0041,0.0276,0.0499,0
0.14,75.5,0.0,77.09,2.22,2.34,0.0082,0.0041,0.0309,0.05,0
0.14,75.5,0.0,77.09,2.22,2.34,0.0091,0.0045,0.024,0.0468,0
0.14,75.5,0.0,77.09,2.22,2.34,0.0091,0.0045,0.0354,0.047,0
0.14,75.5,0.0,77.09,2.22,2.34,0.0091,0.0045,0.0408,0.0472,0
0.14,81.5,0.0,77.12,2.22,2.34,0.0617,0.0044,0.0242,0.0507,0
0.14,81.5,0.0,77.12,2.22,2.34,0.0617,0.0044,0.0271,0.0509,0
0.14,81.5,0.0,77.12,2.22,2.34,0.0617,0.0044,0.0356,0.051,0
0.14,81.5,0.0,77.12,2.22,2.34,0.0082,0.0041,0.0228,0.0485,0
0.14,81.5,0.0,77.12,2.22,2.34,0.0082,0.0041,0.0341,0.0487,0
0.14,81.5,0.0,77.12,2.22,2.34,0.0082,0.0041,0.0469,0.0488,0
0.14,81.5,0.0,77.12,2.22,2.34,0.0086,0.0043,0.0189,0.0508,0
0.14,81.5,0.0,77.12,2.22,2.34,0.0086,0.0043,0.021,0.051,0
0.14,81.5,0.0,77.12,2.22,2.34,0.0086,0.0043,0.0326,0.0511,0
0.14,81.5,0.0,77.12,2.22,2.34,0.0533,0.0041,0.0181,0.0546,0
0.14,81.5,0.0,77.12,2.22,2.34,0.0533,0.0041,0.0214,0.0548,0
0.14,81.5,0.0,77.12,2.22,2.34,0.0533,0.0041,0.029,0.0549,0
0.14,81.75,0.0,77.09,2.22,2.34,0.0091,0.0046,0.0317,0.0519,0
0.14,81.75,0.0,77.09,2.22,2.34,0.0091,0.0046,0.0388,0.0521,0
0.14,81.75,0.0,77.09,2.22,2.34,0.0091,0.0046,0.0558,0.0522,1
0.14,81.75,0.0,77.09,2.22,2.34,0.0085,0.0042,0.0193,0.0499,0
0.14,81.75,0.0,77.09,2.22,2.34,0.0085,0.0042,0.0231,0.0501,0
0.14,81.75,0.0,77.09,2.22,2.34,0.0085,0.0042,0.0293,0.0502,0
0.14,81.75,0.0,77.09,2.22,2.34,0.073,0.0042,0.038,0.0527,0
0.14,81.75,0.0,77.09,2.22,2.34,0.073,0.0042,0.0407,0.0529,0
0.14,81.75,0.0,77.09,2.22,2.34,0.073,0.0042,0.0435,0.0531,0
0.14,81.75,0.0,77.09,2.22,2.34,0.0084,0.0042,0.0231,0.0455,0
0.14,81.75,0.0,77.09,2.22,2.34,0.0084,0.0042,0.0319,0.0457,0
0.14,81.75,0.0,77.09,2.22,2.34,0.0084,0.0042,0.0457,0.0459,0
0.14,80.5,0.0,77.09,1.93,2.16,0.0083,0.0042,0.0214,0.0702,0
0.14,80.5,0.0,77.09,1.93,2.16,0.0083,0.0042,0.0521,0.0704,0
0.14,80.5,0.0,77.09,1.93,2.16,0.0083,0.0042,0.0643,0.0705,0
0.14,80.5,0.0,77.09,1.93,2.16,0.0563,0.0043,0.0273,0.0524,0
0.14,80.5,0.0,77.09,1.93,2.16,0.0563,0.0043,0.0303,0.0526,0
0.14,80.5,0.0,77.09,1.93,2.16,0.0563,0.0043,0.0457,0.0528,0
0.14,80.5,0.0,77.09,1.93,2.16,0.008,0.004,0.0262,0.0527,0
0.14,80.5,0.0,77.09,1.93,2.16,0.008,0.004,0.0308,0.0529,0
0.14,80.5,0.0,77.09,1.93,2.16,0.008,0.004,0.0449,0.053,0
0.14,83.25,0.0,77.17,1.93,2.16,0.0078,0.0039,0.0231,0.0516,0
0.14,83.25,0.0,77.17,1.93,2.16,0.0078,0.0039,0.0281,0.0518,0
0.14,83.25,0.0,77.17,1.93,2.16,0.0078,0.0039,0.0315,0.0519,0
0.14,83.25,0.0,77.17,1.93,2.16,0.0557,0.0043,0.0233,0.0514,0
0.14,83.25,0.0,77.17,1.93,2.16,0.0557,0.0043,0.0268,0.0515,0
0.14,83.25,0.0,77.17,1.93,2.16,0.0557,0.0043,0.031,0.0516,0
0.14,83.25,0.0,77.17,1.93,2.16,0.0089,0.0045,0.0176,0.0497,0
0.14,83.25,0.0,77.17,1.93,2.16,0.0089,0.0045,0.0203,0.0499,0
0.14,83.25,0.0,77.17,1.93,2.16,0.0089,0.0045,0.0238,0.0501,0
0.14,83.25,0.0,77.17,1.93,2.16,0.0091,0.0045,0.0191,0.049,0
0.14,83.25,0.0,77.17,1.93,2.16,0.0091,0.0045,0.0256,0.0492,0
0.14,83.25,0.0,77.17,1.93,2.16,0.0091,0.0045,0.0293,0.0494,0
0.14,77.0,0.0,77.12,1.93,2.16,0.0715,0.0043,0.0182,0.0514,0
0.14,77.0,0.0,77.12,1.93,2.16,0.0715,0.0043,0.0253,0.0516,0
0.14,77.0,0.0,77.12,1.93,2.16,0.0715,0.0043,0.0283,0.0518,0
0.14,77.0,0.0,77.12,1.93,2.16,0.009,0.0045,0.0181,0.0462,0
0.14,77.0,0.0,77.12,1.93,2.16,0.009,0.0045,0.0206,0.0464,0
0.14,77.0,0.0,77.12,1.93,2.16,0.009,0.0045,0.0229,0.0465,0
0.14,77.0,0.0,77.12,1.93,2.16,0.0084,0.0042,0.0173,0.1093,0
0.14,77.0,0.0,77.12,1.93,2.16,0.0084,0.0042,0.021,0.1096,0
0.14,77.0,0.0,77.12,1.93,2.16,0.0084,0.0042,0.0249,0.1097,0
0.14,76.5,0.0,77.14,1.23,2.1,0.0718,0.0041,0.028,0.0574,0
0.14,76.5,0.0,77.14,1.23,2.1,0.0718,0.0041,0.0299,0.0575,0
0.14,76.5,0.0,77.14,1.23,2.1,0.0718,0.0041,0.0324,0.0577,0
0.14,76.5,0.0,77.14,1.23,2.1,0.0088,0.0044,0.023,0.0504,0
0.14,76.5,0.0,77.14,1.23,2.1,0.0088,0.0044,0.0265,0.0506,0
0.14,76.5,0.0,77.14,1.23,2.1,0.0088,0.0044,0.0328,0.0507,0
0.14,76.5,0.0,77.14,1.23,2.1,0.0092,0.0046,0.0886,0.0502,1
0.14,76.5,0.0,77.14,1.23,2.1,0.0092,0.0046,0.0971,0.0504,1
0.14,76.5,0.0,77.14,1.23,2.1,0.0092,0.0046,0.1098,0.0505,1
0.14,76.5,0.0,77.14,1.23,2.1,0.0516,0.0043,0.0276,0.0552,0
0.14,76.5,0.0,77.14,1.23,2.1,0.0516,0.0043,0.0335,0.0554,0
0.14,76.5,0.0,77.14,1.23,2.1,0.0516,0.0043,0.0411,0.0555,0
0.14,82.5,0.0,77.19,1.23,2.1,0.0086,0.0043,0.0173,0.046,0
0.14,82.5,0.0,77.19,1.23,2.1,0.0086,0.0043,0.0222,0.0461,0
0.14,82.5,0.0,77.19,1.23,2.1,0.0086,0.0043,0.0272,0.0463,0
0.14,82.5,0.0,77.19,1.23,2.1,0.0089,0.0045,0.0185,0.0513,0
0.14,82.5,0.0,77.19,1.23,2.1,0.0089,0.0045,0.0211,0.0515,0
0.14,82.5,0.0,77.19,1.23,2.1,0.0089,0.0045,0.0364,0.0516,0
0.14,82.5,0.0,77.19,1.23,2.1,0.0664,0.0048,0.0261,0.0518,0
0.14,82.5,0.0,77.19,1.23,2.1,0.0664,0.0048,0.0326,0.0525,0
0.14,82.5,0.0,77.19,1.23,2.1,0.0664,0.0048,0.0355,0.0527,0
0.14,79.0,0.0,77.14,1.23,2.1,0.0077,0.0038,0.026,0.0472,0
0.14,79.0,0.0,77.14,1.23,2.1,0.0077,0.0038,0.0296,0.0474,0
0.14,79.0,0.0,77.14,1.23,2.1,0.0077,0.0038,0.0508,0.0478,1
0.14,79.0,0.0,77.14,1.23,2.1,0.008,0.004,0.0248,0.0523,0
0.14,79.0,0.0,77.14,1.23,2.1,0.008,0.004,0.0281,0.0526,0
0.14,79.0,0.0,77.14,1.23,2.1,0.008,0.004,0.0315,0.0527,0
0.14,79.0,0.0,77.14,1.23,2.1,0.0763,0.0041,0.0322,0.0545,0
0.14,79.0,0.0,77.14,1.23,2.1,0.0763,0.0041,0.0367,0.0547,0
0.14,79.0,0.0,77.14,1.23,2.1,0.0763,0.0041,0.0467,0.0548,0
0.15,79.0,0.0,77.14,1.15,1.92,0.0088,0.0044,0.0251,0.0531,0
0.15,79.0,0.0,77.14,1.15,1.92,0.0088,0.0044,0.0281,0.0533,0
0.15,79.0,0.0,77.14,1.15,1.92,0.0088,0.0044,0.0331,0.0534,0
0.15,80.75,0.0,77.09,1.15,1.92,0.0086,0.0043,0.0242,0.062,0
0.15,80.75,0.0,77.09,1.15,1.92,0.0086,0.0043,0.0302,0.0622,0
0.15,80.75,0.0,77.09,1.15,1.92,0.0086,0.0043,0.0343,0.0623,0
0.15,80.75,0.0,77.09,1.15,1.92,0.0621,0.0048,0.0227,0.0536,0
0.15,80.75,0.0,77.09,1.15,1.92,0.0621,0.0048,0.0277,0.0538,0
0.15,80.75,0.0,77.09,1.15,1.92,0.0621,0.0048,0.0316,0.0539,0
0.15,80.75,0.0,77.09,1.15,1.92,0.0089,0.0044,0.0378,0.0583,0
0.15,80.75,0.0,77.09,1.15,1.92,0.0089,0.0044,0.0472,0.0587,0
0.15,80.75,0.0,77.09,1.15,1.92,0.0089,0.0044,0.058,0.0588,0
0.15,80.75,0.0,77.09,1.15,1.92,0.0086,0.0043,0.023,0.0495,0
0.15,80.75,0.0,77.09,1.15,1.92,0.0086,0.0043,0.0304,0.0497,0
0.15,80.75,0.0,77.09,1.15,1.92,0.0086,0.0043,0.0357,0.0498,0
0.15,79.75,12.0,77.12,1.15,1.92,0.0752,0.0044,0.0217,0.0487,0
0.15,79.75,12.0,77.12,1.15,1.92,0.0752,0.0044,0.0242,0.0489,0
0.15,79.75,12.0,77.12,1.15,1.92,0.0752,0.0044,0.0275,0.049,0
0.15,79.75,12.0,77.12,1.15,1.92,0.0092,0.0046,0.0228,0.0466,0
0.15,79.75,12.0,77.12,1.15,1.92,0.0092,0.0046,0.0327,0.0468,0
0.15,79.75,12.0,77.12,1.15,1.92,0.0092,0.0046,0.0434,0.0469,0
0.15,79.75,12.0,77.12,1.15,1.92,0.0087,0.0044,0.0139,0.0511,0
0.15,79.75,12.0,77.12,1.15,1.92,0.0087,0.0044,0.0172,0.0513,0
0.15,79.75,12.0,77.12,1.15,1.92,0.0087,0.0044,0.0227,0.0514,0
0.15,78.25,99.0,77.17,1.15,1.92,0.0528,0.0042,0.0189,0.0521,0
0.15,78.25,99.0,77.17,1.15,1.92,0.0528,0.0042,0.0222,0.0524,0
0.15,78.25,99.0,77.17,1.15,1.92,0.0528,0.0042,0.0287,0.0525,0
0.15,78.25,99.0,77.17,1.15,1.92,0.009,0.0045,0.0157,0.0495,0
0.15,78.25,99.0,77.17,1.15,1.92,0.009,0.0045,0.018,0.0497,0
0.15,78.25,99.0,77.17,1.15,1.92,0.009,0.0045,0.0246,0.0499,0
0.15,78.25,99.0,77.17,1.15,1.92,0.0089,0.0045,0.0165,0.0548,0
0.15,78.25,99.0,77.17,1.15,1.92,0.0089,0.0045,0.0205,0.055,0
0.15,78.25,99.0,77.17,1.15,1.92,0.0089,0.0045,0.0327,0.0551,0
0.14,78.25,99.0,77.17,1.38,1.72,0.0671,0.0045,0.0268,0.0563,0
0.14,78.25,99.0,77.17,1.38,1.72,0.0671,0.0045,0.0298,0.0565,0
0.14,78.25,99.0,77.17,1.38,1.72,0.0671,0.0045,0.0335,0.0566,0
0.14,78.25,99.0,77.14,1.38,1.72,0.0083,0.0042,0.0191,0.0488,0
0.14,78.25,99.0,77.14,1.38,1.72,0.0083,0.0042,0.0236,0.0491,0
0.14,78.25,99.0,77.14,1.38,1.72,0.0083,0.0042,0.0324,0.0492,0
0.14,78.25,99.0,77.14,1.38,1.72,0.0091,0.0045,0.0303,0.0486,0
0.14,78.25,99.0,77.14,1.38,1.72,0.0091,0.0045,0.0373,0.049,0
0.14,78.25,99.0,77.14,1.38,1.72,0.0091,0.0045,0.048,0.0492,0
0.14,78.25,99.0,77.14,1.38,1.72,0.0648,0.0044,0.0201,0.0516,0
0.14,78.25,99.0,77.14,1.38,1.72,0.0648,0.0044,0.0236,0.0518,0
0.14,78.25,99.0,77.14,1.38,1.72,0.0648,0.0044,0.0295,0.0519,0
0.14,77.25,0.0,77.17,1.38,1.72,0.0089,0.0044,0.0179,0.0518,0
0.14,77.25,0.0,77.17,1.38,1.72,0.0089,0.0044,0.0243,0.0522,0
0.14,77.25,0.0,77.17,1.38,1.72,0.0089,0.0044,0.0313,0.0525,0
0.14,77.25,0.0,77.17,1.38,1.72,0.0082,0.0041,0.0198,0.051,0
0.14,77.25,0.0,77.17,1.38,1.72,0.0082,0.0041,0.0225,0.0512,0
0.14,77.25,0.0,77.17,1.38,1.72,0.0082,0.0041,0.0289,0.0513,0
0.14,77.25,0.0,77.17,1.38,1.72,0.0799,0.0043,0.028,0.0552,0
0.14,77.25,0.0,77.17,1.38,1.72,0.0799,0.0043,0.0346,0.0554,0
0.14,77.25,0.0,77.17,1.38,1.72,0.0799,0.0043,0.0421,0.0556,0
0.14,77.25,0.0,77.17,1.38,1.72,0.0086,0.0043,0.0178,0.0457,0
0.14,77.25,0.0,77.17,1.38,1.72,0.0086,0.0043,0.022,0.0458,0
0.14,77.25,0.0,77.17,1.38,1.72,0.0086,0.0043,0.0284,0.046,0
0.14,84.0,0.0,77.14,1.38,1.72,0.0081,0.004,0.0232,0.0507,0
0.14,84.0,0.0,77.14,1.38,1.72,0.0081,0.004,0.0257,0.0509,0
0.14,84.0,0.0,77.14,1.38,1.72,0.0081,0.004,0.0355,0.051,0
0.14,84.0,0.0,77.14,1.38,1.72,0.0774,0.0044,0.0434,0.0525,0
0.15,84.0,0.0,77.14,2.59,1.63,0.0774,0.0044,0.051,0.0527,0
0.15,84.0,0.0,77.14,2.59,1.63,0.0774,0.0044,0.0566,0.0528,1
0.15,84.0,0.0,77.14,2.59,1.63,0.0099,0.005,0.0188,0.0639,0
0.15,84.0,0.0,77.14,2.59,1.63,0.0099,0.005,0.0214,0.0642,0
0.15,84.0,0.0,77.14,2.59,1.63,0.0099,0.005,0.0261,0.0644,0
0.15,76.0,0.0,77.17,2.59,1.63,0.0086,0.0043,0.0188,0.0472,0
0.15,76.0,0.0,77.17,2.59,1.63,0.0086,0.0043,0.0215,0.0474,0
0.15,76.0,0.0,77.17,2.59,1.63,0.0086,0.0043,0.0272,0.0476,0
0.15,76.0,0.0,77.17,2.59,1.63,0.0762,0.0046,0.0266,0.0515,0
0.15,76.0,0.0,77.17,2.59,1.63,0.0762,0.0046,0.0322,0.0517,0
0.15,76.0,0.0,77.17,2.59,1.63,0.0762,0.0046,0.0346,0.0518,0
0.15,76.0,0.0,77.17,2.59,1.63,0.0079,0.0039,0.0196,0.0556,0
0.15,76.0,0.0,77.17,2.59,1.63,0.0079,0.0039,0.0327,0.0558,0
0.15,76.0,0.0,77.17,2.59,1.63,0.0079,0.0039,0.0438,0.056,0
0.15,76.0,0.0,77.17,2.59,1.63,0.0088,0.0044,0.0186,0.0506,0
0.15,76.0,0.0,77.17,2.59,1.63,0.0088,0.0044,0.0223,0.0508,0
0.15,76.0,0.0,77.17,2.59,1.63,0.0088,0.0044,0.0247,0.0509,0
0.15,78.75,0.0,77.22,2.59,1.63,0.0787,0.0045,0.0236,0.0534,0
0.15,78.75,0.0,77.22,2.59,1.63,0.0787,0.0045,0.0275,0.0535,0
0.15,78.75,0.0,77.22,2.59,1.63,0.0787,0.0045,0.0345,0.0537,0
0.15,78.75,0.0,77.22,2.59,1.63,0.0089,0.0044,0.017,0.0514,0
0.15,78.75,0.0,77.22,2.59,1.63,0.0089,0.0044,0.0193,0.0516,0
0.15,78.75,0.0,77.22,2.59,1.63,0.0089,0.0044,0.0238,0.0517,0
0.15,78.75,0.0,77.22,2.59,1.63,0.0082,0.0041,0.015,0.0493,0
0.15,78.75,0.0,77.22,2.59,1.63,0.0082,0.0041,0.0173,0.0496,0
0.15,78.75,0.0,77.22,2.59,1.63,0.0082,0.0041,0.0274,0.0498,0
0.15,76.25,0.0,77.17,2.59,1.63,0.0655,0.0044,0.0266,0.0518,0
0.15,76.25,0.0,77.17,2.59,1.63,0.0655,0.0044,0.0291,0.052,0
0.15,76.25,0.0,77.17,2.59,1.63,0.0655,0.0044,0.0387,0.0521,0
0.15,76.25,0.0,77.17,2.59,1.63,0.0086,0.0043,0.0146,0.0525,0
0.15,76.25,0.0,77.17,2.59,1.63,0.0086,0.0043,0.0271,0.0527,0
0.15,76.25,0.0,77.17,2.59,1.63,0.0086,0.0043,0.0295,0.0528,0
0.14,76.25,0.0,77.17,2.72,1.62,0.0087,0.0044,0.0264,0.0507,0
0.14,76.25,0.0,77.17,2.72,1.62,0.0087,0.0044,0.031,0.051,0
0.14,76.25,0.0,77.17,2.72,1.62,0.0087,0.0044,0.0333,0.0512,0
0.14,76.25,0.0,77.17,2.72,1.62,0.0809,0.0042,0.0207,0.0517,0
0.14,76.25,0.0,77.17,2.72,1.62,0.0809,0.0042,0.0229,0.0519,0
0.14,76.25,0.0,77.17,2.72,1.62,0.0809,0.0042,0.0324,0.0521,0
0.14,77.0,0.0,77.12,2.72,1.62,0.0082,0.0041,0.0212,0.0544,0
0.14,77.0,0.0,77.12,2.72,1.62,0.0082,0.0041,0.0251,0.0546,0
0.14,77.0,0.0,77.12,2.72,1.62,0.0082,0.0041,0.0312,0.0547,0
0.14,77.0,0.0,77.12,2.72,1.62,0.0088,0.0044,0.0164,0.0505,0
0.14,77.0,0.0,77.12,2.72,1.62,0.0088,0.0044,0.0198,0.0507,0
0.14,77.0,0.0,77.12,2.72,1.62,0.0088,0.0044,0.0276,0.0508,0
0.14,77.0,0.0,77.12,2.72,1.62,0.0681,0.0043,0.018,0.0526,0
0.14,77.0,0.0,77.12,2.72,1.62,0.0681,0.0043,0.0204,0.0528,0
0.14,77.0,0.0,77.12,2.72,1.62,0.0681,0.0043,0.0232,0.053,0
0.14,77.0,0.0,77.12,2.72,1.62,0.0097,0.0048,0.0259,0.0499,0
0.14,77.0,0.0,77.12,2.72,1.62,0.0097,0.0048,0.0317,0.0501,0
0.14,77.0,0.0,77.12,2.72,1.62,0.0097,0.0048,0.035,0.0502,0
0.14,77.5,0.0,77.19,2.72,1.62,0.0091,0.0046,0.0152,0.0497,0
0.14,77.5,0.0,77.19,2.72,1.62,0.0091,0.0046,0.0202,0.0499,0
0.14,77.5,0.0,77.19,2.72,1.62,0.0091,0.0046,0.025,0.0501,0
0.14,77.5,0.0,77.19,2.72,1.62,0.0851,0.0042,0.0301,0.0527,0
0.14,77.5,0.0,77.19,2.72,1.62,0.0851,0.0042,0.0358,0.0529,0
0.14,77.5,0.0,77.19,2.72,1.62,0.0851,0.0042,0.0414,0.053,0
0.14,77.5,0.0,77.19,2.72,1.62,0.008,0.004,0.0178,0.045,0
0.14,77.5,0.0,77.19,2.72,1.62,0.008,0.004,0.0221,0.0452,0
0.14,77.5,0.0,77.19,2.72,1.62,0.008,0.004,0.0259,0.0453,0
0.14,80.5,0.0,77.19,2.72,1.62,0.0081,0.004,0.0272,0.0863,0
0.14,80.5,0.0,77.19,2.72,1.62,0.0081,0.004,0.0365,0.0865,0
0.14,80.5,0.0,77.19,2.72,1.62,0.0081,0.004,0.0387,0.0866,0
0.13,80.5,0.0,77.19,1.26,1.75,0.0875,0.0044,0.0465,0.0637,0
0.13,80.5,0.0,77.19,1.26,1.75,0.0875,0.0044,0.0638,0.0639,0
0.13,80.5,0.0,77.19,1.26,1.75,0.0875,0.0044,0.0671,0.0641,1
0.13,80.5,0.0,77.19,1.26,1.75,0.0084,0.0042,0.0184,0.0518,0
0.13,80.5,0.0,77.19,1.26,1.75,0.0084,0.0042,0.0236,0.0521,0
0.13,80.5,0.0,77.19,1.26,1.75,0.0084,0.0042,0.0267,0.0525,0
0.13,80.5,0.0,77.19,1.26,1.75,0.0083,0.0042,0.0873,0.0506,1
0.13,80.5,0.0,77.19,1.26,1.75,0.0083,0.0042,0.098,0.0509,1
0.13,80.5,0.0,77.19,1.26,1.75,0.0083,0.0042,0.1061,0.0511,1
0.13,82.25,0.0,77.22,1.26,1.75,0.0913,0.0049,0.0223,0.0627,0
0.13,82.25,0.0,77.22,1.26,1.75,0.0913,0.0049,0.0252,0.0629,0
0.13,82.25,0.0,77.22,1.26,1.75,0.0913,0.0049,0.0295,0.0631,0
0.13,82.25,0.0,77.22,1.26,1.75,0.0089,0.0045,0.0186,0.0536,0
0.13,82.25,0.0,77.22,1.26,1.75,0.0089,0.0045,0.0252,0.0538,0
0.13,82.25,0.0,77.22,1.26,1.75,0.0089,0.0045,0.0275,0.0539,0
0.13,82.25,0.0,77.22,1.26,1.75,0.0092,0.0046,0.02,0.0498,0
0.13,82.25,0.0,77.22,1.26,1.75,0.0092,0.0046,0.0224,0.0499,0
0.13,82.25,0.0,77.22,1.26,1.75,0.0092,0.0046,0.0257,0.0501,0
0.13,80.0,0.0,77.14,1.26,1.75,0.083,0.0044,0.0322,0.0531,0
0.13,80.0,0.0,77.14,1.26,1.75,0.083,0.0044,0.043,0.0532,0
0.13,80.0,0.0,77.14,1.26,1.75,0.083,0.0044,0.0519,0.0533,0
0.13,80.0,0.0,77.14,1.26,1.75,0.0091,0.0046,0.0267,0.0469,0
0.13,80.0,0.0,77.14,1.26,1.75,0.0091,0.0046,0.0301,0.0471,0
0.13,80.0,0.0,77.14,1.26,1.75,0.0091,0.0046,0.0356,0.0473,0
0.13,80.0,0.0,77.14,1.26,1.75,0.0089,0.0045,0.0257,0.0501,0
0.13,80.0,0.0,77.14,1.26,1.75,0.0089,0.0045,0.0316,0.0503,0
0.13,80.0,0.0,77.14,1.26,1.75,0.0089,0.0045,0.0353,0.0505,0
0.14,79.0,99.0,77.19,1.42,1.16,0.0672,0.0041,0.0262,0.0536,0
0.14,79.0,99.0,77.19,1.42,1.16,0.0672,0.0041,0.0284,0.0538,0
0.14,79.0,99.0,77.19,1.42,1.16,0.0672,0.0041,0.0306,0.0539,0
0.14,79.0,99.0,77.19,1.42,1.16,0.0081,0.0041,0.0156,0.0467,0
0.14,79.0,99.0,77.19,1.42,1.16,0.0081,0.0041,0.0209,0.0469,0
0.14,79.0,99.0,77.19,1.42,1.16,0.0081,0.0041,0.0264,0.0471,0
0.14,79.0,99.0,77.19,1.42,1.16,0.0083,0.0042,0.017,0.0513,0
0.14,79.0,99.0,77.19,1.42,1.16,0.0083,0.0042,0.0249,0.0515,0
0.14,79.0,99.0,77.19,1.42,1.16,0.0083,0.0042,0.0275,0.0516,0
0.14,79.0,99.0,77.19,1.42,1.16,0.0681,0.0044,0.0241,0.0571,0
0.14,79.0,99.0,77.19,1.42,1.16,0.0681,0.0044,0.0333,0.0573,0
0.14,79.0,99.0,77.19,1.42,1.16,0.0681,0.0044,0.0381,0.0575,0
0.14,77.75,0.0,77.19,1.42,1.16,0.0092,0.0046,0.0254,0.0478,0
0.14,77.75,0.0,77.19,1.42,1.16,0.0092,0.0046,0.029,0.048,0
0.14,77.75,0.0,77.19,1.42,1.16,0.0092,0.0046,0.0336,0.0481,0
0.14,77.75,0.0,77.19,1.42,1.16,0.009,0.0045,0.0187,0.0474,0
0.14,77.75,0.0,77.19,1.42,1.16,0.009,0.0045,0.0232,0.0475,0
0.14,77.75,0.0,77.19,1.42,1.16,0.009,0.0045,0.0255,0.0477,0
0.14,77.75,0.0,77.19,1.42,1.16,0.064,0.0042,0.0202,0.0512,0
0.14,77.75,0.0,77.19,1.42,1.16,0.064,0.0042,0.0266,0.0514,0
0.14,77.75,0.0,77.19,1.42,1.16,0.064,0.0042,0.0311,0.0515,0
0.14,77.25,0.0,77.19,1.42,1.16,0.0083,0.0042,0.0194,0.0524,0
0.14,77.25,0.0,77.19,1.42,1.16,0.0083,0.0042,0.0309,0.0526,0
0.14,77.25,0.0,77.19,1.42,1.16,0.0083,0.0042,0.0452,0.0527,0
0.14,77.25,0.0,77.19,1.42,1.16,0.0083,0.0042,0.0349,0.0504,0
0.14,77.25,0.0,77.19,1.42,1.16,0.0083,0.0042,0.0381,0.0506,0
0.14,77.25,0.0,77.19,1.42,1.16,0.0083,0.0042,0.0462,0.0507,0
0.14,77.25,0.0,77.19,1.42,1.16,0.0564,0.0044,0.0184,0.0531,0
0.14,77.25,0.0,77.19,1.42,1.16,0.0564,0.0044,0.0222,0.0533,0
0.14,77.25,0.0,77.19,1.42,1.16,0.0564,0.0044,0.0247,0.0535,0
0.14,77.25,0.0,77.19,6.11,0.98,0.0092,0.0046,0.0224,0.0471,0
0.14,77.25,0.0,77.19,6.11,0.98,0.0092,0.0046,0.0268,0.0473,0
0.14,77.25,0.0,77.19,6.11,0.98,0.0092,0.0046,0.0336,0.0474,0
0.14,82.75,0.0,77.12,6.11,0.98,0.0092,0.0046,0.033,0.0489,0
0.14,82.75,0.0,77.12,6.11,0.98,0.0092,0.0046,0.0355,0.0491,0
0.14,82.75,0.0,77.12,6.11,0.98,0.0092,0.0046,0.0416,0.0493,0
0.14,82.75,0.0,77.12,6.11,0.98,0.0582,0.0042,0.0231,0.0684,0
0.14,82.75,0.0,77.12,6.11,0.98,0.0582,0.0042,0.0283,0.0686,0
0.14,82.75,0.0,77.12,6.11,0.98,0.0582,0.0042,0.034,0.0689,0
0.14,82.75,0.0,77.12,6.11,0.98,0.01,0.005,0.0178,0.0497,0
0.14,82.75,0.0,77.12,6.11,0.98,0.01,0.005,0.0269,0.0499,0
0.14,82.75,0.0,77.12,6.11,0.98,0.01,0.005,0.0313,0.05,0
0.14,84.0,0.0,77.32,6.11,0.98,0.0086,0.0043,0.0309,0.0494,0
0.14,84.0,0.0,77.32,6.11,0.98,0.0086,0.0043,0.0419,0.0496,0
0.14,84.0,0.0,77.32,6.11,0.98,0.0086,0.0043,0.0446,0.0498,0
0.14,84.0,0.0,77.32,6.11,0.98,0.0505,0.0043,0.0232,0.0584,0
0.14,84.0,0.0,77.32,6.11,0.98,0.0505,0.0043,0.0256,0.0586,0
0.14,84.0,0.0,77.32,6.11,0.98,0.0505,0.0043,0.0289,0.0587,0
0.14,84.0,0.0,77.32,6.11,0.98,0.0088,0.0044,0.0229,0.0479,0
0.14,84.0,0.0,77.32,6.11,0.98,0.0088,0.0044,0.0257,0.0481,0
0.14,84.0,0.0,77.32,6.11,0.98,0.0088,0.0044,0.0296,0.0482,0
0.14,84.0,0.0,77.32,6.11,0.98,0.0082,0.0041,0.0284,0.0454,0
0.14,84.0,0.0,77.32,6.11,0.98,0.0082,0.0041,0.0335,0.0456,0
0.14,84.0,0.0,77.32,6.11,0.98,0.0082,0.0041,0.0401,0.0457,0
0.14,92.0,0.0,77.35,6.11,0.98,0.0535,0.0043,0.0227,0.0524,0
0.14,92.0,0.0,77.35,6.11,0.98,0.0535,0.0043,0.0367,0.0526,0
0.14,92.0,0.0,77.35,6.11,0.98,0.0535,0.0043,0.0413,0.0529,0
0.14,92.0,0.0,77.35,6.11,0.98,0.0086,0.0043,0.0404,0.0463,0
0.14,92.0,0.0,77.35,6.11,0.98,0.0086,0.0043,0.0429,0.0465,0
0.14,92.0,0.0,77.35,6.11,0.98,0.0086,0.0043,0.0538,0.0466,1
0.12,92.0,0.0,77.35,1.97,1.23,0.0088,0.0044,0.0224,0.0489,0
0.12,92.0,0.0,77.35,1.97,1.23,0.0088,0.0044,0.0317,0.0491,0
0.12,92.0,0.0,77.35,1.97,1.23,0.0088,0.0044,0.0506,0.0492,1
0.12,91.5,0.0,77.35,1.97,1.23,0.0495,0.0046,0.0271,0.0542,0
0.12,91.5,0.0,77.35,1.97,1.23,0.0495,0.0046,0.0299,0.0544,0
0.12,91.5,0.0,77.35,1.97,1.23,0.0495,0.0046,0.0433,0.0545,0
0.12,91.5,0.0,77.35,1.97,1.23,0.0088,0.0044,0.0327,0.0506,0
0.12,91.5,0.0,77.35,1.97,1.23,0.0088,0.0044,0.0424,0.0509,0
0.12,91.5,0.0,77.35,1.97,1.23,0.0088,0.0044,0.0478,0.0512,0
0.12,91.5,0.0,77.35,1.97,1.23,0.009,0.0045,0.0269,0.0493,0
0.12,91.5,0.0,77.35,1.97,1.23,0.009,0.0045,0.0337,0.0498,0
0.12,91.5,0.0,77.35,1.97,1.23,0.009,0.0045,0.0472,0.05,0
0.12,91.5,0.0,77.35,1.97,1.23,0.0544,0.0042,0.0534,0.0527,1
0.12,91.5,0.0,77.35,1.97,1.23,0.0544,0.0042,0.0604,0.0529,1
0.12,91.5,0.0,77.35,1.97,1.23,0.0544,0.0042,0.0648,0.053,1
0.12,90.5,51.0,78.25,1.97,1.23,0.0076,0.0038,0.0233,0.0519,0
0.12,90.5,51.0,78.25,1.97,1.23,0.0076,0.0038,0.0464,0.0522,0
0.12,90.5,51.0,78.25,1.97,1.23,0.0076,0.0038,0.0544,0.0524,1
0.12,90.5,51.0,78.25,1.97,1.23,0.0088,0.0044,0.0228,0.0485,0
0.12,90.5,51.0,78.25,1.97,1.23,0.0088,0.0044,0.025,0.0487,0
0.12,90.5,51.0,78.25,1.97,1.23,0.0088,0.0044,0.0368,0.0488,0
0.12,90.5,51.0,78.25,1.97,1.23,0.0527,0.0045,0.0231,0.0521,0
0.12,90.5,51.0,78.25,1.97,1.23,0.0527,0.0045,0.0317,0.0525,0
0.12,90.5,51.0,78.25,1.97,1.23,0.0527,0.0045,0.0352,0.0527,0
0.12,90.5,51.0,78.25,1.97,1.23,0.0088,0.0044,0.0284,0.054,0
0.12,90.5,51.0,78.25,1.97,1.23,0.0088,0.0044,0.0567,0.0541,1
0.12,90.5,51.0,78.25,1.97,1.23,0.0088,0.0044,0.0617,0.0542,1
0.12,90.0,0.0,78.3,1.97,1.23,0.0087,0.0043,0.0701,0.0498,1
0.12,90.0,0.0,78.3,1.97,1.23,0.0087,0.0043,0.1062,0.05,1
0.12,90.0,0.0,78.3,1.97,1.23,0.0087,0.0043,0.1164,0.0501,1
0.1,90.0,0.0,78.3,1.52,1.23,0.052,0.0045,0.1398,0.0493,1
0.1,90.0,0.0,78.3,1.52,1.23,0.052,0.0045,0.1573,0.0495,1
0.1,90.0,0.0,78.3,1.52,1.23,0.052,0.0045,0.1594,0.0496,1
0.1,90.0,0.0,78.3,1.52,1.23,0.0095,0.0048,0.0176,0.0517,0
0.1,90.0,0.0,78.3,1.52,1.23,0.0095,0.0048,0.0199,0.052,0
0.1,90.0,0.0,78.3,1.52,1.23,0.0095,0.0048,0.0226,0.0524,0
0.1,97.75,99.0,78.51,1.52,1.23,0.0083,0.0041,0.0452,0.0544,0
0.1,97.75,99.0,78.51,1.52,1.23,0.0083,0.0041,0.0489,0.0546,0
0.1,97.75,99.0,78.51,1.52,1.23,0.0083,0.0041,0.0541,0.0547,0
0.1,97.75,99.0,78.51,1.52,1.23,0.0488,0.0042,0.0294,0.0677,0
0.1,97.75,99.0,78.51,1.52,1.23,0.0488,0.0042,0.0381,0.0679,0
0.1,97.75,99.0,78.51,1.52,1.23,0.0488,0.0042,0.0406,0.068,0
0.1,97.75,99.0,78.51,1.52,1.23,0.009,0.0045,0.0388,0.0516,0
0.1,97.75,99.0,78.51,1.52,1.23,0.009,0.0045,0.0425,0.0519,0
0.1,97.75,99.0,78.51,1.52,1.23,0.009,0.0045,0.049,0.052,0
0.1,97.75,99.0,78.51,1.52,1.23,0.0083,0.0041,0.0267,0.0524,0
0.1,97.75,99.0,78.51,1.52,1.23,0.0083,0.0041,0.0312,0.0526,0
0.1,97.75,99.0,78.51,1.52,1.23,0.0083,0.0041,0.0335,0.0527,0
0.1,89.25,0.0,78.51,1.52,1.23,0.065,0.0043,0.0418,0.0569,0
0.1,89.25,0.0,78.51,1.52,1.23,0.065,0.0043,0.0588,0.0571,1
0.1,89.25,0.0,78.51,1.52,1.23,0.065,0.0043,0.0683,0.0572,1
0.1,89.25,0.0,78.51,1.52,1.23,0.0088,0.0044,0.0176,0.0484,0
0.1,89.25,0.0,78.51,1.52,1.23,0.0088,0.0044,0.0209,0.0486,0
0.1,89.25,0.0,78.51,1.52,1.23,0.0088,0.0044,0.0287,0.0487,0
0.1,89.25,0.0,78.51,1.52,1.23,0.0082,0.0041,0.0229,0.046,0
0.1,89.25,0.0,78.51,1.52,1.23,0.0082,0.0041,0.0287,0.0462,0
0.1,89.25,0.0,78.51,1.52,1.23,0.0082,0.0041,0.0345,0.0463,0
0.1,90.0,0.0,78.61,1.52,1.23,0.0476,0.0042,0.0257,0.0554,0
0.1,90.0,0.0,78.61,1.52,1.23,0.0476,0.0042,0.0399,0.0556,0
0.1,90.0,0.0,78.61,1.52,1.23,0.0476,0.0042,0.0432,0.056,0
0.11,90.0,0.0,78.61,5.1,1.53,0.0076,0.0038,0.0284,0.1061,0
0.11,90.0,0.0,78.61,5.1,1.53,0.0076,0.0038,0.0329,0.1064,0
0.11,90.0,0.0,78.61,5.1,1.53,0.0076,0.0038,0.0353,0.1067,0
0.11,90.0,0.0,78.61,5.1,1.53,0.0092,0.0046,0.0186,0.0506,0
0.11,90.0,0.0,78.61,5.1,1.53,0.0092,0.0046,0.0246,0.0508,0
0.11,90.0,0.0,78.61,5.1,1.53,0.0092,0.0046,0.0277,0.051,0
0.11,90.0,0.0,78.61,5.1,1.53,0.0671,0.0042,0.0188,0.0542,0
0.11,90.0,0.0,78.61,5.1,1.53,0.0671,0.0042,0.0213,0.0543,0
0.11,90.0,0.0,78.61,5.1,1.53,0.0671,0.0042,0.0243,0.0545,0
0.11,87.5,45.0,77.3,5.1,1.53,0.0087,0.0044,0.0253,0.0517,0
0.11,87.5,45.0,77.3,5.1,1.53,0.0087,0.0044,0.0276,0.052,0
0.11,87.5,45.0,77.3,5.1,1.53,0.0087,0.0044,0.032,0.0525,0
0.11,87.5,45.0,77.3,5.1,1.53,0.0078,0.0039,0.0907,0.0509,1
0.11,87.5,45.0,77.3,5.1,1.53,0.0078,0.0039,0.0982,0.0511,1
0.11,87.5,45.0,77.3,5.1,1.53,0.0078,0.0039,0.1019,0.0512,1
0.11,87.5,45.0,77.3,5.1,1.53,0.0792,0.0045,0.0292,0.0533,0
0.11,87.5,45.0,77.3,5.1,1.53,0.0792,0.0045,0.0325,0.0535,0
0.11,87.5,45.0,77.3,5.1,1.53,0.0792,0.0045,0.0374,0.0536,0
0.11,82.75,95.0,77.32,5.1,1.53,0.0087,0.0043,0.0211,0.0456,0
0.11,82.75,95.0,77.32,5.1,1.53,0.0087,0.0043,0.0247,0.0458,0
0.11,82.75,95.0,77.32,5.1,1.53,0.0087,0.0043,0.0296,0.0459,0
0.11,82.75,95.0,77.32,5.1,1.53,0.0093,0.0047,0.017,0.0482,0
0.11,82.75,95.0,77.32,5.1,1.53,0.0093,0.0047,0.0206,0.0484,0
0.11,82.75,95.0,77.32,5.1,1.53,0.0093,0.0047,0.0253,0.0485,0
0.11,82.75,95.0,77.32,5.1,1.53,0.048,0.0045,0.021,0.0514,0
0.11,82.75,95.0,77.32,5.1,1.53,0.048,0.0045,0.0234,0.0516,0
0.11,82.75,95.0,77.32,5.1,1.53,0.048,0.0045,0.0314,0.0517,0
0.11,82.75,95.0,77.32,5.1,1.53,0.0089,0.0044,0.0206,0.0518,0
0.11,82.75,95.0,77.32,5.1,1.53,0.0089,0.0044,0.0244,0.052,0
0.11,82.75,95.0,77.32,5.1,1.53,0.0089,0.0044,0.0312,0.0522,0
0.14,79.5,0.0,77.3,1.19,1.82,0.0083,0.0042,0.0176,0.0509,0
0.14,79.5,0.0,77.3,1.19,1.82,0.0083,0.0042,0.0204,0.0512,0
0.14,79.5,0.0,77.3,1.19,1.82,0.0083,0.0042,0.0413,0.0516,0
0.14,79.5,0.0,77.3,1.19,1.82,0.0621,0.0041,0.0315,0.0539,0
0.14,79.5,0.0,77.3,1.19,1.82,0.0621,0.0041,0.0336,0.0542,0
0.14,79.5,0.0,77.3,1.19,1.82,0.0621,0.0041,0.0358,0.0543,0
0.14,79.5,0.0,77.3,1.19,1.82,0.0083,0.0042,0.0179,0.05,0
0.14,79.5,0.0,77.3,1.19,1.82,0.0083,0.0042,0.0204,0.0502,0
0.14,79.5,0.0,77.3,1.19,1.82,0.0083,0.0042,0.0239,0.0504,0
0.14,82.75,2.0,77.3,1.19,1.82,0.009,0.0045,0.0335,0.0517,0
0.14,82.75,2.0,77.3,1.19,1.82,0.009,0.0045,0.0375,0.052,0
0.14,82.75,2.0,77.3,1.19,1.82,0.009,0.0045,0.0424,0.0522,0
0.14,82.75,2.0,77.3,1.19,1.82,0.0596,0.0041,0.0271,0.067,0
0.14,82.75,2.0,77.3,1.19,1.82,0.0596,0.0041,0.0326,0.0672,0
0.14,82.75,2.0,77.3,1.19,1.82,0.0596,0.0041,0.0367,0.0673,0
0.14,82.75,2.0,77.3,1.19,1.82,0.009,0.0045,0.0254,0.0528,0
0.14,82.75,2.0,77.3,1.19,1.82,0.009,0.0045,0.0285,0.0529,0
0.14,82.75,2.0,77.3,1.19,1.82,0.009,0.0045,0.0354,0.0531,0
0.14,82.75,2.0,77.3,1.19,1.82,0.0087,0.0044,0.0225,0.0534,0
0.14,82.75,2.0,77.3,1.19,1.82,0.0087,0.0044,0.0256,0.0536,0
0.14,82.75,2.0,77.3,1.19,1.82,0.0087,0.0044,0.0298,0.0537,0
0.14,80.25,0.0,77.22,1.19,1.82,0.0525,0.0043,0.0233,0.0565,0
0.14,80.25,0.0,77.22,1.19,1.82,0.0525,0.0043,0.0264,0.0567,0
0.14,80.25,0.0,77.22,1.19,1.82,0.0525,0.0043,0.03,0.0569,0
0.14,80.25,0.0,77.22,1.19,1.82,0.0093,0.0047,0.0194,0.0518,0
0.14,80.25,0.0,77.22,1.19,1.82,0.0093,0.0047,0.0219,0.052,0
0.14,80.25,0.0,77.22,1.19,1.82,0.0093,0.0047,0.0331,0.0522,0
0.14,80.25,0.0,77.22,1.19,1.82,0.0099,0.005,0.0203,0.0462,0
0.14,80.25,0.0,77.22,1.19,1.82,0.0099,0.005,0.0337,0.0464,0
0.14,80.25,0.0,77.22,1.19,1.82,0.0099,0.005,0.0486,0.0465,1
0.14,78.0,0.0,77.32,1.04,1.83,0.0633,0.0041,0.0241,0.0502,0
0.14,78.0,0.0,77.32,1.04,1.83,0.0633,0.0041,0.0265,0.0506,0
0.14,78.0,0.0,77.32,1.04,1.83,0.0633,0.0041,0.0416,0.051,0
0.14,78.0,0.0,77.32,1.04,1.83,0.0081,0.0041,0.0228,0.0479,0
0.14,78.0,0.0,77.32,1.04,1.83,0.0081,0.0041,0.0335,0.0481,0
0.14,78.0,0.0,77.32,1.04,1.83,0.0081,0.0041,0.0458,0.0483,0
0.14,78.0,0.0,77.32,1.04,1.83,0.0081,0.0041,0.0206,0.0473,0
0.14,78.0,0.0,77.32,1.04,1.83,0.0081,0.0041,0.0247,0.0476,0
0.14,78.0,0.0,77.32,1.04,1.83,0.0081,0.0041,0.028,0.0479,0
0.14,78.0,0.0,77.32,1.04,1.83,0.0511,0.0041,0.0216,0.0534,0
0.14,78.0,0.0,77.32,1.04,1.83,0.0511,0.0041,0.0262,0.0537,0
0.14,78.0,0.0,77.32,1.04,1.83,0.0511,0.0041,0.0326,0.0539,0
0.14,79.75,99.0,77.3,1.04,1.83,0.009,0.0045,0.026,0.0476,0
0.14,79.75,99.0,77.3,1.04,1.83,0.009,0.0045,0.0302,0.0478,0
0.14,79.75,99.0,77.3,1.04,1.83,0.009,0.0045,0.0337,0.0485,0
0.14,79.75,99.0,77.3,1.04,1.83,0.0085,0.0043,0.0202,0.0631,0
0.14,79.75,99.0,77.3,1.04,1.83,0.0085,0.0043,0.0227,0.0633,0
0.14,79.75,99.0,77.3,1.04,1.83,0.0085,0.0043,0.0303,0.0634,0
0.14,79.75,99.0,77.3,1.04,1.83,0.0607,0.0041,0.0285,0.059,0
0.14,79.75,99.0,77.3,1.04,1.83,0.0607,0.0041,0.034,0.0592,0
0.14,79.75,99.0,77.3,1.04,1.83,0.0607,0.0041,0.0363,0.0593,0
0.14,76.25,99.0,77.35,1.04,1.83,0.0089,0.0045,0.0218,0.0552,0
0.14,76.25,99.0,77.35,1.04,1.83,0.0089,0.0045,0.025,0.0554,0
0.14,76.25,99.0,77.35,1.04,1.83,0.0089,0.0045,0.0284,0.0555,0
0.14,76.25,99.0,77.35,1.04,1.83,0.0083,0.0041,0.0297,0.0506,0
0.14,76.25,99.0,77.35,1.04,1.83,0.0083,0.0041,0.0342,0.0508,0
0.14,76.25,99.0,77.35,1.04,1.83,0.0083,0.0041,0.0463,0.051,0
0.14,76.25,99.0,77.35,1.04,1.83,0.0665,0.0043,0.0217,0.0579,0
0.14,76.25,99.0,77.35,1.04,1.83,0.0665,0.0043,0.0252,0.0581,0
0.14,76.25,99.0,77.35,1.04,1.83,0.0665,0.0043,0.0285,0.0582,0
0.14,76.25,99.0,77.35,1.38,1.84,0.0091,0.0045,0.0266,0.0543,0
0.14,76.25,99.0,77.35,1.38,1.84,0.0091,0.0045,0.0314,0.0545,0
0.14,76.25,99.0,77.35,1.38,1.84,0.0091,0.0045,0.0374,0.0546,0
0.14,78.0,0.0,77.35,1.38,1.84,0.0088,0.0044,0.0311,0.0615,0
0.14,78.0,0.0,77.35,1.38,1.84,0.0088,0.0044,0.0375,0.0617,0
0.14,78.0,0.0,77.35,1.38,1.84,0.0088,0.0044,0.0445,0.0618,0
0.14,78.0,0.0,77.35,1.38,1.84,0.0568,0.0043,0.0247,0.0678,0
0.14,78.0,0.0,77.35,1.38,1.84,0.0568,0.0043,0.0281,0.068,0
0.14,78.0,0.0,77.35,1.38,1.84,0.0568,0.0043,0.0314,0.0682,0
0.14,78.0,0.0,77.35,1.38,1.84,0.0085,0.0043,0.019,0.0596,0
0.14,78.0,0.0,77.35,1.38,1.84,0.0085,0.0043,0.0284,0.0598,0
0.14,78.0,0.0,77.35,1.38,1.84,0.0085,0.0043,0.0331,0.06,0
0.14,80.0,82.0,77.32,1.38,1.84,0.0086,0.0043,0.0367,0.0668,0
0.14,80.0,82.0,77.32,1.38,1.84,0.0086,0.0043,0.0394,0.0669,0
0.14,80.0,82.0,77.32,1.38,1.84,0.0086,0.0043,0.0428,0.0671,0
0.14,80.0,82.0,77.32,1.38,1.84,0.0658,0.0041,0.0234,0.0672,0
0.14,80.0,82.0,77.32,1.38,1.84,0.0658,0.0041,0.0301,0.0675,0
0.14,80.0,82.0,77.32,1.38,1.84,0.0658,0.0041,0.0342,0.0676,0
0.14,80.0,82.0,77.32,1.38,1.84,0.0086,0.0043,0.0207,0.0928,0
0.14,80.0,82.0,77.32,1.38,1.84,0.0086,0.0043,0.0252,0.093,0
0.14,80.0,82.0,77.32,1.38,1.84,0.0086,0.0043,0.0316,0.0931,0
0.14,80.0,82.0,77.32,1.38,1.84,0.0091,0.0046,0.0206,0.0886,0
0.14,80.0,82.0,77.32,1.38,1.84,0.0091,0.0046,0.0244,0.0888,0
0.14,80.0,82.0,77.32,1.38,1.84,0.0091,0.0046,0.0292,0.0889,0
0.14,79.25,0.0,77.32,1.38,1.84,0.0576,0.0041,0.0194,0.0777,0
0.14,79.25,0.0,77.32,1.38,1.84,0.0576,0.0041,0.0222,0.0779,0
0.14,79.25,0.0,77.32,1.38,1.84,0.0576,0.0041,0.0272,0.078,0
0.14,79.25,0.0,77.32,1.38,1.84,0.0089,0.0044,0.0194,0.0569,0
0.14,79.25,0.0,77.32,1.38,1.84,0.0089,0.0044,0.0218,0.0571,0
0.14,79.25,0.0,77.32,1.38,1.84,0.0089,0.0044,0.0241,0.0572,0
0.14,79.25,0.0,77.32,1.33,1.73,0.0082,0.0041,0.026,0.0593,0
0.14,79.25,0.0,77.32,1.33,1.73,0.0082,0.0041,0.0292,0.0595,0
0.14,79.25,0.0,77.32,1.33,1.73,0.0082,0.0041,0.0376,0.0596,0
0.14,79.25,0.0,77.32,1.33,1.73,0.0566,0.0042,0.0217,0.0634,0
0.14,79.25,0.0,77.32,1.33,1.73,0.0566,0.0042,0.0301,0.0636,0
0.14,79.25,0.0,77.32,1.33,1.73,0.0566,0.0042,0.0356,0.0637,0
0.14,74.75,0.0,77.35,1.33,1.73,0.0085,0.0042,,,1
0.14,74.75,0.0,77.35,1.33,1.73,0.0085,0.0042,,,1
0.14,74.75,0.0,77.35,1.33,1.73,0.0085,0.0042,,,1
0.14,74.75,0.0,77.35,1.33,1.73,0.0088,0.0044,0.0191,0.0493,0
0.14,74.75,0.0,77.35,1.33,1.73,0.0088,0.0044,0.027,0.0495,0
0.14,74.75,0.0,77.35,1.33,1.73,0.0088,0.0044,0.0296,0.0496,0
0.14,74.75,0.0,77.35,1.33,1.73,0.0541,0.0039,0.0268,0.0507,0
0.14,74.75,0.0,77.35,1.33,1.73,0.0541,0.0039,0.0295,0.0509,0
0.14,74.75,0.0,77.35,1.33,1.73,0.0541,0.0039,0.0335,0.0511,0
0.14,78.5,0.0,77.25,1.33,1.73,0.0078,0.0039,0.0179,0.0523,0
0.14,78.5,0.0,77.25,1.33,1.73,0.0078,0.0039,0.0203,0.0525,0
0.14,78.5,0.0,77.25,1.33,1.73,0.0078,0.0039,0.0245,0.0526,0
0.14,78.5,0.0,77.25,1.33,1.73,0.008,0.004,0.0222,0.0455,0
0.14,78.5,0.0,77.25,1.33,1.73,0.008,0.004,0.029,0.0457,0
0.14,78.5,0.0,77.25,1.33,1.73,0.008,0.004,0.0425,0.0458,0
0.14,78.5,0.0,77.25,1.33,1.73,0.0546,0.0042,0.0198,0.0535,0
0.14,78.5,0.0,77.25,1.33,1.73,0.0546,0.0042,0.0263,0.0537,0
0.14,78.5,0.0,77.25,1.33,1.73,0.0546,0.0042,0.0309,0.0538,0
0.14,78.5,0.0,77.25,1.33,1.73,0.0082,0.0041,0.0223,0.052,0
0.14,78.5,0.0,77.25,1.33,1.73,0.0082,0.0041,0.0318,0.0523,0
0.14,78.5,0.0,77.25,1.33,1.73,0.0082,0.0041,0.0354,0.0524,0
0.14,77.25,0.0,77.32,1.33,1.73,0.0089,0.0045,0.0159,0.05,0
0.14,77.25,0.0,77.32,1.33,1.73,0.0089,0.0045,0.0188,0.0504,0
0.14,77.25,0.0,77.32,1.33,1.73,0.0089,0.0045,0.0227,0.0506,0
0.14,77.25,0.0,77.32,1.56,1.74,0.0526,0.0042,0.0315,0.0521,0
0.14,77.25,0.0,77.32,1.56,1.74,0.0526,0.0042,0.0414,0.0524,0
0.14,77.25,0.0,77.32,1.56,1.74,0.0526,0.0042,0.0464,0.0525,0
0.14,77.25,0.0,77.32,1.56,1.74,0.008,0.004,0.0136,0.0715,0
0.14,77.25,0.0,77.32,1.56,1.74,0.008,0.004,0.02,0.0718,0
0.14,77.25,0.0,77.32,1.56,1.74,0.008,0.004,0.0285,0.0719,0
0.14,73.5,0.0,77.35,1.56,1.74,0.0085,0.0042,0.0194,0.0506,0
0.14,73.5,0.0,77.35,1.56,1.74,0.0085,0.0042,0.0245,0.0508,0
0.14,73.5,0.0,77.35,1.56,1.74,0.0085,0.0042,0.0293,0.0509,0
0.14,73.5,0.0,77.35,1.56,1.74,0.0551,0.0044,0.0357,0.0531,0
0.14,73.5,0.0,77.35,1.56,1.74,0.0551,0.0044,0.0405,0.0533,0
0.14,73.5,0.0,77.35,1.56,1.74,0.0551,0.0044,0.0515,0.0534,0
0.14,73.5,0.0,77.35,1.56,1.74,0.0087,0.0043,0.0384,0.0624,0
0.14,73.5,0.0,77.35,1.56,1.74,0.0087,0.0043,0.1179,0.0626,1
0.14,73.5,0.0,77.35,1.56,1.74,0.0087,0.0043,0.1225,0.0627,1
0.14,73.5,0.0,77.35,1.56,1.74,0.0091,0.0046,0.0614,0.0506,1
0.14,73.5,0.0,77.35,1.56,1.74,0.0091,0.0046,0.0644,0.0508,1
0.14,73.5,0.0,77.35,1.56,1.74,0.0091,0.0046,0.0672,0.051,1
0.14,83.25,0.0,77.35,1.56,1.74,0.0521,0.0047,0.0184,0.0558,0
0.14,83.25,0.0,77.35,1.56,1.74,0.0521,0.0047,0.0212,0.0561,0
0.14,83.25,0.0,77.35,1.56,1.74,0.0521,0.0047,0.024,0.0564,0
0.14,83.25,0.0,77.35,1.56,1.74,0.0088,0.0044,0.021,0.0496,0
0.14,83.25,0.0,77.35,1.56,1.74,0.0088,0.0044,0.0242,0.0498,0
0.14,83.25,0.0,77.35,1.56,1.74,0.0088,0.0044,0.0296,0.05,0
0.14,83.25,0.0,77.35,1.56,1.74,0.0086,0.0043,0.0235,0.0606,0
0.14,83.25,0.0,77.35,1.56,1.74,0.0086,0.0043,0.0259,0.0608,0
0.14,83.25,0.0,77.35,1.56,1.74,0.0086,0.0043,0.0282,0.0609,0
0.14,77.75,0.0,77.4,1.56,1.74,0.0523,0.0043,0.0211,0.0543,0
0.14,77.75,0.0,77.4,1.56,1.74,0.0523,0.0043,0.0274,0.0545,0
0.14,77.75,0.0,77.4,1.56,1.74,0.0523,0.0043,0.0349,0.0547,0
0.14,77.75,0.0,77.4,1.48,1.62,0.0098,0.0049,0.0205,0.0492,0
0.14,77.75,0.0,77.4,1.48,1.62,0.0098,0.0049,0.0227,0.0495,0
0.14,77.75,0.0,77.4,1.48,1.62,0.0098,0.0049,0.031,0.0496,0
0.14,77.75,0.0,77.4,1.48,1.62,0.0085,0.0042,0.0156,0.0513,0
0.14,77.75,0.0,77.4,1.48,1.62,0.0085,0.0042,0.0179,0.0515,0
0.14,77.75,0.0,77.4,1.48,1.62,0.0085,0.0042,0.0215,0.0516,0
0.14,77.75,0.0,77.4,1.48,1.62,0.0552,0.0047,0.0197,0.0517,0
0.14,77.75,0.0,77.4,1.48,1.62,0.0552,0.0047,0.0241,0.0519,0
0.14,77.75,0.0,77.4,1.48,1.62,0.0552,0.0047,0.0284,0.0521,0
0.14,77.25,0.0,77.35,1.48,1.62,0.0081,0.0041,0.0178,0.0512,0
0.14,77.25,0.0,77.35,1.48,1.62,0.0081,0.0041,0.0208,0.0515,0
0.14,77.25,0.0,77.35,1.48,1.62,0.0081,0.0041,0.0285,0.0519,0
0.14,77.25,0.0,77.35,1.48,1.62,0.0088,0.0044,0.0229,0.0498,0
0.14,77.25,0.0,77.35,1.48,1.62,0.0088,0.0044,0.0253,0.05,0
0.14,77.25,0.0,77.35,1.48,1.62,0.0088,0.0044,0.0303,0.0501,0
0.14,77.25,0.0,77.35,1.48,1.62,0.0619,0.004,0.0249,0.0566,0
0.14,77.25,0.0,77.35,1.48,1.62,0.0619,0.004,0.043,0.0568,0
0.14,77.25,0.0,77.35,1.48,1.62,0.0619,0.004,0.046,0.057,0
0.14,78.5,0.0,77.35,1.48,1.62,0.0089,0.0045,0.0156,0.0479,0
0.14,78.5,0.0,77.35,1.48,1.62,0.0089,0.0045,0.0253,0.0483,0
0.14,78.5,0.0,77.35,1.48,1.62,0.0089,0.0045,0.0327,0.0487,0
0.14,78.5,0.0,77.35,1.48,1.62,0.0089,0.0045,0.018,0.0479,0
0.14,78.5,0.0,77.35,1.48,1.62,0.0089,0.0045,0.0234,0.0482,0
0.14,78.5,0.0,77.35,1.48,1.62,0.0089,0.0045,0.0279,0.0483,0
0.14,78.5,0.0,77.35,1.48,1.62,0.0583,0.0044,0.0164,0.0524,0
0.14,78.5,0.0,77.35,1.48,1.62,0.0583,0.0044,0.0235,0.0526,0
0.14,78.5,0.0,77.35,1.48,1.62,0.0583,0.0044,0.0261,0.0528,0
0.14,78.5,0.0,77.35,1.48,1.62,0.0093,0.0046,0.0169,0.0452,0
0.14,78.5,0.0,77.35,1.48,1.62,0.0093,0.0046,0.0237,0.0454,0
0.14,78.5,0.0,77.35,1.48,1.62,0.0093,0.0046,0.0258,0.0455,0
0.14,79.25,0.0,77.32,2.22,1.67,0.0092,0.0046,0.018,0.0465,0
0.14,79.25,0.0,77.32,2.22,1.67,0.0092,0.0046,0.0225,0.0467,0
0.14,79.25,0.0,77.32,2.22,1.67,0.0092,0.0046,0.0304,0.0469,0
0.14,79.25,0.0,77.32,2.22,1.67,0.0555,0.0043,0.023,0.0533,0
0.14,79.25,0.0,77.32,2.22,1.67,0.0555,0.0043,0.0263,0.0535,0
0.14,79.25,0.0,77.32,2.22,1.67,0.0555,0.0043,0.0315,0.0537,0
0.14,79.25,0.0,77.32,2.22,1.67,0.0091,0.0045,0.0282,0.0501,0
0.14,79.25,0.0,77.32,2.22,1.67,0.0091,0.0045,0.0347,0.0502,0
0.14,79.25,0.0,77.32,2.22,1.67,0.0091,0.0045,0.0394,0.0504,0
0.14,78.5,99.0,77.32,2.22,1.67,0.0085,0.0043,0.0214,0.0503,0
0.14,78.5,99.0,77.32,2.22,1.67,0.0085,0.0043,0.0341,0.0505,0
0.14,78.5,99.0,77.32,2.22,1.67,0.0085,0.0043,0.0365,0.0507,0
0.14,78.5,99.0,77.32,2.22,1.67,0.0561,0.0045,0.0248,0.061,0
0.14,78.5,99.0,77.32,2.22,1.67,0.0561,0.0045,0.0333,0.0611,0
0.14,78.5,99.0,77.32,2.22,1.67,0.0561,0.0045,0.0394,0.0613,0
0.14,78.5,99.0,77.32,2.22,1.67,0.0081,0.0041,0.0334,0.0481,0
0.14,78.5,99.0,77.32,2.22,1.67,0.0081,0.0041,0.0356,0.0483,0
0.14,78.5,99.0,77.32,2.22,1.67,0.0081,0.0041,0.0382,0.0484,0
0.14,78.5,99.0,77.32,2.22,1.67,0.0089,0.0045,0.0224,0.0506,0
0.14,78.5,99.0,77.32,2.22,1.67,0.0089,0.0045,0.0281,0.0509,0
0.14,78.5,99.0,77.32,2.22,1.67,0.0089,0.0045,0.0359,0.051,0
0.14,80.0,0.0,77.35,2.22,1.67,0.0544,0.0048,0.0333,0.0507,0
0.14,80.0,0.0,77.35,2.22,1.67,0.0544,0.0048,0.0521,0.051,1
0.14,80.0,0.0,77.35,2.22,1.67,0.0544,0.0048,0.0555,0.0511,1
0.14,80.0,0.0,77.35,2.22,1.67,0.0085,0.0043,0.0214,0.0487,0
0.14,80.0,0.0,77.35,2.22,1.67,0.0085,0.0043,0.0299,0.049,0
0.14,80.0,0.0,77.35,2.22,1.67,0.0085,0.0043,0.0334,0.0491,0
0.14,80.0,0.0,77.35,2.22,1.67,0.008,0.004,0.0195,0.0564,0
0.14,80.0,0.0,77.35,2.22,1.67,0.008,0.004,0.0225,0.0566,0
0.14,80.0,0.0,77.35,2.22,1.67,0.008,0.004,0.0269,0.0568,0
0.14,80.0,0.0,77.35,2.22,1.67,0.0535,0.0045,0.0216,0.0552,0
0.14,80.0,0.0,77.35,2.22,1.67,0.0535,0.0045,0.0248,0.0554,0
0.14,80.0,0.0,77.35,2.22,1.67,0.0535,0.0045,0.0369,0.0555,0
0.14,80.25,0.0,77.35,1.13,1.34,0.0093,0.0047,0.0154,0.0495,0
0.14,80.25,0.0,77.35,1.13,1.34,0.0093,0.0047,0.0183,0.0497,0
0.14,80.25,0.0,77.35,1.13,1.34,0.0093,0.0047,0.0235,0.0498,0
0.14,80.25,0.0,77.35,1.13,1.34,0.0082,0.0041,0.0172,0.0502,0
0.14,80.25,0.0,77.35,1.13,1.34,0.0082,0.0041,0.0208,0.0503,0
0.14,80.25,0.0,77.35,1.13,1.34,0.0082,0.0041,0.0337,0.0505,0
0.14,80.25,0.0,77.35,1.13,1.34,0.0475,0.0043,0.0187,0.0546,0
0.14,80.25,0.0,77.35,1.13,1.34,0.0475,0.0043,0.0274,0.0548,0
0.14,80.25,0.0,77.35,1.13,1.34,0.0475,0.0043,0.0353,0.055,0
0.14,80.75,0.0,77.35,1.13,1.34,0.0085,0.0043,0.0239,0.0499,0
0.14,80.75,0.0,77.35,1.13,1.34,0.0085,0.0043,0.0278,0.0501,0
0.14,80.75,0.0,77.35,1.13,1.34,0.0085,0.0043,0.0306,0.0503,0
0.14,80.75,0.0,77.35,1.13,1.34,0.0086,0.0043,0.024,0.0468,0
0.14,80.75,0.0,77.35,1.13,1.34,0.0086,0.0043,0.0299,0.047,0
0.14,80.75,0.0,77.35,1.13,1.34,0.0086,0.0043,0.0338,0.0471,0
0.14,80.75,0.0,77.35,1.13,1.34,0.0512,0.0045,0.0208,0.0505,0
0.14,80.75,0.0,77.35,1.13,1.34,0.0512,0.0045,0.0302,0.0507,0
0.14,80.75,0.0,77.35,1.13,1.34,0.0512,0.0045,0.0331,0.0508,0
0.14,80.75,0.0,77.35,1.13,1.34,0.009,0.0045,0.0149,0.0488,0
0.14,80.75,0.0,77.35,1.13,1.34,0.009,0.0045,0.0226,0.049,0
0.14,80.75,0.0,77.35,1.13,1.34,0.009,0.0045,0.0251,0.0492,0
0.14,79.5,0.0,77.35,1.13,1.34,0.0085,0.0043,0.0222,0.0516,0
0.14,79.5,0.0,77.35,1.13,1.34,0.0085,0.0043,0.0249,0.0518,0
0.14,79.5,0.0,77.35,1.13,1.34,0.0085,0.0043,0.0281,0.0521,0
0.14,79.5,0.0,77.35,1.13,1.34,0.0688,0.0045,0.023,0.0536,0
0.14,79.5,0.0,77.35,1.13,1.34,0.0688,0.0045,0.0252,0.0538,0
0.14,79.5,0.0,77.35,1.13,1.34,0.0688,0.0045,0.0274,0.0539,0
0.14,79.5,0.0,77.35,1.13,1.34,0.0089,0.0045,0.0174,0.0492,0
0.14,79.5,0.0,77.35,1.13,1.34,0.0089,0.0045,0.0279,0.0494,0
0.14,79.5,0.0,77.35,1.79,1.02,0.0089,0.0045,0.0514,0.0495,1
0.14,81.25,13.0,77.35,1.79,1.02,0.0091,0.0046,0.0162,0.0505,0
0.14,81.25,13.0,77.35,1.79,1.02,0.0091,0.0046,0.0232,0.0507,0
0.14,81.25,13.0,77.35,1.79,1.02,0.0091,0.0046,0.029,0.0508,0
0.14,81.25,13.0,77.35,1.79,1.02,0.0696,0.0043,0.0234,0.0531,0
0.14,81.25,13.0,77.35,1.79,1.02,0.0696,0.0043,0.0262,0.0533,0
0.14,81.25,13.0,77.35,1.79,1.02,0.0696,0.0043,0.0295,0.0535,0
0.14,81.25,13.0,77.35,1.79,1.02,0.0078,0.0039,0.0255,0.0535,0
0.14,81.25,13.0,77.35,1.79,1.02,0.0078,0.0039,0.0298,0.0538,0
0.14,81.25,13.0,77.35,1.79,1.02,0.0078,0.0039,0.0473,0.0541,0
0.14,81.25,13.0,77.35,1.79,1.02,0.0088,0.0044,0.0196,0.0524,0
0.14,81.25,13.0,77.35,1.79,1.02,0.0088,0.0044,0.0226,0.0526,0
0.14,81.25,13.0,77.35,1.79,1.02,0.0088,0.0044,0.033,0.0528,0
0.14,74.75,0.0,77.35,1.79,1.02,0.0445,0.0041,0.0259,0.06,0
0.14,74.75,0.0,77.35,1.79,1.02,0.0445,0.0041,0.0292,0.0602,0
0.14,74.75,0.0,77.35,1.79,1.02,0.0445,0.0041,0.0333,0.0605,0
0.14,74.75,0.0,77.35,1.79,1.02,0.009,0.0045,0.038,0.0516,0
0.14,74.75,0.0,77.35,1.79,1.02,0.009,0.0045,0.0435,0.0522,0
0.14,74.75,0.0,77.35,1.79,1.02,0.009,0.0045,0.0484,0.0524,0
0.14,74.75,0.0,77.35,1.79,1.02,0.0082,0.0041,0.0187,0.0503,0
0.14,74.75,0.0,77.35,1.79,1.02,0.0082,0.0041,0.0214,0.0505,0
0.14,74.75,0.0,77.35,1.79,1.02,0.0082,0.0041,0.0281,0.0506,0
0.14,80.5,0.0,77.35,1.79,1.02,0.0554,0.0042,0.0235,0.0523,0
0.14,80.5,0.0,77.35,1.79,1.02,0.0554,0.0042,0.0289,0.0525,0
0.14,80.5,0.0,77.35,1.79,1.02,0.0554,0.0042,0.0375,0.0526,0
0.14,80.5,0.0,77.35,1.79,1.02,0.0084,0.0042,0.0177,0.0509,0
0.14,80.5,0.0,77.35,1.79,1.02,0.0084,0.0042,0.0201,0.0511,0
0.14,80.5,0.0,77.35,1.79,1.02,0.0084,0.0042,0.0224,0.0512,0
0.14,80.5,0.0,77.35,1.79,1.02,0.0098,0.0049,0.0246,0.0496,0
0.14,80.5,0.0,77.35,1.79,1.02,0.0098,0.0049,0.0276,0.0498,0
0.14,80.5,0.0,77.35,1.79,1.02,0.0098,0.0049,0.0347,0.0499,0
0.14,80.5,0.0,77.35,4.25,1.21,0.0554,0.0042,0.0192,0.1024,0
0.14,80.5,0.0,77.35,4.25,1.21,0.0554,0.0042,0.0221,0.1026,0
0.14,80.5,0.0,77.35,4.25,1.21,0.0554,0.0042,0.034,0.1027,0
0.14,77.75,0.0,77.35,4.25,1.21,0.0087,0.0043,0.0205,0.0475,0
0.14,77.75,0.0,77.35,4.25,1.21,0.0087,0.0043,0.0256,0.0477,0
0.14,77.75,0.0,77.35,4.25,1.21,0.0087,0.0043,0.0311,0.0478,0
0.14,77.75,0.0,77.35,4.25,1.21,0.0081,0.0041,0.0221,0.0535,0
0.14,77.75,0.0,77.35,4.25,1.21,0.0081,0.0041,0.027,0.0538,0
0.14,77.75,0.0,77.35,4.25,1.21,0.0081,0.0041,0.0314,0.0539,0
0.14,77.75,0.0,77.35,4.25,1.21,0.0527,0.0043,0.0202,0.0505,0
0.14,77.75,0.0,77.35,4.25,1.21,0.0527,0.0043,0.0223,0.0507,0
0.14,77.75,0.0,77.35,4.25,1.21,0.0527,0.0043,0.0259,0.0509,0
0.14,77.75,0.0,77.35,4.25,1.21,0.0077,0.0039,0.0169,0.0467,0
0.14,77.75,0.0,77.35,4.25,1.21,0.0077,0.0039,0.0194,0.0469,0
0.14,77.75,0.0,77.35,4.25,1.21,0.0077,0.0039,0.0218,0.047,0
0.14,77.75,0.0,77.35,4.25,1.21,0.0082,0.0041,0.0495,0.049,1
0.14,77.75,0.0,77.35,4.25,1.21,0.0082,0.0041,0.0524,0.0491,1
0.14,77.75,0.0,77.35,4.25,1.21,0.0082,0.0041,0.055,0.0493,1
0.14,77.75,0.0,77.35,4.25,1.21,0.0479,0.0044,0.024,0.0511,0
0.14,77.75,0.0,77.35,4.25,1.21,0.0479,0.0044,0.0266,0.0514,0
0.14,77.75,0.0,77.35,4.25,1.21,0.0479,0.0044,0.0318,0.0515,0
0.14,77.75,0.0,77.35,4.25,1.21,0.0084,0.0042,0.0248,0.0488,0
0.14,77.75,0.0,77.35,4.25,1.21,0.0084,0.0042,0.0322,0.049,0
0.14,77.75,0.0,77.35,4.25,1.21,0.0084,0.0042,0.0519,0.0491,1
0.14,80.75,0.0,77.32,4.25,1.21,0.0084,0.0042,0.0149,0.0447,0
0.14,80.75,0.0,77.32,4.25,1.21,0.0084,0.0042,0.0177,0.0449,0
0.14,80.75,0.0,77.32,4.25,1.21,0.0084,0.0042,0.0271,0.045,0
0.14,80.75,0.0,77.32,4.25,1.21,0.0571,0.0044,0.022,0.0527,0
0.14,80.75,0.0,77.32,4.25,1.21,0.0571,0.0044,0.0359,0.0529,0
0.14,80.75,0.0,77.32,4.25,1.21,0.0571,0.0044,0.0387,0.0531,0
0.14,80.75,0.0,77.32,1.57,1.13,0.0085,0.0042,0.0174,0.0442,0
0.14,80.75,0.0,77.32,1.57,1.13,0.0085,0.0042,0.0216,0.0444,0
0.14,80.75,0.0,77.32,1.57,1.13,0.0085,0.0042,0.0305,0.0445,0
0.14,77.5,0.0,77.32,1.57,1.13,0.0083,0.0041,0.0194,0.0511,0
0.14,77.5,0.0,77.32,1.57,1.13,0.0083,0.0041,0.0226,0.0514,0
0.14,77.5,0.0,77.32,1.57,1.13,0.0083,0.0041,0.0341,0.0517,0
0.14,77.5,0.0,77.32,1.57,1.13,0.0684,0.0042,0.0195,0.0539,0
0.14,77.5,0.0,77.32,1.57,1.13,0.0684,0.0042,0.0285,0.0541,0
0.14,77.5,0.0,77.32,1.57,1.13,0.0684,0.0042,0.041,0.0543,0
0.14,77.5,0.0,77.32,1.57,1.13,0.0086,0.0043,0.0183,0.0457,0
0.14,77.5,0.0,77.32,1.57,1.13,0.0086,0.0043,0.021,0.0459,0
0.14,77.5,0.0,77.32,1.57,1.13,0.0086,0.0043,0.0244,0.046,0
0.14,77.5,0.0,77.32,1.57,1.13,0.0081,0.004,0.02,0.0623,0
0.14,77.5,0.0,77.32,1.57,1.13,0.0081,0.004,0.0297,0.0625,0
0.14,77.5,0.0,77.32,1.57,1.13,0.0081,0.004,0.0328,0.0626,0
0.14,79.75,0.0,77.37,1.57,1.13,0.0512,0.0042,0.0181,0.0533,0
0.14,79.75,0.0,77.37,1.57,1.13,0.0512,0.0042,0.0204,0.0535,0
0.14,79.75,0.0,77.37,1.57,1.13,0.0512,0.0042,0.0231,0.0536,0
0.14,79.75,0.0,77.37,1.57,1.13,0.0086,0.0043,0.0505,0.0502,1
0.14,79.75,0.0,77.37,1.57,1.13,0.0086,0.0043,0.0535,0.0505,1
0.14,79.75,0.0,77.37,1.57,1.13,0.0086,0.0043,0.0583,0.0509,1
0.14,79.75,0.0,77.37,1.57,1.13,0.0086,0.0043,0.0176,0.0515,0
0.14,79.75,0.0,77.37,1.57,1.13,0.0086,0.0043,0.0239,0.0519,0
0.14,79.75,0.0,77.37,1.57,1.13,0.0086,0.0043,0.0303,0.0522,0
0.14,79.75,0.0,77.37,1.57,1.13,0.0568,0.0042,0.0208,0.0543,0
0.14,79.75,0.0,77.37,1.57,1.13,0.0568,0.0042,0.0232,0.0545,0
0.14,79.75,0.0,77.37,1.57,1.13,0.0568,0.0042,0.0271,0.0547,0
0.14,81.5,0.0,77.32,1.57,1.13,0.0082,0.0041,0.0237,0.0511,0
0.14,81.5,0.0,77.32,1.57,1.13,0.0082,0.0041,0.0269,0.0513,0
0.14,81.5,0.0,77.32,1.57,1.13,0.0082,0.0041,0.0303,0.0515,0
0.14,81.5,0.0,77.32,1.49,0.78,0.0087,0.0044,0.0182,0.046,0
0.14,81.5,0.0,77.32,1.49,0.78,0.0087,0.0044,0.0274,0.0462,0
0.14,81.5,0.0,77.32,1.49,0.78,0.0087,0.0044,0.0303,0.0463,0
0.14,81.5,0.0,77.32,1.49,0.78,0.0481,0.0044,0.0241,0.0528,0
0.14,81.5,0.0,77.32,1.49,0.78,0.0481,0.0044,0.0294,0.053,0
0.14,81.5,0.0,77.32,1.49,0.78,0.0481,0.0044,0.0368,0.0532,0
0.14,79.5,0.0,77.32,1.49,0.78,0.0086,0.0043,0.0144,0.0489,0
0.14,79.5,0.0,77.32,1.49,0.78,0.0086,0.0043,0.0241,0.0491,0
0.14,79.5,0.0,77.32,1.49,0.78,0.0086,0.0043,0.0288,0.0493,0
0.14,79.5,0.0,77.32,1.49,0.78,0.008,0.004,0.0166,0.0488,0
0.14,79.5,0.0,77.32,1.49,0.78,0.008,0.004,0.0207,0.049,0
0.14,79.5,0.0,77.32,1.49,0.78,0.008,0.004,0.0291,0.0492,0
0.14,79.5,0.0,77.32,1.49,0.78,0.0537,0.0042,0.0176,0.0527,0
0.14,79.5,0.0,77.32,1.49,0.78,0.0537,0.0042,0.0225,0.0529,0
0.14,79.5,0.0,77.32,1.49,0.78,0.0537,0.0042,0.0251,0.053,0
0.14,79.5,0.0,77.32,1.49,0.78,0.0088,0.0044,0.0173,0.047,0
0.14,79.5,0.0,77.32,1.49,0.78,0.0088,0.0044,0.0221,0.0472,0
0.14,79.5,0.0,77.32,1.49,0.78,0.0088,0.0044,0.0255,0.0473,0
0.14,79.25,89.0,77.35,1.49,0.78,0.009,0.0045,0.0189,0.0511,0
0.14,79.25,89.0,77.35,1.49,0.78,0.009,0.0045,0.022,0.0512,0
0.14,79.25,89.0,77.35,1.49,0.78,0.009,0.0045,0.0256,0.0514,0
0.14,79.25,89.0,77.35,1.49,0.78,0.0563,0.0047,0.0252,0.0516,0
0.14,79.25,89.0,77.35,1.49,0.78,0.0563,0.0047,0.0283,0.0518,0
0.14,79.25,89.0,77.35,1.49,0.78,0.0563,0.0047,0.0319,0.0522,0
0.14,79.25,89.0,77.35,1.49,0.78,0.009,0.0045,0.018,0.045,0
0.14,79.25,89.0,77.35,1.49,0.78,0.009,0.0045,0.027,0.0452,0
0.14,79.25,89.0,77.35,1.49,0.78,0.009,0.0045,0.0302,0.0454,0
0.14,78.5,0.0,77.32,1.49,0.78,0.0086,0.0043,0.0166,0.0473,0
0.14,78.5,0.0,77.32,1.49,0.78,0.0086,0.0043,0.019,0.0474,0
0.14,78.5,0.0,77.32,1.49,0.78,0.0086,0.0043,0.0255,0.0476,0
0.14,78.5,0.0,77.32,3.0,0.9,0.0482,0.0046,0.0191,0.0507,0
0.14,78.5,0.0,77.32,3.0,0.9,0.0482,0.0046,0.0315,0.0509,0
0.14,78.5,0.0,77.32,3.0,0.9,0.0482,0.0046,0.0372,0.051,0
0.14,78.5,0.0,77.32,3.0,0.9,0.0082,0.0041,0.0228,0.0475,0
0.14,78.5,0.0,77.32,3.0,0.9,0.0082,0.0041,0.0261,0.0477,0
0.14,78.5,0.0,77.32,3.0,0.9,0.0082,0.0041,0.0367,0.0478,0
0.14,78.5,0.0,77.32,3.0,0.9,0.0083,0.0042,0.0165,0.0466,0
0.14,78.5,0.0,77.32,3.0,0.9,0.0083,0.0042,0.0324,0.0468,0
0.14,78.5,0.0,77.32,3.0,0.9,0.0083,0.0042,0.0402,0.047,0
0.14,79.25,0.0,77.35,3.0,0.9,0.0579,0.0042,0.0204,0.0548,0
0.14,79.25,0.0,77.35,3.0,0.9,0.0579,0.0042,0.0301,0.055,0
0.14,79.25,0.0,77.35,3.0,0.9,0.0579,0.0042,0.0351,0.0552,0
0.14,79.25,0.0,77.35,3.0,0.9,0.0086,0.0043,0.0277,0.0583,0
0.14,79.25,0.0,77.35,3.0,0.9,0.0086,0.0043,0.03,0.0584,0
0.14,79.25,0.0,77.35,3.0,0.9,0.0086,0.0043,0.0359,0.0585,0
0.14,79.25,0.0,77.35,3.0,0.9,0.0084,0.0042,0.0199,0.047,0
0.14,79.25,0.0,77.35,3.0,0.9,0.0084,0.0042,0.0244,0.0472,0
0.14,79.25,0.0,77.35,3.0,0.9,0.0084,0.0042,0.0278,0.0473,0
0.14,79.25,0.0,77.35,3.0,0.9,0.0579,0.0048,0.0646,0.0517,1
0.14,79.25,0.0,77.35,3.0,0.9,0.0579,0.0048,0.0724,0.0518,1
0.14,79.25,0.0,77.35,3.0,0.9,0.0579,0.0048,0.0783,0.0521,1
0.14,83.75,0.0,77.37,3.0,0.9,0.0093,0.0046,0.0318,0.0514,0
0.14,83.75,0.0,77.37,3.0,0.9,0.0093,0.0046,0.0343,0.0516,0
0.14,83.75,0.0,77.37,3.0,0.9,0.0093,0.0046,0.0367,0.0517,0
0.14,83.75,0.0,77.37,3.0,0.9,0.0093,0.0047,0.0195,0.0505,0
0.14,83.75,0.0,77.37,3.0,0.9,0.0093,0.0047,0.0235,0.0507,0
0.14,83.75,0.0,77.37,3.0,0.9,0.0093,0.0047,0.0313,0.0512,0
0.14,83.75,0.0,77.37,3.0,0.9,0.0448,0.0041,0.0247,0.0513,0
0.14,83.75,0.0,77.37,3.0,0.9,0.0448,0.0041,0.0277,0.0515,0
0.14,83.75,0.0,77.37,3.0,0.9,0.0448,0.0041,0.03,0.0517,0
0.14,81.75,0.0,77.37,3.0,0.9,0.0092,0.0046,0.0223,0.0464,0
0.14,81.75,0.0,77.37,3.0,0.9,0.0092,0.0046,0.0409,0.0466,0
0.14,81.75,0.0,77.37,3.0,0.9,0.0092,0.0046,0.0437,0.0467,0
0.14,81.75,0.0,77.37,5.95,1.14,0.0097,0.0049,0.0185,0.0494,0
0.14,81.75,0.0,77.37,5.95,1.14,0.0097,0.0049,0.0207,0.0496,0
0.14,81.75,0.0,77.37,5.95,1.14,0.0097,0.0049,0.0267,0.0497,0
0.14,81.75,0.0,77.37,5.95,1.14,0.0418,0.0046,0.0288,0.0523,0
0.14,81.75,0.0,77.37,5.95,1.14,0.0418,0.0046,0.031,0.0525,0
0.14,81.75,0.0,77.37,5.95,1.14,0.0418,0.0046,0.0519,0.0526,0
0.14,81.75,0.0,77.37,5.95,1.14,0.0087,0.0043,0.0152,0.0458,0
0.14,81.75,0.0,77.37,5.95,1.14,0.0087,0.0043,0.0187,0.0459,0
0.14,81.75,0.0,77.37,5.95,1.14,0.0087,0.0043,0.028,0.0461,0
0.14,78.25,0.0,77.35,5.95,1.14,0.0085,0.0042,0.0145,0.0469,0
0.14,78.25,0.0,77.35,5.95,1.14,0.0085,0.0042,0.017,0.0471,0
0.14,78.25,0.0,77.35,5.95,1.14,0.0085,0.0042,0.0275,0.0473,0
0.14,78.25,0.0,77.35,5.95,1.14,0.0549,0.0039,0.0189,0.0526,0
0.14,78.25,0.0,77.35,5.95,1.14,0.0549,0.0039,0.0218,0.0528,0
0.14,78.25,0.0,77.35,5.95,1.14,0.0549,0.0039,0.026,0.053,0
0.14,78.25,0.0,77.35,5.95,1.14,0.0086,0.0043,0.0227,0.0466,0
0.14,78.25,0.0,77.35,5.95,1.14,0.0086,0.0043,0.031,0.0467,0
0.14,78.25,0.0,77.35,5.95,1.14,0.0086,0.0043,0.0386,0.0469,0
0.14,78.25,0.0,77.35,5.95,1.14,0.009,0.0045,0.023,0.0509,0
0.14,78.25,0.0,77.35,5.95,1.14,0.009,0.0045,0.0259,0.0512,0
0.14,78.25,0.0,77.35,5.95,1.14,0.009,0.0045,0.0289,0.0513,0
0.14,76.75,0.0,77.35,5.95,1.14,0.0491,0.004,0.0242,0.0501,0
0.14,76.75,0.0,77.35,5.95,1.14,0.0491,0.004,0.0281,0.0503,0
0.14,76.75,0.0,77.35,5.95,1.14,0.0491,0.004,0.0322,0.0504,0
0.14,76.75,0.0,77.35,5.95,1.14,0.0082,0.0041,0.019,0.0495,0
0.14,76.75,0.0,77.35,5.95,1.14,0.0082,0.0041,0.0229,0.0497,0
0.14,76.75,0.0,77.35,5.95,1.14,0.0082,0.0041,0.0294,0.0498,0
0.14,76.75,0.0,77.35,5.95,1.14,0.0083,0.0042,0.0142,0.1159,0
0.14,76.75,0.0,77.35,5.95,1.14,0.0083,0.0042,0.0218,0.1161,0
0.14,76.75,0.0,77.35,5.95,1.14,0.0083,0.0042,0.0275,0.1162,0
0.14,78.75,0.0,77.37,1.18,1.57,0.0499,0.0039,0.0202,0.055,0
0.14,78.75,0.0,77.37,1.18,1.57,0.0499,0.0039,0.0233,0.0552,0
0.14,78.75,0.0,77.37,1.18,1.57,0.0499,0.0039,0.0258,0.0553,0
0.14,78.75,0.0,77.37,1.18,1.57,0.0087,0.0044,0.0189,0.0474,0
0.14,78.75,0.0,77.37,1.18,1.57,0.0087,0.0044,0.0212,0.0476,0
0.14,78.75,0.0,77.37,1.18,1.57,0.0087,0.0044,0.0239,0.0481,0
0.14,78.75,0.0,77.37,1.18,1.57,0.0087,0.0044,0.0187,0.0514,0
0.14,78.75,0.0,77.37,1.18,1.57,0.0087,0.0044,0.0212,0.0516,0
0.14,78.75,0.0,77.37,1.18,1.57,0.0087,0.0044,0.0291,0.052,0
0.14,78.75,0.0,77.37,1.18,1.57,0.05,0.0044,0.0326,0.063,0
0.14,78.75,0.0,77.37,1.18,1.57,0.05,0.0044,0.0358,0.0632,0
0.14,78.75,0.0,77.37,1.18,1.57,0.05,0.0044,0.0414,0.0634,0
0.14,74.5,0.0,77.37,1.18,1.57,0.0086,0.0043,0.0146,0.0464,0
0.14,74.5,0.0,77.37,1.18,1.57,0.0086,0.0043,0.0264,0.0466,0
0.14,74.5,0.0,77.37,1.18,1.57,0.0086,0.0043,0.0435,0.0467,0
0.14,74.5,0.0,77.37,1.18,1.57,0.008,0.004,0.0286,0.0448,0
0.14,74.5,0.0,77.37,1.18,1.57,0.008,0.004,0.0352,0.045,0
0.14,74.5,0.0,77.37,1.18,1.57,0.008,0.004,0.0452,0.0451,1
0.14,74.5,0.0,77.37,1.18,1.57,0.0518,0.0045,0.0681,0.0551,1
0.14,74.5,0.0,77.37,1.18,1.57,0.0518,0.0045,0.0777,0.0554,1
0.14,74.5,0.0,77.37,1.18,1.57,0.0518,0.0045,0.08,0.0563,1
0.14,74.5,0.0,77.37,1.18,1.57,0.0093,0.0046,0.0834,0.0527,1
0.14,74.5,0.0,77.37,1.18,1.57,0.0093,0.0046,0.0871,0.0532,1
0.14,74.5,0.0,77.37,1.18,1.57,0.0093,0.0046,0.095,0.0534,1
0.14,84.75,0.0,77.35,1.18,1.57,0.0086,0.0043,0.0279,0.0508,0
0.14,84.75,0.0,77.35,1.18,1.57,0.0086,0.0043,0.0337,0.051,0
0.14,84.75,0.0,77.35,1.18,1.57,0.0086,0.0043,0.0367,0.0511,0
0.14,84.75,0.0,77.35,1.18,1.57,0.0692,0.0043,0.0324,0.0572,0
0.14,84.75,0.0,77.35,1.18,1.57,0.0692,0.0043,0.0351,0.0577,0
0.14,84.75,0.0,77.35,1.18,1.57,0.0692,0.0043,0.0533,0.058,0
0.14,84.75,0.0,77.35,1.18,1.57,0.0089,0.0045,0.0151,0.0496,0
0.14,84.75,0.0,77.35,1.18,1.57,0.0089,0.0045,0.0181,0.0498,0
0.14,84.75,0.0,77.35,5.13,1.91,0.0089,0.0045,0.0297,0.05,0
0.14,85.75,0.0,77.37,5.13,1.91,0.0079,0.004,0.0262,0.0515,0
0.14,85.75,0.0,77.37,5.13,1.91,0.0079,0.004,0.0296,0.0519,0
0.14,85.75,0.0,77.37,5.13,1.91,0.0079,0.004,0.0349,0.0522,0
0.14,85.75,0.0,77.37,5.13,1.91,0.0694,0.0041,0.0172,0.0511,0
0.14,85.75,0.0,77.37,5.13,1.91,0.0694,0.0041,0.0197,0.0513,0
0.14,85.75,0.0,77.37,5.13,1.91,0.0694,0.0041,0.0231,0.0514,0
0.14,85.75,0.0,77.37,5.13,1.91,0.0086,0.0043,0.0136,0.0503,0
0.14,85.75,0.0,77.37,5.13,1.91,0.0086,0.0043,0.0173,0.0506,0
0.14,85.75,0.0,77.37,5.13,1.91,0.0086,0.0043,0.0271,0.0507,0
0.14,85.75,0.0,77.37,5.13,1.91,0.0085,0.0042,0.0176,0.0473,0
0.14,85.75,0.0,77.37,5.13,1.91,0.0085,0.0042,0.0222,0.0475,0
0.14,85.75,0.0,77.37,5.13,1.91,0.0085,0.0042,0.0253,0.0476,0
0.14,79.5,0.0,77.37,5.13,1.91,0.0534,0.0042,0.0246,0.0544,0
0.14,79.5,0.0,77.37,5.13,1.91,0.0534,0.0042,0.0275,0.0546,0
0.14,79.5,0.0,77.37,5.13,1.91,0.0534,0.0042,0.0308,0.0547,0
0.14,79.5,0.0,77.37,5.13,1.91,0.0082,0.0041,0.0206,0.0516,0
0.14,79.5,0.0,77.37,5.13,1.91,0.0082,0.0041,0.0332,0.0518,0
0.14,79.5,0.0,77.37,5.13,1.91,0.0082,0.0041,0.036,0.052,0
0.14,79.5,0.0,77.37,5.13,1.91,0.0093,0.0046,0.0212,0.0524,0
0.14,79.5,0.0,77.37,5.13,1.91,0.0093,0.0046,0.0286,0.0525,0
0.14,79.5,0.0,77.37,5.13,1.91,0.0093,0.0046,0.0323,0.0527,0
0.14,75.0,0.0,77.37,5.13,1.91,0.0577,0.0045,0.0333,0.0537,0
0.14,75.0,0.0,77.37,5.13,1.91,0.0577,0.0045,0.0473,0.0539,0
0.14,75.0,0.0,77.37,5.13,1.91,0.0577,0.0045,0.056,0.0541,1
0.14,75.0,0.0,77.37,5.13,1.91,0.0091,0.0045,0.0296,0.0519,0
0.14,75.0,0.0,77.37,5.13,1.91,0.0091,0.0045,0.0326,0.0523,0
0.14,75.0,0.0,77.37,5.13,1.91,0.0091,0.0045,0.036,0.0525,0
0.14,75.0,0.0,77.37,1.2,2.26,0.0089,0.0044,0.0246,0.0499,0
0.14,75.0,0.0,77.37,1.2,2.26,0.0089,0.0044,0.0271,0.0501,0
0.14,75.0,0.0,77.37,1.2,2.26,0.0089,0.0044,0.0301,0.0504,0
0.14,75.0,0.0,77.37,1.2,2.26,0.0582,0.0039,0.0254,0.0505,0
0.14,75.0,0.0,77.37,1.2,2.26,0.0582,0.0039,0.0276,0.0507,0
0.14,75.0,0.0,77.37,1.2,2.26,0.0582,0.0039,0.0308,0.0508,0
0.14,80.25,99.0,77.37,1.2,2.26,0.0088,0.0044,0.0149,0.047,0
0.14,80.25,99.0,77.37,1.2,2.26,0.0088,0.0044,0.0174,0.0471,0
0.14,80.25,99.0,77.37,1.2,2.26,0.0088,0.0044,0.0199,0.0473,0
0.14,80.25,99.0,77.37,1.2,2.26,0.0093,0.0046,0.0162,0.0508,0
0.14,80.25,99.0,77.37,1.2,2.26,0.0093,0.0046,0.0195,0.051,0
0.14,80.25,99.0,77.37,1.2,2.26,0.0093,0.0046,0.0259,0.0511,0
0.14,80.25,99.0,77.37,1.2,2.26,0.053,0.0043,0.0251,0.0591,0
0.14,80.25,99.0,77.37,1.2,2.26,0.053,0.0043,0.0278,0.0593,0
0.14,80.25,99.0,77.37,1.2,2.26,0.053,0.0043,0.031,0.0594,0
0.14,80.25,99.0,77.37,1.2,2.26,0.0085,0.0042,0.0157,0.0447,0
0.14,80.25,99.0,77.37,1.2,2.26,0.0085,0.0042,0.0208,0.0449,0
0.14,80.25,99.0,77.37,1.2,2.26,0.0085,0.0042,0.0294,0.045,0
0.14,72.25,99.0,77.37,1.2,2.26,0.0092,0.0046,0.0201,0.0457,0
0.14,72.25,99.0,77.37,1.2,2.26,0.0092,0.0046,0.0224,0.0459,0
0.14,72.25,99.0,77.37,1.2,2.26,0.0092,0.0046,0.0317,0.0461,0
0.14,72.25,99.0,77.37,1.2,2.26,0.0532,0.0044,0.0165,0.053,0
0.14,72.25,99.0,77.37,1.2,2.26,0.0532,0.0044,0.02,0.0532,0
0.14,72.25,99.0,77.37,1.2,2.26,0.0532,0.0044,0.0253,0.0534,0
0.14,72.25,99.0,77.37,1.2,2.26,0.009,0.0045,0.0521,0.053,0
0.14,72.25,99.0,77.37,1.2,2.26,0.009,0.0045,0.0554,0.0532,1
0.14,72.25,99.0,77.37,1.2,2.26,0.009,0.0045,0.0591,0.0533,1
0.14,79.75,0.0,77.37,1.2,2.26,0.0091,0.0045,0.0323,0.0524,0
0.14,79.75,0.0,77.37,1.2,2.26,0.0091,0.0045,0.0447,0.0526,0
0.14,79.75,0.0,77.37,1.2,2.26,0.0091,0.0045,0.0491,0.0527,0
0.14,79.75,0.0,77.37,3.17,2.37,0.0445,0.0046,0.0243,0.0596,0
0.14,79.75,0.0,77.37,3.17,2.37,0.0445,0.0046,0.029,0.0602,0
0.14,79.75,0.0,77.37,3.17,2.37,0.0445,0.0046,0.0313,0.0604,0
0.14,79.75,0.0,77.37,3.17,2.37,0.0081,0.004,0.0215,0.0494,0
0.14,79.75,0.0,77.37,3.17,2.37,0.0081,0.004,0.0262,0.0496,0
0.14,79.75,0.0,77.37,3.17,2.37,0.0081,0.004,0.0295,0.0498,0
0.14,79.75,0.0,77.37,3.17,2.37,0.0084,0.0042,0.0187,0.0458,0
0.14,79.75,0.0,77.37,3.17,2.37,0.0084,0.0042,0.0222,0.046,0
0.14,79.75,0.0,77.37,3.17,2.37,0.0084,0.0042,0.035,0.0461,0
0.14,81.5,0.0,77.37,3.17,2.37,0.0615,0.0042,0.018,0.0502,0
0.14,81.5,0.0,77.37,3.17,2.37,0.0615,0.0042,0.023,0.0504,0
0.14,81.5,0.0,77.37,3.17,2.37,0.0615,0.0042,0.0304,0.0505,0
0.14,81.5,0.0,77.37,3.17,2.37,0.0082,0.0041,0.0244,0.0533,0
0.14,81.5,0.0,77.37,3.17,2.37,0.0082,0.0041,0.0268,0.0535,0
0.14,81.5,0.0,77.37,3.17,2.37,0.0082,0.0041,0.0312,0.0536,0
0.14,81.5,0.0,77.37,3.17,2.37,0.0078,0.0039,0.0167,0.0502,0
0.14,81.5,0.0,77.37,3.17,2.37,0.0078,0.0039,0.0269,0.0505,0
0.14,81.5,0.0,77.37,3.17,2.37,0.0078,0.0039,0.0434,0.0506,0
0.14,77.75,0.0,77.3,3.17,2.37,0.0675,0.004,0.0194,0.0527,0
0.14,77.75,0.0,77.3,3.17,2.37,0.0675,0.004,0.0252,0.0529,0
0.14,77.75,0.0,77.3,3.17,2.37,0.0675,0.004,0.0288,0.053,0
0.14,77.75,0.0,77.3,3.17,2.37,0.0091,0.0045,0.0176,0.0487,0
0.14,77.75,0.0,77.3,3.17,2.37,0.0091,0.0045,0.0221,0.0489,0
0.14,77.75,0.0,77.3,3.17,2.37,0.0091,0.0045,0.0247,0.049,0
0.14,77.75,0.0,77.3,3.17,2.37,0.008,0.004,0.015,0.048,0
0.14,77.75,0.0,77.3,3.17,2.37,0.008,0.004,0.0229,0.0482,0
0.14,77.75,0.0,77.3,3.17,2.37,0.008,0.004,0.0256,0.0483,0
0.14,77.75,0.0,77.3,3.17,2.37,0.0439,0.0041,0.0213,0.0531,0
0.14,77.75,0.0,77.3,3.17,2.37,0.0439,0.0041,0.0238,0.0533,0
0.14,77.75,0.0,77.3,3.17,2.37,0.0439,0.0041,0.0287,0.0534,0
0.14,74.5,0.0,77.35,2.43,2.34,0.0077,0.0038,0.0309,0.0502,0
0.14,74.5,0.0,77.35,2.43,2.34,0.0077,0.0038,0.0445,0.0504,0
0.14,74.5,0.0,77.35,2.43,2.34,0.0077,0.0038,0.0524,0.0506,1
0.14,74.5,0.0,77.35,2.43,2.34,0.0083,0.0042,0.0188,0.046,0
0.14,74.5,0.0,77.35,2.43,2.34,0.0083,0.0042,0.0236,0.0462,0
0.14,74.5,0.0,77.35,2.43,2.34,0.0083,0.0042,0.0306,0.0463,0
0.14,74.5,0.0,77.35,2.43,2.34,0.0439,0.0049,0.0181,0.0522,0
0.14,74.5,0.0,77.35,2.43,2.34,0.0439,0.0049,0.0268,0.0525,0
0.14,74.5,0.0,77.35,2.43,2.34,0.0439,0.0049,0.0332,0.0526,0
0.14,78.25,97.0,77.35,2.43,2.34,0.0087,0.0043,0.0198,0.0504,0
0.14,78.25,97.0,77.35,2.43,2.34,0.0087,0.0043,0.0263,0.0506,0
0.14,78.25,97.0,77.35,2.43,2.34,0.0087,0.0043,0.0293,0.0509,0
0.14,78.25,97.0,77.35,2.43,2.34,0.0085,0.0042,0.0207,0.0482,0
0.14,78.25,97.0,77.35,2.43,2.34,0.0085,0.0042,0.0252,0.0485,0
0.14,78.25,97.0,77.35,2.43,2.34,0.0085,0.0042,0.0288,0.0487,0
0.14,78.25,97.0,77.35,2.43,2.34,0.0479,0.0044,0.0219,0.0593,0
0.14,78.25,97.0,77.35,2.43,2.34,0.0479,0.0044,0.0265,0.0595,0
0.14,78.25,97.0,77.35,2.43,2.34,0.0479,0.0044,0.0293,0.0596,0
0.14,78.25,97.0,77.35,2.43,2.34,0.0091,0.0046,0.0151,0.0473,0
0.14,78.25,97.0,77.35,2.43,2.34,0.0091,0.0046,0.0193,0.0475,0
0.14,78.25,97.0,77.35,2.43,2.34,0.0091,0.0046,0.0231,0.0476,0
0.14,77.25,0.0,77.35,2.43,2.34,0.0088,0.0044,0.0266,0.0534,0
0.14,77.25,0.0,77.35,2.43,2.34,0.0088,0.0044,0.0313,0.0535,0
0.14,77.25,0.0,77.35,2.43,2.34,0.0088,0.0044,0.0425,0.0537,0
0.14,77.25,0.0,77.35,2.43,2.34,0.0567,0.0042,0.034,0.0519,0
0.14,77.25,0.0,77.35,2.43,2.34,0.0567,0.0042,0.0405,0.0523,0
0.14,77.25,0.0,77.35,2.43,2.34,0.0567,0.0042,0.0431,0.0524,0
0.14,77.25,0.0,77.35,2.43,2.34,0.0089,0.0044,0.0323,0.0459,0
0.14,77.25,0.0,77.35,2.43,2.34,0.0089,0.0044,0.0471,0.0461,1
0.14,77.25,0.0,77.35,2.43,2.34,0.0089,0.0044,0.0508,0.0463,1
0.15,85.25,0.0,77.37,5.45,2.55,0.0092,0.0046,0.0244,0.0892,0
0.15,85.25,0.0,77.37,5.45,2.55,0.0092,0.0046,0.0269,0.0894,0
0.15,85.25,0.0,77.37,5.45,2.55,0.0092,0.0046,0.0398,0.0896,0
0.15,85.25,0.0,77.37,5.45,2.55,0.0611,0.0044,0.0199,0.0495,0
0.15,85.25,0.0,77.37,5.45,2.55,0.0611,0.0044,0.0247,0.0497,0
0.15,85.25,0.0,77.37,5.45,2.55,0.0611,0.0044,0.027,0.0498,0
0.15,85.25,0.0,77.37,5.45,2.55,0.009,0.0045,0.0161,0.0482,0
0.15,85.25,0.0,77.37,5.45,2.55,0.009,0.0045,0.0244,0.0486,0
0.15,85.25,0.0,77.37,5.45,2.55,0.009,0.0045,0.0291,0.0489,0
0.15,85.25,0.0,77.37,5.45,2.55,0.0088,0.0044,0.0151,0.0528,0
0.15,85.25,0.0,77.37,5.45,2.55,0.0088,0.0044,0.0181,0.0531,0
0.15,85.25,0.0,77.37,5.45,2.55,0.0088,0.0044,0.0233,0.0532,0
0.15,82.75,0.0,77.35,5.45,2.55,0.0473,0.0044,0.0219,0.05,0
0.15,82.75,0.0,77.35,5.45,2.55,0.0473,0.0044,0.0247,0.0502,0
0.15,82.75,0.0,77.35,5.45,2.55,0.0473,0.0044,0.0277,0.0505,0
0.15,82.75,0.0,77.35,5.45,2.55,0.0086,0.0043,0.0167,0.0507,0
0.15,82.75,0.0,77.35,5.45,2.55,0.0086,0.0043,0.0195,0.0509,0
0.15,82.75,0.0,77.35,5.45,2.55,0.0086,0.0043,0.0294,0.051,0
0.15,82.75,0.0,77.35,5.45,2.55,0.0093,0.0046,0.0172,0.0436,0
0.15,82.75,0.0,77.35,5.45,2.55,0.0093,0.0046,0.0198,0.0438,0
0.15,82.75,0.0,77.35,5.45,2.55,0.0093,0.0046,0.0224,0.044,0
0.15,77.25,99.0,77.35,5.45,2.55,0.0474,0.0048,0.0613,0.0504,1
0.15,77.25,99.0,77.35,5.45,2.55,0.0474,0.0048,0.0644,0.0506,1
0.15,77.25,99.0,77.35,5.45,2.55,0.0474,0.0048,0.0768,0.0507,1
0.15,77.25,99.0,77.35,5.45,2.55,0.0093,0.0046,0.0159,0.0434,0
0.15,77.25,99.0,77.35,5.45,2.55,0.0093,0.0046,0.0254,0.0436,0
0.15,77.25,99.0,77.35,5.45,2.55,0.0093,0.0046,0.0286,0.0437,0
0.15,77.25,99.0,77.35,5.45,2.55,0.0086,0.0043,0.016,0.0493,0
0.15,77.25,99.0,77.35,5.45,2.55,0.0086,0.0043,0.0242,0.0496,0
0.15,77.25,99.0,77.35,5.45,2.55,0.0086,0.0043,0.0269,0.0498,0
0.14,77.25,99.0,77.35,3.72,2.49,0.0515,0.0048,0.0185,0.0542,0
0.14,77.25,99.0,77.35,3.72,2.49,0.0515,0.0048,0.0264,0.0544,0
0.14,77.25,99.0,77.35,3.72,2.49,0.0515,0.0048,0.03,0.0546,0
0.14,77.0,0.0,77.27,3.72,2.49,0.009,0.0045,0.0223,0.0505,0
0.14,77.0,0.0,77.27,3.72,2.49,0.009,0.0045,0.0259,0.0507,0
0.14,77.0,0.0,77.27,3.72,2.49,0.009,0.0045,0.0328,0.0508,0
0.14,77.0,0.0,77.27,3.72,2.49,0.009,0.0045,0.0179,0.051,0
0.14,77.0,0.0,77.27,3.72,2.49,0.009,0.0045,0.0261,0.0513,0
0.14,77.0,0.0,77.27,3.72,2.49,0.009,0.0045,0.034,0.0516,0
0.14,77.0,0.0,77.27,3.72,2.49,0.0529,0.0047,0.0265,0.0546,0
0.14,77.0,0.0,77.27,3.72,2.49,0.0529,0.0047,0.0348,0.0548,0
0.14,77.0,0.0,77.27,3.72,2.49,0.0529,0.0047,0.0369,0.0549,0
0.14,77.5,0.0,77.32,3.72,2.49,0.009,0.0045,0.0168,0.0544,0
0.14,77.5,0.0,77.32,3.72,2.49,0.009,0.0045,0.0262,0.0546,0
0.14,77.5,0.0,77.32,3.72,2.49,0.009,0.0045,0.0319,0.0547,0
0.14,77.5,0.0,77.32,3.72,2.49,0.0091,0.0045,0.0148,0.062,0
0.14,77.5,0.0,77.32,3.72,2.49,0.0091,0.0045,0.0193,0.0622,0
0.14,77.5,0.0,77.32,3.72,2.49,0.0091,0.0045,0.0268,0.0623,0
0.14,77.5,0.0,77.32,3.72,2.49,0.0519,0.0039,0.0335,0.0508,0
0.14,77.5,0.0,77.32,3.72,2.49,0.0519,0.0039,0.037,0.051,0
0.14,77.5,0.0,77.32,3.72,2.49,0.0519,0.0039,0.0398,0.0512,0
0.14,77.5,0.0,77.32,3.72,2.49,0.0085,0.0043,0.0232,0.0477,0
0.14,77.5,0.0,77.32,3.72,2.49,0.0085,0.0043,0.0261,0.0479,0
0.14,77.5,0.0,77.32,3.72,2.49,0.0085,0.0043,0.0295,0.048,0
0.14,73.5,0.0,77.35,3.72,2.49,0.0085,0.0043,0.0201,0.0494,0
0.14,73.5,0.0,77.35,3.72,2.49,0.0085,0.0043,0.0251,0.0496,0
0.14,73.5,0.0,77.35,3.72,2.49,0.0085,0.0043,0.031,0.0497,0
0.14,73.5,0.0,77.35,3.72,2.49,0.0484,0.0045,0.0324,0.0505,0
0.14,73.5,0.0,77.35,3.72,2.49,0.0484,0.0045,0.0348,0.0508,0
0.14,73.5,0.0,77.35,3.72,2.49,0.0484,0.0045,0.0395,0.0509,0
0.14,73.5,0.0,77.35,1.29,2.46,0.0089,0.0044,0.0231,0.0519,0
0.14,73.5,0.0,77.35,1.29,2.46,0.0089,0.0044,0.0349,0.0521,0
0.14,73.5,0.0,77.35,1.29,2.46,0.0089,0.0044,0.0401,0.0522,0
0.14,80.0,68.0,77.35,1.29,2.46,0.0085,0.0043,0.0161,0.0607,0
0.14,80.0,68.0,77.35,1.29,2.46,0.0085,0.0043,0.0243,0.0609,0
0.14,80.0,68.0,77.35,1.29,2.46,0.0085,0.0043,0.0273,0.061,0
0.14,80.0,68.0,77.35,1.29,2.46,0.047,0.0044,0.0207,0.0513,0
0.14,80.0,68.0,77.35,1.29,2.46,0.047,0.0044,0.0233,0.0515,0
0.14,80.0,68.0,77.35,1.29,2.46,0.047,0.0044,0.0261,0.0516,0
0.14,80.0,68.0,77.35,1.29,2.46,0.0082,0.0041,0.0168,0.0512,0
0.14,80.0,68.0,77.35,1.29,2.46,0.0082,0.0041,0.0252,0.0515,0
0.14,80.0,68.0,77.35,1.29,2.46,0.0082,0.0041,0.0284,0.0519,0
0.14,80.0,68.0,77.35,1.29,2.46,0.0085,0.0042,0.0264,0.0517,0
0.14,80.0,68.0,77.35,1.29,2.46,0.0085,0.0042,0.0347,0.0521,0
0.14,80.0,68.0,77.35,1.29,2.46,0.0085,0.0042,0.0394,0.0525,0
0.14,77.25,10.0,77.35,1.29,2.46,0.0734,0.0044,0.0224,0.0537,0
0.14,77.25,10.0,77.35,1.29,2.46,0.0734,0.0044,0.0257,0.054,0
0.14,77.25,10.0,77.35,1.29,2.46,0.0734,0.0044,0.0301,0.0541,0
0.14,77.25,10.0,77.35,1.29,2.46,0.0085,0.0042,0.0175,0.0449,0
0.14,77.25,10.0,77.35,1.29,2.46,0.0085,0.0042,0.0203,0.045,0
0.14,77.25,10.0,77.35,1.29,2.46,0.0085,0.0042,0.0229,0.0451,0
0.14,77.25,10.0,77.35,1.29,2.46,0.0079,0.0039,0.0176,0.047,0
0.14,77.25,10.0,77.35,1.29,2.46,0.0079,0.0039,0.0202,0.0472,0
0.14,77.25,10.0,77.35,1.29,2.46,0.0079,0.0039,0.0271,0.0473,0
0.14,71.0,0.0,77.32,1.29,2.46,0.0535,0.0042,0.0205,0.0517,0
0.14,71.0,0.0,77.32,1.29,2.46,0.0535,0.0042,0.024,0.052,0
0.14,71.0,0.0,77.32,1.29,2.46,0.0535,0.0042,0.0409,0.0521,0
0.14,71.0,0.0,77.32,1.29,2.46,0.008,0.004,0.019,0.0477,0
0.14,71.0,0.0,77.32,1.29,2.46,0.008,0.004,0.0213,0.0479,0
0.14,71.0,0.0,77.32,1.29,2.46,0.008,0.004,0.0252,0.048,0
0.14,71.0,0.0,77.32,1.29,2.46,0.0087,0.0044,0.0188,0.0467,0
0.14,71.0,0.0,77.32,5.61,2.85,0.0087,0.0044,0.0292,0.0469,0
0.14,71.0,0.0,77.32,5.61,2.85,0.0087,0.0044,0.0329,0.047,0
0.14,71.0,0.0,77.32,5.61,2.85,0.0546,0.0041,0.0184,0.0535,0
0.14,71.0,0.0,77.32,5.61,2.85,0.0546,0.0041,0.0248,0.0538,0
0.14,71.0,0.0,77.32,5.61,2.85,0.0546,0.0041,0.0309,0.0541,0
0.14,81.0,0.0,77.32,5.61,2.85,0.0088,0.0044,0.0188,0.0493,0
0.14,81.0,0.0,77.32,5.61,2.85,0.0088,0.0044,0.0214,0.0495,0
0.14,81.0,0.0,77.32,5.61,2.85,0.0088,0.0044,0.0241,0.0496,0
0.14,81.0,0.0,77.32,5.61,2.85,0.0093,0.0046,0.0233,0.0506,0
0.14,81.0,0.0,77.32,5.61,2.85,0.0093,0.0046,0.0262,0.0507,0
0.14,81.0,0.0,77.32,5.61,2.85,0.0093,0.0046,0.0288,0.0509,0
0.14,81.0,0.0,77.32,5.61,2.85,0.0504,0.004,0.0218,0.0553,0
0.14,81.0,0.0,77.32,5.61,2.85,0.0504,0.004,0.0262,0.0555,0
0.14,81.0,0.0,77.32,5.61,2.85,0.0504,0.004,0.048,0.0556,0
0.14,81.0,0.0,77.32,5.61,2.85,0.0082,0.0041,0.0163,0.0515,0
0.14,81.0,0.0,77.32,5.61,2.85,0.0082,0.0041,0.0266,0.0517,0
0.14,81.0,0.0,77.32,5.61,2.85,0.0082,0.0041,0.0331,0.0519,0
0.14,74.5,0.0,77.35,5.61,2.85,0.0091,0.0045,0.0152,0.0583,0
0.14,74.5,0.0,77.35,5.61,2.85,0.0091,0.0045,0.0242,0.0586,0
0.14,74.5,0.0,77.35,5.61,2.85,0.0091,0.0045,0.0468,0.0589,0
0.14,74.5,0.0,77.35,5.61,2.85,0.0551,0.0048,0.0269,0.0526,0
0.14,74.5,0.0,77.35,5.61,2.85,0.0551,0.0048,0.0302,0.0529,0
0.14,74.5,0.0,77.35,5.61,2.85,0.0551,0.0048,0.0349,0.0531,0
0.14,74.5,0.0,77.35,5.61,2.85,0.0084,0.0042,0.0231,0.0492,0
0.14,74.5,0.0,77.35,5.61,2.85,0.0084,0.0042,0.0296,0.0493,0
0.14,74.5,0.0,77.35,5.61,2.85,0.0084,0.0042,0.041,0.0494,0
0.14,79.75,39.0,77.35,5.61,2.85,0.0085,0.0043,0.0314,0.048,0
0.14,79.75,39.0,77.35,5.61,2.85,0.0085,0.0043,0.0423,0.0483,0
0.14,79.75,39.0,77.35,5.61,2.85,0.0085,0.0043,0.0453,0.0484,0
0.14,79.75,39.0,77.35,5.61,2.85,0.0524,0.004,0.0373,0.0548,0
0.14,79.75,39.0,77.35,5.61,2.85,0.0524,0.004,0.0401,0.055,0
0.14,79.75,39.0,77.35,5.61,2.85,0.0524,0.004,0.0433,0.0551,0
0.15,79.75,39.0,77.35,2.14,3.03,0.0084,0.0042,0.0164,0.0513,0
0.15,79.75,39.0,77.35,2.14,3.03,0.0084,0.0042,0.0238,0.0516,0
0.15,79.75,39.0,77.35,2.14,3.03,0.0084,0.0042,0.0295,0.0518,0
0.15,79.75,39.0,77.35,2.14,3.03,0.0079,0.004,0.0226,0.0564,0
0.15,79.75,39.0,77.35,2.14,3.03,0.0079,0.004,0.0252,0.0566,0
0.15,79.75,39.0,77.35,2.14,3.03,0.0079,0.004,0.0282,0.0569,0
0.15,83.25,0.0,77.32,2.14,3.03,0.0478,0.0039,0.0252,0.0512,0
0.15,83.25,0.0,77.32,2.14,3.03,0.0478,0.0039,0.0285,0.0514,0
0.15,83.25,0.0,77.32,2.14,3.03,0.0478,0.0039,0.0392,0.0516,0
0.15,83.25,0.0,77.32,2.14,3.03,0.0088,0.0044,0.0291,0.0513,0
0.15,83.25,0.0,77.32,2.14,3.03,0.0088,0.0044,0.0364,0.0515,0
0.15,83.25,0.0,77.32,2.14,3.03,0.0088,0.0044,0.0407,0.0516,0
0.15,83.25,0.0,77.32,2.14,3.03,0.0087,0.0044,0.0151,0.0456,0
0.15,83.25,0.0,77.32,2.14,3.03,0.0087,0.0044,0.0178,0.0457,0
0.15,83.25,0.0,77.32,2.14,3.03,0.0087,0.0044,0.0308,0.0458,0
0.15,76.5,0.0,77.3,2.14,3.03,0.0585,0.0045,0.0277,0.0521,0
0.15,76.5,0.0,77.3,2.14,3.03,0.0585,0.0045,0.0435,0.0523,0
0.15,76.5,0.0,77.3,2.14,3.03,0.0585,0.0045,0.0461,0.0525,0
0.15,76.5,0.0,77.3,2.14,3.03,0.0079,0.004,0.0146,0.0505,0
0.15,76.5,0.0,77.3,2.14,3.03,0.0079,0.004,0.0189,0.0509,0
0.15,76.5,0.0,77.3,2.14,3.03,0.0079,0.004,0.0217,0.0511,0
0.15,76.5,0.0,77.3,2.14,3.03,0.0078,0.0039,0.0164,0.0461,0
0.15,76.5,0.0,77.3,2.14,3.03,0.0078,0.0039,0.0249,0.0463,0
0.15,76.5,0.0,77.3,2.14,3.03,0.0078,0.0039,0.0271,0.0464,0
0.15,76.5,0.0,77.3,2.14,3.03,0.0644,0.004,0.0172,0.0508,0
0.15,76.5,0.0,77.3,2.14,3.03,0.0644,0.004,0.0211,0.051,0
0.15,76.5,0.0,77.3,2.14,3.03,0.0644,0.004,0.0278,0.0511,0
0.15,74.75,0.0,77.37,2.14,3.03,0.0085,0.0043,0.0233,0.1075,0
0.15,74.75,0.0,77.37,2.14,3.03,0.0085,0.0043,0.0287,0.1081,0
0.15,74.75,0.0,77.37,2.14,3.03,0.0085,0.0043,0.0334,0.1083,0
0.14,74.75,0.0,77.37,1.41,2.82,0.0089,0.0044,0.0183,0.0458,0
0.14,74.75,0.0,77.37,1.41,2.82,0.0089,0.0044,0.0231,0.046,0
0.14,74.75,0.0,77.37,1.41,2.82,0.0089,0.0044,0.0254,0.0461,0
0.14,74.75,0.0,77.37,1.41,2.82,0.0668,0.0041,0.0191,0.0513,0
0.14,74.75,0.0,77.37,1.41,2.82,0.0668,0.0041,0.0268,0.0515,0
0.14,74.75,0.0,77.37,1.41,2.82,0.0668,0.0041,0.0361,0.0516,0
0.14,76.0,99.0,77.32,1.41,2.82,0.0083,0.0042,0.0281,0.053,0
0.14,76.0,99.0,77.32,1.41,2.82,0.0083,0.0042,0.0398,0.0531,0
0.14,76.0,99.0,77.32,1.41,2.82,0.0083,0.0042,0.0456,0.0533,0
0.14,76.0,99.0,77.32,1.41,2.82,0.0079,0.0039,0.0184,0.05,0
0.14,76.0,99.0,77.32,1.41,2.82,0.0079,0.0039,0.0266,0.0503,0
0.14,76.0,99.0,77.32,1.41,2.82,0.0079,0.0039,0.0305,0.0505,0
0.14,76.0,99.0,77.32,1.41,2.82,0.0583,0.0042,0.0221,0.0535,0
0.14,76.0,99.0,77.32,1.41,2.82,0.0583,0.0042,0.0326,0.0537,0
0.14,76.0,99.0,77.32,1.41,2.82,0.0583,0.0042,0.0348,0.0538,0
0.14,76.0,99.0,77.32,1.41,2.82,0.0086,0.0043,0.0216,0.064,0
0.14,76.0,99.0,77.32,1.41,2.82,0.0086,0.0043,0.0271,0.0642,0
0.14,76.0,99.0,77.32,1.41,2.82,0.0086,0.0043,0.03,0.0643,0
0.14,80.0,0.0,77.35,1.41,2.82,0.0085,0.0043,0.0161,0.0476,0
0.14,80.0,0.0,77.35,1.41,2.82,0.0085,0.0043,0.0196,0.0479,0
0.14,80.0,0.0,77.35,1.41,2.82,0.0085,0.0043,0.0281,0.048,0
0.14,80.0,0.0,77.35,1.41,2.82,0.0518,0.0047,0.0959,0.0535,1
0.14,80.0,0.0,77.35,1.41,2.82,0.0518,0.0047,0.1043,0.0537,1
0.14,80.0,0.0,77.35,1.41,2.82,0.0518,0.0047,0.1077,0.0539,1
0.14,80.0,0.0,77.35,1.41,2.82,0.0088,0.0044,0.0182,0.051,0
0.14,80.0,0.0,77.35,1.41,2.82,0.0088,0.0044,0.022,0.0512,0
0.14,80.0,0.0,77.35,1.41,2.82,0.0088,0.0044,0.0242,0.0515,0
0.14,83.75,0.0,77.3,1.32,2.4,0.0074,0.0037,0.0381,0.0509,0
0.14,83.75,0.0,77.3,1.32,2.4,0.0074,0.0037,0.0413,0.0512,0
0.14,83.75,0.0,77.3,1.32,2.4,0.0074,0.0037,0.0503,0.0513,0
0.14,83.75,0.0,77.3,1.32,2.4,0.0578,0.0044,0.0192,0.0528,0
0.14,83.75,0.0,77.3,1.32,2.4,0.0578,0.0044,0.0223,0.053,0
0.14,83.75,0.0,77.3,1.32,2.4,0.0578,0.0044,0.0256,0.0535,0
0.14,83.75,0.0,77.3,1.32,2.4,0.0076,0.0038,0.0259,0.0515,0
0.14,83.75,0.0,77.3,1.32,2.4,0.0076,0.0038,0.0287,0.052,0
0.14,83.75,0.0,77.3,1.32,2.4,0.0076,0.0038,0.0318,0.0522,0
0.14,83.75,0.0,77.3,1.32,2.4,0.0081,0.0041,0.0178,0.05,0
0.14,83.75,0.0,77.3,1.32,2.4,0.0081,0.0041,0.0268,0.0502,0
0.14,83.75,0.0,77.3,1.32,2.4,0.0081,0.0041,0.0299,0.0503,0
0.14,83.0,99.0,77.32,1.32,2.4,0.0548,0.0044,0.03,0.0516,0
0.14,83.0,99.0,77.32,1.32,2.4,0.0548,0.0044,0.0401,0.0522,0
0.14,83.0,99.0,77.32,1.32,2.4,0.0548,0.0044,0.0484,0.0523,0
0.14,83.0,99.0,77.32,1.32,2.4,0.0096,0.0048,0.0194,0.0461,0
0.14,83.0,99.0,77.32,1.32,2.4,0.0096,0.0048,0.0218,0.0462,0
0.14,83.0,99.0,77.32,1.32,2.4,0.0096,0.0048,0.0309,0.0464,0
0.14,83.0,99.0,77.32,1.32,2.4,0.009,0.0045,0.018,0.051,0
0.14,83.0,99.0,77.32,1.32,2.4,0.009,0.0045,0.0233,0.0515,0
0.14,83.0,99.0,77.32,1.32,2.4,0.009,0.0045,0.0297,0.0518,0
0.14,83.25,46.0,77.32,1.32,2.4,0.0539,0.0045,0.0324,0.0519,0
0.14,83.25,46.0,77.32,1.32,2.4,0.0539,0.0045,0.0347,0.0521,0
0.14,83.25,46.0,77.32,1.32,2.4,0.0539,0.0045,0.0507,0.0522,0
0.14,83.25,46.0,77.32,1.32,2.4,0.0078,0.0039,0.022,0.0495,0
0.14,83.25,46.0,77.32,1.32,2.4,0.0078,0.0039,0.0253,0.0497,0
0.14,83.25,46.0,77.32,1.32,2.4,0.0078,0.0039,0.0279,0.0498,0
0.14,83.25,46.0,77.32,1.32,2.4,0.009,0.0045,0.0186,0.0508,0
0.14,83.25,46.0,77.32,1.32,2.4,0.009,0.0045,0.0248,0.0511,0
0.14,83.25,46.0,77.32,1.32,2.4,0.009,0.0045,0.0285,0.0514,0
0.14,83.25,46.0,77.32,1.15,2.06,0.0621,0.0037,0.0321,0.0553,0
0.14,83.25,46.0,77.32,1.15,2.06,0.0621,0.0037,0.0416,0.0555,0
0.14,83.25,46.0,77.32,1.15,2.06,0.0621,0.0037,0.0511,0.0562,0
0.14,71.75,0.0,77.32,1.15,2.06,0.0079,0.004,0.0145,0.0469,0
0.14,71.75,0.0,77.32,1.15,2.06,0.0079,0.004,0.0196,0.0471,0
0.14,71.75,0.0,77.32,1.15,2.06,0.0079,0.004,0.0231,0.0472,0
0.14,71.75,0.0,77.32,1.15,2.06,0.0091,0.0045,0.0215,0.0484,0
0.14,71.75,0.0,77.32,1.15,2.06,0.0091,0.0045,0.0255,0.0486,0
0.14,71.75,0.0,77.32,1.15,2.06,0.0091,0.0045,0.03,0.0487,0
0.14,71.75,0.0,77.32,1.15,2.06,0.0626,0.0047,0.0197,0.0515,0
0.14,71.75,0.0,77.32,1.15,2.06,0.0626,0.0047,0.0223,0.0517,0
0.14,71.75,0.0,77.32,1.15,2.06,0.0626,0.0047,0.0259,0.0519,0
0.14,78.5,0.0,77.32,1.15,2.06,0.0084,0.0042,0.0171,0.0476,0
0.14,78.5,0.0,77.32,1.15,2.06,0.0084,0.0042,0.024,0.0479,0
0.14,78.5,0.0,77.32,1.15,2.06,0.0084,0.0042,0.0288,0.0482,0
0.14,78.5,0.0,77.32,1.15,2.06,0.0076,0.0038,0.0158,0.0513,0
0.14,78.5,0.0,77.32,1.15,2.06,0.0076,0.0038,0.0202,0.0515,0
0.14,78.5,0.0,77.32,1.15,2.06,0.0076,0.0038,0.0266,0.0517,0
0.14,78.5,0.0,77.32,1.15,2.06,0.0496,0.004,0.0252,0.0654,0
0.14,78.5,0.0,77.32,1.15,2.06,0.0496,0.004,0.0286,0.0656,0
0.14,78.5,0.0,77.32,1.15,2.06,0.0496,0.004,0.0315,0.0658,0
0.14,78.5,0.0,77.32,1.15,2.06,0.008,0.004,0.0146,0.0494,0
0.14,78.5,0.0,77.32,1.15,2.06,0.008,0.004,0.0172,0.0497,0
0.14,78.5,0.0,77.32,1.15,2.06,0.008,0.004,0.0201,0.0499,0
0.14,73.0,0.0,77.35,1.15,2.06,0.0085,0.0042,0.0181,0.0508,0
0.14,73.0,0.0,77.35,1.15,2.06,0.0085,0.0042,0.0323,0.051,0
0.14,73.0,0.0,77.35,1.15,2.06,0.0085,0.0042,0.0349,0.0512,0
0.14,73.0,0.0,77.35,1.15,2.06,0.0499,0.0043,0.0235,0.0521,0
0.14,73.0,0.0,77.35,1.15,2.06,0.0499,0.0043,0.0308,0.0524,0
0.14,73.0,0.0,77.35,1.15,2.06,0.0499,0.0043,0.035,0.0526,0
0.14,73.0,0.0,77.35,1.15,2.06,0.0089,0.0045,0.0188,0.0463,0
0.14,73.0,0.0,77.35,3.51,1.91,0.0089,0.0045,0.0228,0.0465,0
0.14,73.0,0.0,77.35,3.51,1.91,0.0089,0.0045,0.0267,0.0466,0
0.14,77.75,99.0,77.32,3.51,1.91,0.0088,0.0044,0.0374,0.0469,0
0.14,77.75,99.0,77.32,3.51,1.91,0.0088,0.0044,0.047,0.0471,0
0.14,77.75,99.0,77.32,3.51,1.91,0.0088,0.0044,0.0527,0.0472,1
0.14,77.75,99.0,77.32,3.51,1.91,0.0523,0.0045,0.0176,0.0599,0
0.14,77.75,99.0,77.32,3.51,1.91,0.0523,0.0045,0.0257,0.0602,0
0.14,77.75,99.0,77.32,3.51,1.91,0.0523,0.0045,0.0282,0.0603,0
0.14,77.75,99.0,77.32,3.51,1.91,0.0092,0.0046,0.0193,0.0493,0
0.14,77.75,99.0,77.32,3.51,1.91,0.0092,0.0046,0.0225,0.0494,0
0.14,77.75,99.0,77.32,3.51,1.91,0.0092,0.0046,0.0317,0.0499,0
0.14,77.75,99.0,77.32,3.51,1.91,0.0087,0.0044,0.0165,0.0453,0
0.14,77.75,99.0,77.32,3.51,1.91,0.0087,0.0044,0.0246,0.0455,0
0.14,77.75,99.0,77.32,3.51,1.91,0.0087,0.0044,0.0273,0.0456,0
0.14,82.0,0.0,77.37,3.51,1.91,0.0501,0.0038,0.0262,0.0519,0
0.14,82.0,0.0,77.37,3.51,1.91,0.0501,0.0038,0.034,0.0521,0
0.14,82.0,0.0,77.37,3.51,1.91,0.0501,0.0038,0.0441,0.0522,0
0.14,82.0,0.0,77.37,3.51,1.91,0.0077,0.0039,0.016,0.0524,0
0.14,82.0,0.0,77.37,3.51,1.91,0.0077,0.0039,0.0187,0.0527,0
0.14,82.0,0.0,77.37,3.51,1.91,0.0077,0.0039,0.0233,0.0528,0
0.14,82.0,0.0,77.37,3.51,1.91,0.0082,0.0041,0.0156,0.0508,0
0.14,82.0,0.0,77.37,3.51,1.91,0.0082,0.0041,0.0213,0.051,0
0.14,82.0,0.0,77.37,3.51,1.91,0.0082,0.0041,0.0254,0.0513,0
0.14,74.75,0.0,77.32,3.51,1.91,0.0496,0.0041,0.0193,0.0506,0
0.14,74.75,0.0,77.32,3.51,1.91,0.0496,0.0041,0.023,0.0508,0
0.14,74.75,0.0,77.32,3.51,1.91,0.0496,0.0041,0.0274,0.051,0
0.14,74.75,0.0,77.32,3.51,1.91,0.008,0.004,0.023,0.0458,0
0.14,74.75,0.0,77.32,3.51,1.91,0.008,0.004,0.027,0.046,0
0.14,74.75,0.0,77.32,3.51,1.91,0.008,0.004,0.0307,0.0461,0
0.14,74.75,0.0,77.32,1.17,1.95,0.0087,0.0044,,,1
0.14,74.75,0.0,77.32,1.17,1.95,0.0087,0.0044,,,1
0.14,74.75,0.0,77.32,1.17,1.95,0.0087,0.0044,,,1
0.14,74.75,0.0,77.32,1.17,1.95,0.0511,0.0041,0.027,0.0518,0
0.14,74.75,0.0,77.32,1.17,1.95,0.0511,0.0041,0.0304,0.052,0
0.14,74.75,0.0,77.32,1.17,1.95,0.0511,0.0041,0.0403,0.0522,0
0.14,81.25,0.0,77.32,1.17,1.95,0.0085,0.0042,0.0217,0.0493,0
0.14,81.25,0.0,77.32,1.17,1.95,0.0085,0.0042,0.0342,0.0495,0
0.14,81.25,0.0,77.32,1.17,1.95,0.0085,0.0042,0.0466,0.0496,0
0.14,81.25,0.0,77.32,1.17,1.95,0.0086,0.0043,0.0152,0.049,0
0.14,81.25,0.0,77.32,1.17,1.95,0.0086,0.0043,0.0209,0.0492,0
0.14,81.25,0.0,77.32,1.17,1.95,0.0086,0.0043,0.0288,0.0493,0
0.14,81.25,0.0,77.32,1.17,1.95,0.0513,0.0045,0.0245,0.0522,0
0.14,81.25,0.0,77.32,1.17,1.95,0.0513,0.0045,0.0303,0.0525,0
0.14,81.25,0.0,77.32,1.17,1.95,0.0513,0.0045,0.0347,0.0526,0
0.14,75.0,99.0,77.32,1.17,1.95,0.0092,0.0046,0.0197,0.0464,0
0.14,75.0,99.0,77.32,1.17,1.95,0.0092,0.0046,0.0245,0.0466,0
0.14,75.0,99.0,77.32,1.17,1.95,0.0092,0.0046,0.0301,0.0467,0
0.14,75.0,99.0,77.32,1.17,1.95,0.0091,0.0045,0.0186,0.0493,0
0.14,75.0,99.0,77.32,1.17,1.95,0.0091,0.0045,0.0247,0.0495,0
0.14,75.0,99.0,77.32,1.17,1.95,0.0091,0.0045,0.0314,0.0496,0
0.14,75.0,99.0,77.32,1.17,1.95,0.0516,0.0044,0.0238,0.0657,0
0.14,75.0,99.0,77.32,1.17,1.95,0.0516,0.0044,0.0268,0.0658,0
0.14,75.0,99.0,77.32,1.17,1.95,0.0516,0.0044,0.0313,0.066,0
0.14,75.0,99.0,77.32,1.17,1.95,0.0077,0.0038,0.0171,0.0469,0
0.14,75.0,99.0,77.32,1.17,1.95,0.0077,0.0038,0.029,0.0471,0
0.14,75.0,99.0,77.32,1.17,1.95,0.0077,0.0038,0.0334,0.0472,0
0.14,77.25,0.0,77.35,1.17,1.95,0.0078,0.0039,0.0165,0.0453,0
0.14,77.25,0.0,77.35,1.17,1.95,0.0078,0.0039,0.0213,0.0455,0
0.14,77.25,0.0,77.35,1.17,1.95,0.0078,0.0039,0.0268,0.0456,0
0.14,77.25,0.0,77.35,1.27,1.89,0.0534,0.004,0.0298,0.1025,0
0.14,77.25,0.0,77.35,1.27,1.89,0.0534,0.004,0.0325,0.1027,0
0.14,77.25,0.0,77.35,1.27,1.89,0.0534,0.004,0.0393,0.1028,0
0.14,77.25,0.0,77.35,1.27,1.89,0.0094,0.0047,0.0166,0.0513,0
0.14,77.25,0.0,77.35,1.27,1.89,0.0094,0.0047,0.0191,0.0515,0
0.14,77.25,0.0,77.35,1.27,1.89,0.0094,0.0047,0.0224,0.0517,0
0.14,75.5,3.0,77.32,1.27,1.89,0.0094,0.0047,0.0338,0.0447,0
0.14,75.5,3.0,77.32,1.27,1.89,0.0094,0.0047,0.039,0.0449,0
0.14,75.5,3.0,77.32,1.27,1.89,0.0094,0.0047,0.0419,0.045,0
0.14,75.5,3.0,77.32,1.27,1.89,0.0625,0.0044,0.0368,0.0555,0
0.14,75.5,3.0,77.32,1.27,1.89,0.0625,0.0044,0.0393,0.0558,0
0.14,75.5,3.0,77.32,1.27,1.89,0.0625,0.0044,0.0583,0.0559,1
0.14,75.5,3.0,77.32,1.27,1.89,0.0078,0.0039,0.0234,0.0472,0
0.14,75.5,3.0,77.32,1.27,1.89,0.0078,0.0039,0.0265,0.0474,0
0.14,75.5,3.0,77.32,1.27,1.89,0.0078,0.0039,0.041,0.0476,0
0.14,75.5,3.0,77.32,1.27,1.89,0.0089,0.0044,0.0155,0.0458,0
0.14,75.5,3.0,77.32,1.27,1.89,0.0089,0.0044,0.0192,0.046,0
0.14,75.5,3.0,77.32,1.27,1.89,0.0089,0.0044,0.0221,0.0464,0
0.14,90.75,0.0,77.37,1.27,1.89,0.0475,0.0047,0.0328,0.0512,0
0.14,90.75,0.0,77.37,1.27,1.89,0.0475,0.0047,0.0473,0.0514,0
0.14,90.75,0.0,77.37,1.27,1.89,0.0475,0.0047,0.051,0.0516,0
0.14,90.75,0.0,77.37,1.27,1.89,0.0093,0.0046,0.015,0.05,0
0.14,90.75,0.0,77.37,1.27,1.89,0.0093,0.0046,0.0175,0.0503,0
0.14,90.75,0.0,77.37,1.27,1.89,0.0093,0.0046,0.0215,0.0505,0
0.14,90.75,0.0,77.37,1.27,1.89,0.0088,0.0044,0.1014,0.0519,1
0.14,90.75,0.0,77.37,1.27,1.89,0.0088,0.0044,0.1056,0.0522,1
0.14,90.75,0.0,77.37,1.27,1.89,0.0088,0.0044,0.1109,0.0526,1
0.14,91.0,0.0,77.45,1.27,1.89,0.0593,0.0042,0.0376,0.0521,0
0.14,91.0,0.0,77.45,1.27,1.89,0.0593,0.0042,0.0403,0.0525,0
0.14,91.0,0.0,77.45,1.27,1.89,0.0593,0.0042,0.0443,0.0527,0
0.12,91.0,0.0,77.45,1.4,1.63,0.0085,0.0042,0.0351,0.0503,0
0.12,91.0,0.0,77.45,1.4,1.63,0.0085,0.0042,0.0375,0.0504,0
0.12,91.0,0.0,77.45,1.4,1.63,0.0085,0.0042,0.0525,0.0505,1
0.12,91.0,0.0,77.45,1.4,1.63,0.0091,0.0045,0.0272,0.0493,0
0.12,91.0,0.0,77.45,1.4,1.63,0.0091,0.0045,0.0344,0.0495,0
0.12,91.0,0.0,77.45,1.4,1.63,0.0091,0.0045,0.044,0.0497,0
0.12,91.0,0.0,77.45,1.4,1.63,0.0511,0.0044,0.0299,0.052,0
0.12,91.0,0.0,77.45,1.4,1.63,0.0511,0.0044,0.0408,0.0522,0
0.12,91.0,0.0,77.45,1.4,1.63,0.0511,0.0044,0.0564,0.0525,1
0.12,95.5,0.0,78.2,1.4,1.63,0.0097,0.0048,0.0471,0.0459,1
0.12,95.5,0.0,78.2,1.4,1.63,0.0097,0.0048,0.0495,0.0461,1
0.12,95.5,0.0,78.2,1.4,1.63,0.0097,0.0048,0.052,0.0462,1
0.12,95.5,0.0,78.2,1.4,1.63,0.0088,0.0044,0.0167,0.0496,0
0.12,95.5,0.0,78.2,1.4,1.63,0.0088,0.0044,0.0239,0.0498,0
0.12,95.5,0.0,78.2,1.4,1.63,0.0088,0.0044,0.0313,0.0499,0
0.12,95.5,0.0,78.2,1.4,1.63,0.0632,0.0044,0.0199,0.0549,0
0.12,95.5,0.0,78.2,1.4,1.63,0.0632,0.0044,0.0224,0.0551,0
0.12,95.5,0.0,78.2,1.4,1.63,0.0632,0.0044,0.0248,0.0552,0
0.12,95.5,0.0,78.2,1.4,1.63,0.0088,0.0044,0.0447,0.051,0
0.12,95.5,0.0,78.2,1.4,1.63,0.0088,0.0044,0.0511,0.0512,0
0.12,95.5,0.0,78.2,1.4,1.63,0.0088,0.0044,0.0593,0.0513,1
0.12,96.0,0.0,78.51,1.4,1.63,0.0089,0.0045,0.0328,0.0628,0
0.12,96.0,0.0,78.51,1.4,1.63,0.0089,0.0045,0.0454,0.063,0
0.12,96.0,0.0,78.51,1.4,1.63,0.0089,0.0045,0.0496,0.0631,0
0.12,96.0,0.0,78.51,1.4,1.63,0.0768,0.0042,0.0481,0.0509,0
0.12,96.0,0.0,78.51,1.4,1.63,0.0768,0.0042,0.0631,0.0511,1
0.12,96.0,0.0,78.51,1.4,1.63,0.0768,0.0042,0.0699,0.0512,1
0.12,96.0,0.0,78.51,1.4,1.63,0.0078,0.0039,0.0543,0.0492,1
0.12,96.0,0.0,78.51,1.4,1.63,0.0078,0.0039,0.0568,0.0493,1
0.12,96.0,0.0,78.51,1.4,1.63,0.0078,0.0039,0.0654,0.0494,1
0.12,97.75,0.0,78.56,1.4,1.63,0.0089,0.0044,0.0308,0.0494,0
0.12,97.75,0.0,78.56,1.4,1.63,0.0089,0.0044,0.0359,0.0496,0
0.12,97.75,0.0,78.56,1.4,1.63,0.0089,0.0044,0.0411,0.0497,0
0.09,97.75,0.0,78.56,1.79,1.5,0.066,0.0045,0.0547,0.0548,0
0.09,97.75,0.0,78.56,1.79,1.5,0.066,0.0045,0.0631,0.055,1
0.09,97.75,0.0,78.56,1.79,1.5,0.066,0.0045,0.0692,0.0552,1
0.09,97.75,0.0,78.56,1.79,1.5,0.0086,0.0043,0.0438,0.0454,0
0.09,97.75,0.0,78.56,1.79,1.5,0.0086,0.0043,0.0534,0.0456,1
0.09,97.75,0.0,78.56,1.79,1.5,0.0086,0.0043,0.0558,0.0457,1
0.09,97.75,0.0,78.56,1.79,1.5,0.0085,0.0043,0.0546,0.0563,0
0.09,97.75,0.0,78.56,1.79,1.5,0.0085,0.0043,0.0579,0.0565,1
0.09,97.75,0.0,78.56,1.79,1.5,0.0085,0.0043,0.0797,0.0566,1
0.09,94.75,0.0,78.66,1.79,1.5,0.0598,0.0042,0.0513,0.0537,0
0.09,94.75,0.0,78.66,1.79,1.5,0.0598,0.0042,0.0615,0.054,1
0.09,94.75,0.0,78.66,1.79,1.5,0.0598,0.0042,0.065,0.0542,1
0.09,94.75,0.0,78.66,1.79,1.5,0.0082,0.0041,0.0318,0.0504,0
0.09,94.75,0.0,78.66,1.79,1.5,0.0082,0.0041,0.0521,0.0507,1
0.09,94.75,0.0,78.66,1.79,1.5,0.0082,0.0041,0.079,0.0508,1
0.09,94.75,0.0,78.66,1.79,1.5,0.008,0.004,0.0612,0.0482,1
0.09,94.75,0.0,78.66,1.79,1.5,0.008,0.004,0.0641,0.0484,1
0.09,94.75,0.0,78.66,1.79,1.5,0.008,0.004,0.0898,0.0485,1
0.09,94.75,0.0,78.66,1.79,1.5,0.0573,0.0046,0.0215,0.053,0
0.09,94.75,0.0,78.66,1.79,1.5,0.0573,0.0046,0.0236,0.0532,0
0.09,94.75,0.0,78.66,1.79,1.5,0.0573,0.0046,0.0313,0.0535,0
0.09,93.75,0.0,77.4,1.79,1.5,0.0081,0.0041,0.0211,0.0503,0
0.09,93.75,0.0,77.4,1.79,1.5,0.0081,0.0041,0.0243,0.0505,0
0.09,93.75,0.0,77.4,1.79,1.5,0.0081,0.0041,0.0298,0.0506,0
0.09,93.75,0.0,77.4,1.79,1.5,0.0089,0.0045,0.0211,0.0518,0
0.09,93.75,0.0,77.4,1.79,1.5,0.0089,0.0045,0.0268,0.052,0
0.09,93.75,0.0,77.4,1.79,1.5,0.0089,0.0045,0.0298,0.0523,0
0.09,93.75,0.0,77.4,1.79,1.5,0.0546,0.0041,0.0316,0.0529,0
0.09,93.75,0.0,77.4,1.79,1.5,0.0546,0.0041,0.035,0.0532,0
0.09,93.75,0.0,77.4,1.79,1.5,0.0546,0.0041,0.0424,0.0533,0
0.12,80.75,0.0,77.35,1.14,1.34,0.0083,0.0042,0.0178,0.0479,0
0.12,80.75,0.0,77.35,1.14,1.34,0.0083,0.0042,0.0208,0.0481,0
0.12,80.75,0.0,77.35,1.14,1.34,0.0083,0.0042,0.0371,0.0482,0
0.12,80.75,0.0,77.35,1.14,1.34,0.0096,0.0048,0.021,0.0491,0
0.12,80.75,0.0,77.35,1.14,1.34,0.0096,0.0048,0.0234,0.0493,0
0.12,80.75,0.0,77.35,1.14,1.34,0.0096,0.0048,0.0263,0.0494,0
0.12,80.75,0.0,77.35,1.14,1.34,0.0544,0.0044,0.0227,0.0506,0
0.12,80.75,0.0,77.35,1.14,1.34,0.0544,0.0044,0.0277,0.0508,0
0.12,80.75,0.0,77.35,1.14,1.34,0.0544,0.0044,0.0431,0.0509,0
0.12,80.75,0.0,77.35,1.14,1.34,0.0089,0.0045,0.0179,0.0503,0
0.12,80.75,0.0,77.35,1.14,1.34,0.0089,0.0045,0.0224,0.0505,0
0.12,80.75,0.0,77.35,1.14,1.34,0.0089,0.0045,0.0271,0.0506,0
0.12,78.75,99.0,77.37,1.14,1.34,0.0091,0.0045,0.0155,0.0463,0
0.12,78.75,99.0,77.37,1.14,1.34,0.0091,0.0045,0.0245,0.0465,0
0.12,78.75,99.0,77.37,1.14,1.34,0.0091,0.0045,0.0293,0.0466,0
0.12,78.75,99.0,77.37,1.14,1.34,0.0489,0.0043,0.0224,0.0466,0
0.12,78.75,99.0,77.37,1.14,1.34,0.0489,0.0043,0.0296,0.0467,0
0.12,78.75,99.0,77.37,1.14,1.34,0.0489,0.0043,0.0339,0.0468,0
0.12,78.75,99.0,77.37,1.14,1.34,0.0077,0.0038,0.0143,0.0515,0
0.12,78.75,99.0,77.37,1.14,1.34,0.0077,0.0038,0.0182,0.0519,0
0.12,78.75,99.0,77.37,1.14,1.34,0.0077,0.0038,0.0236,0.0522,0
0.12,77.5,78.0,77.3,1.14,1.34,0.0084,0.0042,0.018,0.0862,0
0.12,77.5,78.0,77.3,1.14,1.34,0.0084,0.0042,0.0205,0.0864,0
0.12,77.5,78.0,77.3,1.14,1.34,0.0084,0.0042,0.0241,0.0866,0
0.12,77.5,78.0,77.3,1.14,1.34,0.049,0.0041,0.0258,0.0608,0
0.12,77.5,78.0,77.3,1.14,1.34,0.049,0.0041,0.0282,0.061,0
0.12,77.5,78.0,77.3,1.14,1.34,0.049,0.0041,0.0322,0.0634,0
0.12,77.5,78.0,77.3,1.14,1.34,0.0086,0.0043,0.0192,0.0584,0
0.12,77.5,78.0,77.3,1.14,1.34,0.0086,0.0043,0.0228,0.0588,0
0.12,77.5,78.0,77.3,1.14,1.34,0.0086,0.0043,0.0334,0.0591,0
0.14,77.5,78.0,77.3,1.48,0.98,0.0085,0.0042,0.0227,0.0652,0
0.14,77.5,78.0,77.3,1.48,0.98,0.0085,0.0042,0.0251,0.0654,0
0.14,77.5,78.0,77.3,1.48,0.98,0.0085,0.0042,0.0276,0.0655,0
0.14,75.25,0.0,77.35,1.48,0.98,0.0489,0.0044,0.0262,0.0693,0
0.14,75.25,0.0,77.35,1.48,0.98,0.0489,0.0044,0.0302,0.0696,0
0.14,75.25,0.0,77.35,1.48,0.98,0.0489,0.0044,0.0331,0.0697,0
0.14,75.25,0.0,77.35,1.48,0.98,0.0081,0.004,0.0202,0.0602,0
0.14,75.25,0.0,77.35,1.48,0.98,0.0081,0.004,0.0237,0.0604,0
0.14,75.25,0.0,77.35,1.48,0.98,0.0081,0.004,0.0297,0.0606,0
0.14,75.25,0.0,77.35,1.48,0.98,0.0082,0.0041,0.0322,0.0845,0
0.14,75.25,0.0,77.35,1.48,0.98,0.0082,0.0041,0.0344,0.0847,0
0.14,75.25,0.0,77.35,1.48,0.98,0.0082,0.0041,0.037,0.0848,0
0.14,77.5,0.0,77.37,1.48,0.98,0.0508,0.0044,0.0181,0.0596,0
0.14,77.5,0.0,77.37,1.48,0.98,0.0508,0.0044,0.0212,0.0599,0
0.14,77.5,0.0,77.37,1.48,0.98,0.0508,0.0044,0.0276,0.0633,0
0.14,77.5,0.0,77.37,1.48,0.98,0.0088,0.0044,0.0183,0.0701,0
0.14,77.5,0.0,77.37,1.48,0.98,0.0088,0.0044,0.0239,0.0704,0
0.14,77.5,0.0,77.37,1.48,0.98,0.0088,0.0044,0.027,0.071,0
0.14,77.5,0.0,77.37,1.48,0.98,0.0089,0.0044,0.0143,0.0582,0
0.14,77.5,0.0,77.37,1.48,0.98,0.0089,0.0044,0.0231,0.0584,0
0.14,77.5,0.0,77.37,1.48,0.98,0.0089,0.0044,0.0257,0.0587,0
0.14,77.5,0.0,77.37,1.48,0.98,0.0506,0.0041,0.0269,0.0605,0
0.14,77.5,0.0,77.37,1.48,0.98,0.0506,0.0041,0.0346,0.0607,0
0.14,77.5,0.0,77.37,1.48,0.98,0.0506,0.0041,0.0416,0.0608,0
0.14,81.5,92.0,77.35,1.48,0.98,0.0087,0.0044,0.0184,0.1146,0
0.14,81.5,92.0,77.35,1.48,0.98,0.0087,0.0044,0.0215,0.1148,0
0.14,81.5,92.0,77.35,1.48,0.98,0.0087,0.0044,0.0302,0.1152,0
0.14,81.5,92.0,77.35,1.48,0.98,0.0087,0.0043,0.0201,0.2232,0
0.14,81.5,92.0,77.35,1.48,0.98,0.0087,0.0043,0.024,0.2239,0
0.14,81.5,92.0,77.35,1.48,0.98,0.0087,0.0043,0.0316,0.2277,0
0.14,81.5,92.0,77.35,1.02,0.71,0.0675,0.0046,0.0212,0.1415,0
0.14,81.5,92.0,77.35,1.02,0.71,0.0675,0.0046,0.0284,0.1419,0
0.14,81.5,92.0,77.35,1.02,0.71,0.0675,0.0046,0.0477,0.1422,0
0.14,81.5,92.0,77.35,1.02,0.71,0.0085,0.0043,0.0151,0.053,0
0.14,81.5,92.0,77.35,1.02,0.71,0.0085,0.0043,0.0188,0.0532,0
0.14,81.5,92.0,77.35,1.02,0.71,0.0085,0.0043,0.0215,0.0534,0
0.14,76.75,72.0,77.32,1.02,0.71,0.0085,0.0042,0.0143,0.0537,0
0.14,76.75,72.0,77.32,1.02,0.71,0.0085,0.0042,0.0172,0.0539,0
0.14,76.75,72.0,77.32,1.02,0.71,0.0085,0.0042,0.0224,0.0541,0
0.14,76.75,72.0,77.32,1.02,0.71,0.0512,0.0043,0.0323,0.0482,0
0.14,76.75,72.0,77.32,1.02,0.71,0.0512,0.0043,0.0468,0.0483,0
0.14,76.75,72.0,77.32,1.02,0.71,0.0512,0.0043,0.0579,0.0484,1
0.14,76.75,72.0,77.32,1.02,0.71,0.0089,0.0044,0.0146,0.0477,0
0.14,76.75,72.0,77.32,1.02,0.71,0.0089,0.0044,0.0175,0.0479,0
0.14,76.75,72.0,77.32,1.02,0.71,0.0089,0.0044,0.0266,0.048,0
0.14,79.75,33.0,77.35,1.02,0.71,0.0089,0.0045,0.014,0.0442,0
0.14,79.75,33.0,77.35,1.02,0.71,0.0089,0.0045,0.0173,0.0443,0
0.14,79.75,33.0,77.35,1.02,0.71,0.0089,0.0045,0.0202,0.0445,0
0.14,79.75,33.0,77.35,1.02,0.71,0.0487,0.0044,0.0236,0.0493,0
0.14,79.75,33.0,77.35,1.02,0.71,0.0487,0.0044,0.0261,0.0495,0
0.14,79.75,33.0,77.35,1.02,0.71,0.0487,0.0044,0.0285,0.0496,0
0.14,79.75,33.0,77.35,1.02,0.71,0.009,0.0045,0.0155,0.0629,0
0.14,79.75,33.0,77.35,1.02,0.71,0.009,0.0045,0.0242,0.0631,0
0.14,79.75,33.0,77.35,1.02,0.71,0.009,0.0045,0.0394,0.0632,0
0.14,79.75,33.0,77.35,1.02,0.71,0.0078,0.0039,0.0158,0.0458,0
0.14,79.75,33.0,77.35,1.02,0.71,0.0078,0.0039,0.0191,0.046,0
0.14,79.75,33.0,77.35,1.02,0.71,0.0078,0.0039,0.0222,0.0461,0
0.14,74.0,0.0,77.35,1.02,0.71,0.0561,0.0045,0.0972,0.0498,1
0.14,74.0,0.0,77.35,1.02,0.71,0.0561,0.0045,0.1044,0.0499,1
0.14,74.0,0.0,77.35,1.02,0.71,0.0561,0.0045,0.1143,0.05,1
0.13,74.0,0.0,77.35,1.16,0.65,0.009,0.0045,0.017,0.0513,0
0.13,74.0,0.0,77.35,1.16,0.65,0.009,0.0045,0.0269,0.0516,0
0.13,74.0,0.0,77.35,1.16,0.65,0.009,0.0045,0.0356,0.0519,0
0.13,74.0,0.0,77.35,1.16,0.65,0.0088,0.0044,0.0258,0.0468,0
0.13,74.0,0.0,77.35,1.16,0.65,0.0088,0.0044,0.0284,0.047,0
0.13,74.0,0.0,77.35,1.16,0.65,0.0088,0.0044,0.0311,0.0471,0
0.13,79.25,0.0,77.37,1.16,0.65,0.0575,0.0047,0.0212,0.051,0
0.13,79.25,0.0,77.37,1.16,0.65,0.0575,0.0047,0.0244,0.0512,0
0.13,79.25,0.0,77.37,1.16,0.65,0.0575,0.0047,0.0359,0.0513,0
0.13,79.25,0.0,77.37,1.16,0.65,0.0089,0.0045,0.0297,0.0506,0
0.13,79.25,0.0,77.37,1.16,0.65,0.0089,0.0045,0.0354,0.0508,0
0.13,79.25,0.0,77.37,1.16,0.65,0.0089,0.0045,0.0421,0.0509,0
0.13,79.25,0.0,77.37,1.16,0.65,0.0082,0.0041,0.0205,0.0493,0
0.13,79.25,0.0,77.37,1.16,0.65,0.0082,0.0041,0.0251,0.0495,0
0.13,79.25,0.0,77.37,1.16,0.65,0.0082,0.0041,0.0277,0.0496,0
0.13,81.25,0.0,77.32,1.16,0.65,0.0574,0.0041,0.0241,0.0519,0
0.13,81.25,0.0,77.32,1.16,0.65,0.0574,0.0041,0.0273,0.0522,0
0.13,81.25,0.0,77.32,1.16,0.65,0.0574,0.0041,0.0338,0.0524,0
0.13,81.25,0.0,77.32,1.16,0.65,0.0096,0.0048,0.0177,0.046,0
0.13,81.25,0.0,77.32,1.16,0.65,0.0096,0.0048,0.0249,0.0462,0
0.13,81.25,0.0,77.32,1.16,0.65,0.0096,0.0048,0.031,0.0463,0
0.13,81.25,0.0,77.32,1.16,0.65,0.0082,0.0041,0.0244,0.0474,0
0.13,81.25,0.0,77.32,1.16,0.65,0.0082,0.0041,0.037,0.0476,0
0.13,81.25,0.0,77.32,1.16,0.65,0.0082,0.0041,0.0484,0.0477,1
0.13,81.25,0.0,77.32,1.16,0.65,0.0472,0.0043,0.0209,0.0501,0
0.13,81.25,0.0,77.32,1.16,0.65,0.0472,0.0043,0.0234,0.0503,0
0.13,81.25,0.0,77.32,1.16,0.65,0.0472,0.0043,0.0318,0.0505,0
0.13,81.0,0.0,77.35,1.16,0.65,0.0099,0.0049,0.0317,0.0441,0
0.13,81.0,0.0,77.35,1.16,0.65,0.0099,0.0049,0.0452,0.0443,1
0.13,81.0,0.0,77.35,1.16,0.65,0.0099,0.0049,0.0536,0.0444,1
0.14,81.0,0.0,77.35,2.58,0.77,0.0087,0.0044,0.0135,0.0474,0
0.14,81.0,0.0,77.35,2.58,0.77,0.0087,0.0044,0.0172,0.0476,0
0.14,81.0,0.0,77.35,2.58,0.77,0.0087,0.0044,0.0213,0.0479,0
0.14,81.0,0.0,77.35,2.58,0.77,0.0499,0.0047,0.0328,0.0542,0
0.14,81.0,0.0,77.35,2.58,0.77,0.0499,0.0047,0.0368,0.0544,0
0.14,81.0,0.0,77.35,2.58,0.77,0.0499,0.0047,0.0446,0.0545,0
0.14,79.75,0.0,77.35,2.58,0.77,0.009,0.0045,0.0136,0.0473,0
0.14,79.75,0.0,77.35,2.58,0.77,0.009,0.0045,0.016,0.0475,0
0.14,79.75,0.0,77.35,2.58,0.77,0.009,0.0045,0.0191,0.0476,0
0.14,79.75,0.0,77.35,2.58,0.77,0.0091,0.0046,0.0158,0.045,0
0.14,79.75,0.0,77.35,2.58,0.77,0.0091,0.0046,0.0186,0.0452,0
0.14,79.75,0.0,77.35,2.58,0.77,0.0091,0.0046,0.0269,0.0453,0
0.14,79.75,0.0,77.35,2.58,0.77,0.0557,0.0048,0.034,0.0501,0
0.14,79.75,0.0,77.35,2.58,0.77,0.0557,0.0048,0.0461,0.0502,0
0.14,79.75,0.0,77.35,2.58,0.77,0.0557,0.0048,0.0573,0.0504,1
0.14,79.75,0.0,77.35,2.58,0.77,0.0088,0.0044,0.0143,0.0475,0
0.14,79.75,0.0,77.35,2.58,0.77,0.0088,0.0044,0.0168,0.0478,0
0.14,79.75,0.0,77.35,2.58,0.77,0.0088,0.0044,0.0235,0.0479,0
0.14,76.0,99.0,77.35,2.58,0.77,0.0084,0.0042,0.0209,0.0478,0
0.14,76.0,99.0,77.35,2.58,0.77,0.0084,0.0042,0.0235,0.0481,0
0.14,76.0,99.0,77.35,2.58,0.77,0.0084,0.0042,0.0291,0.0483,0
0.14,76.0,99.0,77.35,2.58,0.77,0.0557,0.0042,0.0199,0.0586,0
0.14,76.0,99.0,77.35,2.58,0.77,0.0557,0.0042,0.0372,0.0588,0
0.14,76.0,99.0,77.35,2.58,0.77,0.0557,0.0042,0.0396,0.059,0
0.14,76.0,99.0,77.35,2.58,0.77,0.0088,0.0044,0.0185,0.0499,0
0.14,76.0,99.0,77.35,2.58,0.77,0.0088,0.0044,0.025,0.0501,0
0.14,76.0,99.0,77.35,2.58,0.77,0.0088,0.0044,0.0298,0.0502,0
0.14,76.0,99.0,77.35,2.58,0.77,0.0087,0.0044,0.0214,0.0518,0
0.14,76.0,99.0,77.35,2.58,0.77,0.0087,0.0044,0.0306,0.052,0
0.14,76.0,99.0,77.35,2.58,0.77,0.0087,0.0044,0.0342,0.0522,0
0.15,79.25,0.0,77.35,8.68,1.31,0.0569,0.0044,0.0231,0.0498,0
0.15,79.25,0.0,77.35,8.68,1.31,0.0569,0.0044,0.0254,0.05,0
0.15,79.25,0.0,77.35,8.68,1.31,0.0569,0.0044,0.0289,0.0501,0
0.15,79.25,0.0,77.35,8.68,1.31,0.0089,0.0045,0.02,0.0449,0
0.15,79.25,0.0,77.35,8.68,1.31,0.0089,0.0045,0.0249,0.0451,0
0.15,79.25,0.0,77.35,8.68,1.31,0.0089,0.0045,0.0275,0.0453,0
0.15,79.25,0.0,77.35,8.68,1.31,0.0087,0.0044,0.0218,0.0507,0
0.15,79.25,0.0,77.35,8.68,1.31,0.0087,0.0044,0.0259,0.0509,0
0.15,79.25,0.0,77.35,8.68,1.31,0.0087,0.0044,0.0427,0.051,0
0.15,80.75,99.0,77.3,8.68,1.31,0.0583,0.0042,0.0376,0.0465,0
0.15,80.75,99.0,77.3,8.68,1.31,0.0583,0.0042,0.0456,0.0467,0
0.15,80.75,99.0,77.3,8.68,1.31,0.0583,0.0042,0.0533,0.0468,1
0.15,80.75,99.0,77.3,8.68,1.31,0.008,0.004,0.0266,0.0476,0
0.15,80.75,99.0,77.3,8.68,1.31,0.008,0.004,0.0339,0.0477,0
0.15,80.75,99.0,77.3,8.68,1.31,0.008,0.004,0.0402,0.0479,0
0.15,80.75,99.0,77.3,8.68,1.31,0.0077,0.0038,0.0176,0.0456,0
0.15,80.75,99.0,77.3,8.68,1.31,0.0077,0.0038,0.0222,0.0458,0
0.15,80.75,99.0,77.3,8.68,1.31,0.0077,0.0038,0.0258,0.0459,0
0.15,80.75,99.0,77.3,8.68,1.31,0.0427,0.0042,0.0377,0.0489,0
0.15,80.75,99.0,77.3,8.68,1.31,0.0427,0.0042,0.0522,0.0491,1
0.15,80.75,99.0,77.3,8.68,1.31,0.0427,0.0042,0.0613,0.0493,1
0.15,81.25,0.0,77.35,8.68,1.31,0.0089,0.0045,0.0237,0.0473,0
0.15,81.25,0.0,77.35,8.68,1.31,0.0089,0.0045,0.0297,0.0476,0
0.15,81.25,0.0,77.35,8.68,1.31,0.0089,0.0045,0.049,0.0477,1
0.15,81.25,0.0,77.35,8.68,1.31,0.0085,0.0042,0.0149,0.0467,0
0.15,81.25,0.0,77.35,8.68,1.31,0.0085,0.0042,0.0173,0.0469,0
0.15,81.25,0.0,77.35,8.68,1.31,0.0085,0.0042,0.0197,0.047,0
0.15,81.25,0.0,77.35,8.68,1.31,0.0542,0.0043,0.0264,0.0493,0
0.15,81.25,0.0,77.35,8.68,1.31,0.0542,0.0043,0.0286,0.0496,0
0.15,81.25,0.0,77.35,8.68,1.31,0.0542,0.0043,0.036,0.0498,0
0.14,85.0,0.0,77.27,1.24,1.77,0.0082,0.0041,0.0216,0.0477,0
0.14,85.0,0.0,77.27,1.24,1.77,0.0082,0.0041,0.0275,0.0479,0
0.14,85.0,0.0,77.27,1.24,1.77,0.0082,0.0041,0.0337,0.0482,0
0.14,85.0,0.0,77.27,1.24,1.77,0.0086,0.0043,0.033,0.0451,0
0.14,85.0,0.0,77.27,1.24,1.77,0.0086,0.0043,0.0464,0.0453,1
0.14,85.0,0.0,77.27,1.24,1.77,0.0086,0.0043,0.0577,0.0454,1
0.14,85.0,0.0,77.27,1.24,1.77,0.0625,0.0045,0.0192,0.0512,0
0.14,85.0,0.0,77.27,1.24,1.77,0.0625,0.0045,0.0339,0.0513,0
0.14,85.0,0.0,77.27,1.24,1.77,0.0625,0.0045,0.0398,0.0516,0
0.14,85.0,0.0,77.27,1.24,1.77,0.0091,0.0046,0.0358,0.0475,0
0.14,85.0,0.0,77.27,1.24,1.77,0.0091,0.0046,0.04,0.0481,0
0.14,85.0,0.0,77.27,1.24,1.77,0.0091,0.0046,0.0434,0.0483,0
0.14,81.0,0.0,77.3,1.24,1.77,0.0099,0.0049,0.019,0.0461,0
0.14,81.0,0.0,77.3,1.24,1.77,0.0099,0.0049,0.0249,0.0463,0
0.14,81.0,0.0,77.3,1.24,1.77,0.0099,0.0049,0.028,0.0464,0
0.14,81.0,0.0,77.3,1.24,1.77,0.0682,0.0044,0.0322,0.0497,0
0.14,81.0,0.0,77.3,1.24,1.77,0.0682,0.0044,0.0359,0.0499,0
0.14,81.0,0.0,77.3,1.24,1.77,0.0682,0.0044,0.0426,0.05,0
0.14,81.0,0.0,77.3,1.24,1.77,0.0095,0.0047,0.017,0.051,0
0.14,81.0,0.0,77.3,1.24,1.77,0.0095,0.0047,0.0239,0.0512,0
0.14,81.0,0.0,77.3,1.24,1.77,0.0095,0.0047,0.0272,0.0515,0
0.02,83.5,39.0,61.1,1.51,0.16,0.0,0.0,0.0574,0.2858,0
0.02,83.5,39.0,61.1,1.51,0.16,0.0,0.0,0.06,0.2861,0
0.02,83.5,39.0,61.1,1.51,0.16,0.0,0.0,0.0615,0.2863,0
0.02,83.5,39.0,61.1,1.51,0.16,0.0084,0.0042,0.0204,0.2618,0
0.02,83.5,39.0,61.1,1.51,0.16,0.0084,0.0042,0.0225,0.262,0
0.02,83.5,39.0,61.1,1.51,0.16,0.0084,0.0042,0.0237,0.2621,0
0.02,83.5,39.0,61.1,1.51,0.16,0.0081,0.0041,0.0239,0.2488,0
0.02,83.5,39.0,61.1,1.51,0.16,0.0081,0.0041,0.027,0.2491,0
0.02,83.5,39.0,61.1,1.51,0.16,0.0081,0.0041,0.0296,0.2493,0
0.02,89.0,0.0,61.55,1.51,0.16,0.0573,0.0045,0.0303,0.0868,0
0.02,89.0,0.0,61.55,1.51,0.16,0.0573,0.0045,0.0403,0.0869,0
0.02,89.0,0.0,61.55,1.51,0.16,0.0573,0.0045,0.0534,0.0871,0
0.02,89.0,0.0,61.55,1.51,0.16,0.0088,0.0044,0.0578,0.0723,0
0.02,89.0,0.0,61.55,1.51,0.16,0.0088,0.0044,0.0623,0.0726,0
0.02,89.0,0.0,61.55,1.51,0.16,0.0088,0.0044,0.0647,0.0728,0
0.02,89.0,0.0,61.55,1.51,0.16,0.008,0.004,0.0436,0.0946,0
0.02,89.0,0.0,61.55,1.51,0.16,0.008,0.004,0.0463,0.0949,0
0.02,89.0,0.0,61.55,1.51,0.16,0.008,0.004,0.0509,0.095,0
0.02,89.0,0.0,61.55,1.51,0.16,0.0552,0.0042,0.033,0.0766,0
0.02,89.0,0.0,61.55,1.51,0.16,0.0552,0.0042,0.0357,0.0768,0
0.02,89.0,0.0,61.55,1.51,0.16,0.0552,0.0042,0.0465,0.077,0
0.02,94.75,28.0,62.82,1.51,0.16,0.0086,0.0043,0.0289,0.1001,0
0.02,94.75,28.0,62.82,1.51,0.16,0.0086,0.0043,0.0325,0.1021,0
0.02,94.75,28.0,62.82,1.51,0.16,0.0086,0.0043,0.035,0.1026,0
0.02,94.75,28.0,62.82,1.51,0.16,0.0089,0.0045,0.0177,0.0689,0
0.02,94.75,28.0,62.82,1.51,0.16,0.0089,0.0045,0.021,0.0691,0
0.02,94.75,28.0,62.82,1.51,0.16,0.0089,0.0045,0.0221,0.0693,0
0.02,94.75,28.0,62.82,1.06,0.24,0.0556,0.0042,0.0288,0.075,0
0.02,94.75,28.0,62.82,1.06,0.24,0.0556,0.0042,0.0373,0.0753,0
0.02,94.75,28.0,62.82,1.06,0.24,0.0556,0.0042,0.0395,0.0755,0
0.02,94.75,28.0,62.82,1.06,0.24,0.009,0.0045,0.0553,0.1039,0
0.02,94.75,28.0,62.82,1.06,0.24,0.009,0.0045,0.0578,0.1041,0
0.02,94.75,28.0,62.82,1.06,0.24,0.009,0.0045,0.0635,0.1043,0
0.02,90.0,0.0,63.65,1.06,0.24,0.0083,0.0042,0.0246,0.0819,0
0.02,90.0,0.0,63.65,1.06,0.24,0.0083,0.0042,0.0295,0.0821,0
0.02,90.0,0.0,63.65,1.06,0.24,0.0083,0.0042,0.0332,0.0823,0
0.02,90.0,0.0,63.65,1.06,0.24,0.0726,0.0043,0.027,0.0725,0
0.02,90.0,0.0,63.65,1.06,0.24,0.0726,0.0043,0.0308,0.0727,0
0.02,90.0,0.0,63.65,1.06,0.24,0.0726,0.0043,0.0466,0.0728,0
0.02,90.0,0.0,63.65,1.06,0.24,0.0093,0.0047,0.0221,0.072,0
0.02,90.0,0.0,63.65,1.06,0.24,0.0093,0.0047,0.0279,0.0722,0
0.02,90.0,0.0,63.65,1.06,0.24,0.0093,0.0047,0.0307,0.0723,0
0.02,93.25,29.0,64.03,1.06,0.24,0.009,0.0045,0.0325,0.0699,0
0.02,93.25,29.0,64.03,1.06,0.24,0.009,0.0045,0.0367,0.0701,0
0.02,93.25,29.0,64.03,1.06,0.24,0.009,0.0045,0.0398,0.0702,0
0.02,93.25,29.0,64.03,1.06,0.24,0.0546,0.0047,0.0296,0.0964,0
0.02,93.25,29.0,64.03,1.06,0.24,0.0546,0.0047,0.0417,0.0967,0
0.02,93.25,29.0,64.03,1.06,0.24,0.0546,0.0047,0.0532,0.097,0
0.02,93.25,29.0,64.03,1.06,0.24,0.0095,0.0047,0.0326,0.0603,0
0.02,93.25,29.0,64.03,1.06,0.24,0.0095,0.0047,0.039,0.0605,0
0.02,93.25,29.0,64.03,1.06,0.24,0.0095,0.0047,0.0542,0.0606,0
0.02,93.25,29.0,64.03,1.06,0.24,0.0091,0.0045,0.0203,0.073,0
0.02,93.25,29.0,64.03,1.06,0.24,0.0091,0.0045,0.0218,0.0732,0
0.02,93.25,29.0,64.03,1.06,0.24,0.0091,0.0045,0.0231,0.0735,0
0.03,96.25,8.0,64.63,2.73,0.52,0.0436,0.0044,0.0369,0.1331,0
0.03,96.25,8.0,64.63,2.73,0.52,0.0436,0.0044,0.0498,0.1333,0
0.03,96.25,8.0,64.63,2.73,0.52,0.0436,0.0044,0.0529,0.1334,0
0.03,96.25,8.0,64.63,2.73,0.52,0.0089,0.0044,0.0237,0.1301,0
0.03,96.25,8.0,64.63,2.73,0.52,0.0089,0.0044,0.027,0.1303,0
0.03,96.25,8.0,64.63,2.73,0.52,0.0089,0.0044,0.032,0.1305,0
0.03,96.25,8.0,64.63,2.73,0.52,0.0088,0.0044,0.0241,0.1458,0
0.03,96.25,8.0,64.63,2.73,0.52,0.0088,0.0044,0.0263,0.1461,0
0.03,96.25,8.0,64.63,2.73,0.52,0.0088,0.0044,0.0273,0.1462,0
0.03,94.0,7.0,65.29,2.73,0.52,0.0487,0.0045,0.0508,0.1494,0
0.03,94.0,7.0,65.29,2.73,0.52,0.0487,0.0045,0.0536,0.1497,0
0.03,94.0,7.0,65.29,2.73,0.52,0.0487,0.0045,0.0548,0.15,0
0.03,94.0,7.0,65.29,2.73,0.52,0.0087,0.0044,0.0298,0.169,0
0.03,94.0,7.0,65.29,2.73,0.52,0.0087,0.0044,0.0392,0.1692,0
0.03,94.0,7.0,65.29,2.73,0.52,0.0087,0.0044,0.041,0.1693,0
0.03,94.0,7.0,65.29,2.73,0.52,0.0091,0.0045,0.0233,0.1386,0
0.03,94.0,7.0,65.29,2.73,0.52,0.0091,0.0045,0.0245,0.1389,0
0.03,94.0,7.0,65.29,2.73,0.52,0.0091,0.0045,0.0307,0.1391,0
0.03,94.0,7.0,65.29,2.73,0.52,0.041,0.004,0.0371,0.1042,0
0.03,94.0,7.0,65.29,2.73,0.52,0.041,0.004,0.0385,0.1044,0
0.03,94.0,7.0,65.29,2.73,0.52,0.041,0.004,0.0439,0.1045,0
0.03,93.25,0.0,66.4,2.73,0.52,0.0085,0.0042,0.0297,0.1123,0
0.03,93.25,0.0,66.4,2.73,0.52,0.0085,0.0042,0.0338,0.1125,0
0.03,93.25,0.0,66.4,2.73,0.52,0.0085,0.0042,0.0429,0.1127,0
0.03,93.25,0.0,66.4,2.73,0.52,0.0094,0.0047,0.0611,0.1375,0
0.03,93.25,0.0,66.4,2.73,0.52,0.0094,0.0047,0.0624,0.1377,0
0.03,93.25,0.0,66.4,2.73,0.52,0.0094,0.0047,0.0658,0.1388,0
0.03,93.25,0.0,66.4,2.73,0.52,0.0548,0.0041,0.0538,0.1302,0
0.03,93.25,0.0,66.4,2.73,0.52,0.0548,0.0041,0.0598,0.1304,0
0.03,93.25,0.0,66.4,2.73,0.52,0.0548,0.0041,0.0679,0.1306,0
0.04,93.25,0.0,66.4,2.55,0.46,0.009,0.0045,0.0746,0.0819,0
0.04,93.25,0.0,66.4,2.55,0.46,0.009,0.0045,0.0798,0.0822,0
0.04,93.25,0.0,66.4,2.55,0.46,0.009,0.0045,0.0833,0.0823,1
0.04,98.5,14.0,70.41,2.55,0.46,0.0091,0.0046,0.0344,0.0978,0
0.04,98.5,14.0,70.41,2.55,0.46,0.0091,0.0046,0.0399,0.098,0
0.04,98.5,14.0,70.41,2.55,0.46,0.0091,0.0046,0.0445,0.0981,0
0.04,98.5,14.0,70.41,2.55,0.46,0.0594,0.0043,0.0341,0.1353,0
0.04,98.5,14.0,70.41,2.55,0.46,0.0594,0.0043,0.0383,0.1355,0
0.04,98.5,14.0,70.41,2.55,0.46,0.0594,0.0043,0.0508,0.1356,0
0.04,98.5,14.0,70.41,2.55,0.46,0.0089,0.0044,0.0258,0.2227,0
0.04,98.5,14.0,70.41,2.55,0.46,0.0089,0.0044,0.0372,0.2249,0
0.04,98.5,14.0,70.41,2.55,0.46,0.0089,0.0044,0.0384,0.2253,0
0.04,98.5,14.0,70.41,2.55,0.46,0.0088,0.0044,0.0344,0.1739,0
0.04,98.5,14.0,70.41,2.55,0.46,0.0088,0.0044,0.0358,0.1741,0
0.04,98.5,14.0,70.41,2.55,0.46,0.0088,0.0044,0.0437,0.1742,0
0.04,99.25,9.0,70.79,2.55,0.46,0.0629,0.0045,0.0448,0.1677,0
0.04,99.25,9.0,70.79,2.55,0.46,0.0629,0.0045,0.0582,0.1679,0
0.04,99.25,9.0,70.79,2.55,0.46,0.0629,0.0045,0.0595,0.168,0
0.04,99.25,9.0,70.79,2.55,0.46,0.0089,0.0045,0.0423,0.1233,0
0.04,99.25,9.0,70.79,2.55,0.46,0.0089,0.0045,0.0492,0.1235,0
0.04,99.25,9.0,70.79,2.55,0.46,0.0089,0.0045,0.0575,0.1236,0
0.04,99.25,9.0,70.79,2.55,0.46,0.0093,0.0046,0.0558,0.1479,0
0.04,99.25,9.0,70.79,2.55,0.46,0.0093,0.0046,0.0707,0.1481,0
0.04,99.25,9.0,70.79,2.55,0.46,0.0093,0.0046,0.0719,0.1482,0
0.04,99.25,24.0,71.32,2.55,0.46,0.0542,0.0041,0.0433,0.2241,0
0.04,99.25,24.0,71.32,2.55,0.46,0.0542,0.0041,0.0525,0.2244,0
0.04,99.25,24.0,71.32,2.55,0.46,0.0542,0.0041,0.061,0.2245,0
0.04,99.25,24.0,71.32,2.55,0.46,0.0088,0.0044,0.0288,0.2471,0
0.04,99.25,24.0,71.32,2.55,0.46,0.0088,0.0044,0.0301,0.2473,0
0.04,99.25,24.0,71.32,2.55,0.46,0.0088,0.0044,0.0312,0.2475,0
0.04,99.25,24.0,71.32,2.55,0.46,0.0093,0.0047,0.0149,0.2029,0
0.04,99.25,24.0,71.32,2.55,0.46,0.0093,0.0047,0.0162,0.2031,0
0.04,99.25,24.0,71.32,2.55,0.46,0.0093,0.0047,0.0174,0.2032,0
0.02,99.25,24.0,71.32,1.15,0.6,0.0662,0.0044,0.027,0.1969,0
0.02,99.25,24.0,71.32,1.15,0.6,0.0662,0.0044,0.0346,0.1972,0
0.02,99.25,24.0,71.32,1.15,0.6,0.0662,0.0044,0.0412,0.1975,0
0.02,98.25,33.0,71.72,1.15,0.6,0.0086,0.0043,0.0235,0.1902,0
0.02,98.25,33.0,71.72,1.15,0.6,0.0086,0.0043,0.0265,0.1904,0
0.02,98.25,33.0,71.72,1.15,0.6,0.0086,0.0043,0.0505,0.1905,0
0.02,98.25,33.0,71.72,1.15,0.6,0.0089,0.0044,0.0469,0.1565,0
0.02,98.25,33.0,71.72,1.15,0.6,0.0089,0.0044,0.0515,0.1568,0
0.02,98.25,33.0,71.72,1.15,0.6,0.0089,0.0044,0.0604,0.1569,0
0.02,98.25,33.0,71.72,1.15,0.6,0.0509,0.0042,0.0623,0.1653,0
0.02,98.25,33.0,71.72,1.15,0.6,0.0509,0.0042,0.0688,0.1655,0
0.02,98.25,33.0,71.72,1.15,0.6,0.0509,0.0042,0.0715,0.1656,0
0.02,99.25,24.0,71.59,1.15,0.6,0.0086,0.0043,0.0333,0.3823,0
0.02,99.25,24.0,71.59,1.15,0.6,0.0086,0.0043,0.0348,0.3826,0
0.02,99.25,24.0,71.59,1.15,0.6,0.0086,0.0043,0.0383,0.3831,0
0.02,99.25,24.0,71.59,1.15,0.6,0.009,0.0045,0.0207,0.4163,0
0.02,99.25,24.0,71.59,1.15,0.6,0.009,0.0045,0.0252,0.4165,0
0.02,99.25,24.0,71.59,1.15,0.6,0.009,0.0045,0.0307,0.4166,0
0.02,99.25,24.0,71.59,1.15,0.6,0.0708,0.0043,0.0227,0.3784,0
0.02,99.25,24.0,71.59,1.15,0.6,0.0708,0.0043,0.0287,0.3786,0
0.02,99.25,24.0,71.59,1.15,0.6,0.0708,0.0043,0.0298,0.3787,0
0.02,99.25,24.0,71.59,1.15,0.6,0.0082,0.0041,0.0325,0.3099,0
0.02,99.25,24.0,71.59,1.15,0.6,0.0082,0.0041,0.0339,0.3101,0
0.02,99.25,24.0,71.59,1.15,0.6,0.0082,0.0041,0.0415,0.3104,0
0.02,98.5,12.0,71.8,1.15,0.6,0.0078,0.0039,0.0271,0.2289,0
0.02,98.5,12.0,71.8,1.15,0.6,0.0078,0.0039,0.0295,0.2291,0
0.02,98.5,12.0,71.8,1.15,0.6,0.0078,0.0039,0.0409,0.2292,0
0.02,98.5,12.0,71.8,1.15,0.6,0.0686,0.0044,0.0437,0.1953,0
0.02,98.5,12.0,71.8,1.15,0.6,0.0686,0.0044,0.0478,0.1955,0
0.02,98.5,12.0,71.8,1.15,0.6,0.0686,0.0044,0.0516,0.1957,0
0.02,100.0,0.0,72.43,1.16,0.52,0.0087,0.0044,0.2052,0.1047,1
0.02,100.0,0.0,72.43,1.16,0.52,0.0087,0.0044,0.211,0.1049,1
0.02,100.0,0.0,72.43,1.16,0.52,0.0087,0.0044,0.213,0.105,1
0.02,100.0,0.0,72.43,1.16,0.52,0.0089,0.0044,0.038,0.1576,0
0.02,100.0,0.0,72.43,1.16,0.52,0.0089,0.0044,0.0442,0.1578,0
0.02,100.0,0.0,72.43,1.16,0.52,0.0089,0.0044,0.0482,0.1579,0
0.02,100.0,0.0,72.43,1.16,0.52,0.0699,0.0042,0.0176,0.2066,0
0.02,100.0,0.0,72.43,1.16,0.52,0.0699,0.0042,0.0189,0.2068,0
0.02,100.0,0.0,72.43,1.16,0.52,0.0699,0.0042,0.0199,0.2069,0
0.02,99.25,11.0,72.58,1.16,0.52,0.0089,0.0045,0.0375,0.1622,0
0.02,99.25,11.0,72.58,1.16,0.52,0.0089,0.0045,0.0388,0.1624,0
0.02,99.25,11.0,72.58,1.16,0.52,0.0089,0.0045,0.0399,0.1625,0
0.02,99.25,11.0,72.58,1.16,0.52,0.0087,0.0044,0.0467,0.1117,0
0.02,99.25,11.0,72.58,1.16,0.52,0.0087,0.0044,0.0512,0.1119,0
0.02,99.25,11.0,72.58,1.16,0.52,0.0087,0.0044,0.0546,0.1121,0
0.02,99.25,11.0,72.58,1.16,0.52,0.0481,0.0045,0.0321,0.0988,0
0.02,99.25,11.0,72.58,1.16,0.52,0.0481,0.0045,0.0352,0.0991,0
0.02,99.25,11.0,72.58,1.16,0.52,0.0481,0.0045,0.0548,0.0993,0
0.02,99.25,11.0,72.58,1.16,0.52,0.009,0.0045,0.027,0.1461,0
0.02,99.25,11.0,72.58,1.16,0.52,0.009,0.0045,0.0359,0.1463,0
0.02,99.25,11.0,72.58,1.16,0.52,0.009,0.0045,0.0393,0.1464,0
0.02,99.25,7.0,72.68,1.16,0.52,0.0082,0.0041,0.0413,0.1552,0
0.02,99.25,7.0,72.68,1.16,0.52,0.0082,0.0041,0.0505,0.1554,0
0.02,99.25,7.0,72.68,1.16,0.52,0.0082,0.0041,0.0591,0.1555,0
0.02,99.25,7.0,72.68,1.16,0.52,0.0501,0.0042,0.0621,0.1125,0
0.01,99.25,7.0,72.68,1.32,0.48,0.0501,0.0042,0.0671,0.1127,0
0.01,99.25,7.0,72.68,1.32,0.48,0.0501,0.0042,0.0818,0.114,0
0.01,99.25,7.0,72.68,1.32,0.48,0.0096,0.0048,0.0266,0.1446,0
0.01,99.25,7.0,72.68,1.32,0.48,0.0096,0.0048,0.0288,0.1448,0
0.01,99.25,7.0,72.68,1.32,0.48,0.0096,0.0048,0.0488,0.1451,0
0.01,99.25,7.0,72.68,1.32,0.48,0.0086,0.0043,0.0224,0.1236,0
0.01,99.25,7.0,72.68,1.32,0.48,0.0086,0.0043,0.0267,0.1238,0
0.01,99.25,7.0,72.68,1.32,0.48,0.0086,0.0043,0.0436,0.1242,0
0.01,99.25,4.0,72.98,1.32,0.48,0.0669,0.0043,0.0222,0.1306,0
0.01,99.25,4.0,72.98,1.32,0.48,0.0669,0.0043,0.0247,0.1308,0
0.01,99.25,4.0,72.98,1.32,0.48,0.0669,0.0043,0.029,0.131,0
0.01,99.25,4.0,72.98,1.32,0.48,0.0086,0.0043,0.0537,0.1479,0
0.01,99.25,4.0,72.98,1.32,0.48,0.0086,0.0043,0.0733,0.1482,0
0.01,99.25,4.0,72.98,1.32,0.48,0.0086,0.0043,0.0753,0.1483,0
0.01,99.25,4.0,72.98,1.32,0.48,0.0088,0.0044,0.0449,0.1576,0
0.01,99.25,4.0,72.98,1.32,0.48,0.0088,0.0044,0.0481,0.1578,0
0.01,99.25,4.0,72.98,1.32,0.48,0.0088,0.0044,0.0535,0.1579,0
0.01,99.25,4.0,72.98,1.32,0.48,0.0572,0.0037,0.0375,0.1463,0
0.01,99.25,4.0,72.98,1.32,0.48,0.0572,0.0037,0.0462,0.1466,0
0.01,99.25,4.0,72.98,1.32,0.48,0.0572,0.0037,0.054,0.1468,0
0.01,99.25,15.0,73.26,1.32,0.48,0.0078,0.0039,0.0231,0.1441,0
0.01,99.25,15.0,73.26,1.32,0.48,0.0078,0.0039,0.0243,0.1445,0
0.01,99.25,15.0,73.26,1.32,0.48,0.0078,0.0039,0.0331,0.1446,0
0.01,99.25,15.0,73.26,1.32,0.48,0.0087,0.0044,0.0234,0.1816,0
0.01,99.25,15.0,73.26,1.32,0.48,0.0087,0.0044,0.0247,0.1818,0
0.01,99.25,15.0,73.26,1.32,0.48,0.0087,0.0044,0.0259,0.1822,0
0.01,99.25,15.0,73.26,1.32,0.48,0.0524,0.0045,0.0266,0.1722,0
0.01,99.25,15.0,73.26,1.32,0.48,0.0524,0.0045,0.0401,0.1724,0
0.01,99.25,15.0,73.26,1.32,0.48,0.0524,0.0045,0.0527,0.1726,0
0.01,99.25,5.0,73.69,1.32,0.48,0.0085,0.0042,0.0316,0.1765,0
0.01,99.25,5.0,73.69,1.32,0.48,0.0085,0.0042,0.0357,0.1769,0
0.01,99.25,5.0,73.69,1.32,0.48,0.0085,0.0042,0.0392,0.1771,0
0.03,99.25,5.0,73.69,1.52,0.46,0.0083,0.0042,0.0343,0.1839,0
0.03,99.25,5.0,73.69,1.52,0.46,0.0083,0.0042,0.0455,0.1842,0
0.03,99.25,5.0,73.69,1.52,0.46,0.0083,0.0042,0.0471,0.1843,0
0.03,99.25,5.0,73.69,1.52,0.46,0.0471,0.0043,0.0464,0.175,0
0.03,99.25,5.0,73.69,1.52,0.46,0.0471,0.0043,0.0519,0.1752,0
0.03,99.25,5.0,73.69,1.52,0.46,0.0471,0.0043,0.057,0.1754,0
0.03,99.25,5.0,73.69,1.52,0.46,0.0096,0.0048,0.0313,0.1398,0
0.03,99.25,5.0,73.69,1.52,0.46,0.0096,0.0048,0.0485,0.14,0
0.03,99.25,5.0,73.69,1.52,0.46,0.0096,0.0048,0.0597,0.1401,0
0.03,99.25,0.0,74.32,1.52,0.46,0.0094,0.0047,0.0274,0.1489,0
0.03,99.25,0.0,74.32,1.52,0.46,0.0094,0.0047,0.0388,0.1492,0
0.03,99.25,0.0,74.32,1.52,0.46,0.0094,0.0047,0.0398,0.1493,0
0.03,99.25,0.0,74.32,1.52,0.46,0.0539,0.0045,0.0517,0.1865,0
0.03,99.25,0.0,74.32,1.52,0.46,0.0539,0.0045,0.057,0.1867,0
0.03,99.25,0.0,74.32,1.52,0.46,0.0539,0.0045,0.0652,0.1868,0
0.03,99.25,0.0,74.32,1.52,0.46,0.0079,0.004,0.0358,0.1901,0
0.03,99.25,0.0,74.32,1.52,0.46,0.0079,0.004,0.0379,0.1903,0
0.03,99.25,0.0,74.32,1.52,0.46,0.0079,0.004,0.0451,0.1905,0
0.03,99.25,0.0,74.32,1.52,0.46,0.0094,0.0047,0.024,0.1573,0
0.03,99.25,0.0,74.32,1.52,0.46,0.0094,0.0047,0.0253,0.1576,0
0.03,99.25,0.0,74.32,1.52,0.46,0.0094,0.0047,0.0334,0.1577,0
0.03,100.0,14.0,74.67,1.52,0.46,0.0487,0.0048,0.0181,0.2349,0
0.03,100.0,14.0,74.67,1.52,0.46,0.0487,0.0048,0.0308,0.2351,0
0.03,100.0,14.0,74.67,1.52,0.46,0.0487,0.0048,0.035,0.2352,0
0.03,100.0,14.0,74.67,1.52,0.46,0.0085,0.0042,0.0361,0.1895,0
0.03,100.0,14.0,74.67,1.52,0.46,0.0085,0.0042,0.0399,0.1897,0
0.03,100.0,14.0,74.67,1.52,0.46,0.0085,0.0042,0.0427,0.1898,0
0.03,100.0,14.0,74.67,1.52,0.46,0.0083,0.0041,0.0181,0.1597,0
0.03,100.0,14.0,74.67,1.52,0.46,0.0083,0.0041,0.025,0.16,0
0.03,100.0,14.0,74.67,1.52,0.46,0.0083,0.0041,0.0263,0.1602,0
0.03,97.75,0.0,74.77,1.52,0.46,0.0779,0.0042,0.0487,0.159,0
0.02,97.75,0.0,74.77,1.93,0.45,0.0779,0.0042,0.0734,0.1592,0
0.02,97.75,0.0,74.77,1.93,0.45,0.0779,0.0042,0.0747,0.1593,0
0.02,97.75,0.0,74.77,1.93,0.45,0.0091,0.0045,0.0386,0.1789,0
0.02,97.75,0.0,74.77,1.93,0.45,0.0091,0.0045,0.0451,0.1791,0
0.02,97.75,0.0,74.77,1.93,0.45,0.0091,0.0045,0.0537,0.1792,0
0.02,97.75,0.0,74.77,1.93,0.45,0.0092,0.0046,0.0186,0.1448,0
0.02,97.75,0.0,74.77,1.93,0.45,0.0092,0.0046,0.0372,0.145,0
0.02,97.75,0.0,74.77,1.93,0.45,0.0092,0.0046,0.0409,0.1452,0
0.02,97.75,0.0,74.77,1.93,0.45,0.056,0.0044,0.0304,0.1288,0
0.02,97.75,0.0,74.77,1.93,0.45,0.056,0.0044,0.0381,0.1291,0
0.02,97.75,0.0,74.77,1.93,0.45,0.056,0.0044,0.0436,0.1293,0
0.02,100.0,0.0,74.97,1.93,0.45,0.0081,0.004,0.0258,0.1461,0
0.02,100.0,0.0,74.97,1.93,0.45,0.0081,0.004,0.0325,0.1464,0
0.02,100.0,0.0,74.97,1.93,0.45,0.0081,0.004,0.0372,0.1467,0
0.02,100.0,0.0,74.97,1.93,0.45,0.0097,0.0048,0.0494,0.132,0
0.02,100.0,0.0,74.97,1.93,0.45,0.0097,0.0048,0.0614,0.1324,0
0.02,100.0,0.0,74.97,1.93,0.45,0.0097,0.0048,0.0628,0.1325,0
0.02,100.0,0.0,74.97,1.93,0.45,0.0572,0.005,0.0256,0.1372,0
0.02,100.0,0.0,74.97,1.93,0.45,0.0572,0.005,0.0292,0.1375,0
0.02,100.0,0.0,74.97,1.93,0.45,0.0572,0.005,0.0464,0.1378,0
0.02,100.0,0.0,74.97,1.93,0.45,0.0097,0.0048,0.0184,0.1911,0
0.02,100.0,0.0,74.97,1.93,0.45,0.0097,0.0048,0.0198,0.1913,0
0.02,100.0,0.0,74.97,1.93,0.45,0.0097,0.0048,0.0231,0.1914,0
0.02,99.25,0.0,75.18,1.93,0.45,0.0089,0.0044,0.0162,0.1828,0
0.02,99.25,0.0,75.18,1.93,0.45,0.0089,0.0044,0.0177,0.183,0
0.02,99.25,0.0,75.18,1.93,0.45,0.0089,0.0044,0.0189,0.1831,0
0.02,99.25,0.0,75.18,1.93,0.45,0.0704,0.0043,0.0271,0.1448,0
0.02,99.25,0.0,75.18,1.93,0.45,0.0704,0.0043,0.0346,0.1451,0
0.02,99.25,0.0,75.18,1.93,0.45,0.0704,0.0043,0.0433,0.2096,0
0.02,99.25,0.0,75.18,1.93,0.45,0.0084,0.0042,0.0228,0.2575,0
0.02,99.25,0.0,75.18,1.93,0.45,0.0084,0.0042,0.0269,0.2577,0
0.02,99.25,0.0,75.18,1.93,0.45,0.0084,0.0042,0.0304,0.2579,0
0.03,99.25,25.0,75.91,1.22,0.51,0.0083,0.0042,0.0182,0.1873,0
0.03,99.25,25.0,75.91,1.22,0.51,0.0083,0.0042,0.0195,0.1875,0
0.03,99.25,25.0,75.91,1.22,0.51,0.0083,0.0042,0.0216,0.1876,0
0.03,99.25,25.0,75.91,1.22,0.51,0.0629,0.0041,0.0248,0.1922,0
0.03,99.25,25.0,75.91,1.22,0.51,0.0629,0.0041,0.0291,0.1924,0
0.03,99.25,25.0,75.91,1.22,0.51,0.0629,0.0041,0.0302,0.1926,0
0.03,99.25,25.0,75.91,1.22,0.51,0.0088,0.0044,0.0242,0.2593,0
0.03,99.25,25.0,75.91,1.22,0.51,0.0088,0.0044,0.029,0.2596,0
0.03,99.25,25.0,75.91,1.22,0.51,0.0088,0.0044,0.0301,0.2598,0
0.03,99.25,25.0,75.91,1.22,0.51,0.0086,0.0043,0.0212,0.5423,0
0.03,99.25,25.0,75.91,1.22,0.51,0.0086,0.0043,0.0311,0.5425,0
0.03,99.25,25.0,75.91,1.22,0.51,0.0086,0.0043,0.0323,0.5427,0
0.03,97.75,0.0,76.01,1.22,0.51,0.0534,0.0049,0.0303,0.4905,0
0.03,97.75,0.0,76.01,1.22,0.51,0.0534,0.0049,0.0367,0.4907,0
0.03,97.75,0.0,76.01,1.22,0.51,0.0534,0.0049,0.0413,0.4909,0
0.03,97.75,0.0,76.01,1.22,0.51,0.009,0.0045,0.0269,0.4578,0
0.03,97.75,0.0,76.01,1.22,0.51,0.009,0.0045,0.0443,0.4581,0
0.03,97.75,0.0,76.01,1.22,0.51,0.009,0.0045,0.0454,0.4583,0
0.03,97.75,0.0,76.01,1.22,0.51,0.0086,0.0043,0.0208,0.4646,0
0.03,97.75,0.0,76.01,1.22,0.51,0.0086,0.0043,0.0223,0.4648,0
0.03,97.75,0.0,76.01,1.22,0.51,0.0086,0.0043,0.0234,0.465,0
0.03,98.5,0.0,76.26,1.22,0.51,0.0567,0.0041,0.025,0.4751,0
0.03,98.5,0.0,76.26,1.22,0.51,0.0567,0.0041,0.0264,0.4753,0
0.03,98.5,0.0,76.26,1.22,0.51,0.0567,0.0041,0.0276,0.4755,0
0.03,98.5,0.0,76.26,1.22,0.51,0.0083,0.0041,0.0246,0.44,0
0.03,98.5,0.0,76.26,1.22,0.51,0.0083,0.0041,0.0259,0.4404,0
0.03,98.5,0.0,76.26,1.22,0.51,0.0083,0.0041,0.0269,0.4411,0
0.03,98.5,0.0,76.26,1.22,0.51,0.0085,0.0043,0.0245,0.3365,0
0.03,98.5,0.0,76.26,1.22,0.51,0.0085,0.0043,0.0293,0.3367,0
0.03,98.5,0.0,76.26,1.22,0.51,0.0085,0.0043,0.0422,0.3372,0
0.02,98.5,0.0,76.26,1.22,0.47,0.047,0.0038,0.033,0.2901,0
0.02,98.5,0.0,76.26,1.22,0.47,0.047,0.0038,0.0476,0.2904,0
0.02,98.5,0.0,76.26,1.22,0.47,0.047,0.0038,0.0513,0.2906,0
0.02,100.0,0.0,76.59,1.22,0.47,0.0086,0.0043,0.0218,0.3088,0
0.02,100.0,0.0,76.59,1.22,0.47,0.0086,0.0043,0.0315,0.309,0
0.02,100.0,0.0,76.59,1.22,0.47,0.0086,0.0043,0.0356,0.3091,0
0.02,100.0,0.0,77.14,1.22,0.47,0.0082,0.0041,0.1734,0.3872,0
0.02,100.0,0.0,77.14,1.22,0.47,0.0082,0.0041,0.1748,0.3874,0
0.02,100.0,0.0,77.14,1.22,0.47,0.0082,0.0041,0.1766,0.3876,0
0.02,100.0,0.0,77.14,1.22,0.47,0.0629,0.0044,0.0943,0.2833,0
0.02,100.0,0.0,77.14,1.22,0.47,0.0629,0.0044,0.0955,0.2836,0
0.02,100.0,0.0,77.14,1.22,0.47,0.0629,0.0044,0.097,0.2838,0
0.02,100.0,0.0,77.14,1.22,0.47,0.0088,0.0044,0.0214,0.2871,0
0.02,100.0,0.0,77.14,1.22,0.47,0.0088,0.0044,0.0252,0.2874,0
0.02,100.0,0.0,77.14,1.22,0.47,0.0088,0.0044,0.0264,0.2905,0
0.02,100.0,0.0,77.14,1.22,0.47,0.0092,0.0046,0.0223,0.383,0
0.02,100.0,0.0,77.14,1.22,0.47,0.0092,0.0046,0.0259,0.3833,0
0.02,100.0,0.0,77.14,1.22,0.47,0.0092,0.0046,0.0329,0.3834,0
0.02,100.0,0.0,77.9,1.22,0.47,0.0459,0.0045,0.0264,0.3053,0
0.02,100.0,0.0,77.9,1.22,0.47,0.0459,0.0045,0.0278,0.3057,0
0.02,100.0,0.0,77.9,1.22,0.47,0.0459,0.0045,0.0512,0.3059,0
0.02,100.0,0.0,77.9,1.22,0.47,0.0089,0.0044,0.0303,0.5144,0
0.02,100.0,0.0,77.9,1.22,0.47,0.0089,0.0044,0.0317,0.5146,0
0.02,100.0,0.0,77.9,1.22,0.47,0.0089,0.0044,0.0329,0.5148,0
0.02,100.0,0.0,77.9,1.22,0.47,0.0088,0.0044,0.0498,0.3114,0
0.02,100.0,0.0,77.9,1.22,0.47,0.0088,0.0044,0.0538,0.3118,0
0.02,100.0,0.0,77.9,1.22,0.47,0.0088,0.0044,0.0565,0.3121,0
0.02,100.0,0.0,77.9,2.75,0.61,0.0534,0.004,0.0256,0.2316,0
0.02,100.0,0.0,77.9,2.75,0.61,0.0534,0.004,0.0353,0.2318,0
0.02,100.0,0.0,77.9,2.75,0.61,0.0534,0.004,0.0365,0.232,0
0.02,98.5,26.0,77.98,2.75,0.61,0.0089,0.0044,0.0353,0.2397,0
0.02,98.5,26.0,77.98,2.75,0.61,0.0089,0.0044,0.0391,0.24,0
0.02,98.5,26.0,77.98,2.75,0.61,0.0089,0.0044,0.0403,0.2403,0
0.02,98.5,26.0,77.98,2.75,0.61,0.009,0.0045,0.025,0.2623,0
0.02,98.5,26.0,77.98,2.75,0.61,0.009,0.0045,0.0331,0.2625,0
0.02,98.5,26.0,77.98,2.75,0.61,0.009,0.0045,0.036,0.2626,0
0.02,98.5,26.0,77.98,2.75,0.61,0.0593,0.0041,0.0282,0.2722,0
0.02,98.5,26.0,77.98,2.75,0.61,0.0593,0.0041,0.0429,0.2724,0
0.02,98.5,26.0,77.98,2.75,0.61,0.0593,0.0041,0.053,0.2726,0
0.02,98.5,26.0,77.98,2.75,0.61,0.0078,0.0039,0.0275,0.1565,0
0.02,98.5,26.0,77.98,2.75,0.61,0.0078,0.0039,0.0472,0.157,0
0.02,98.5,26.0,77.98,2.75,0.61,0.0078,0.0039,0.0507,0.1572,0
0.02,98.5,16.0,78.15,2.75,0.61,0.0091,0.0045,0.0335,0.1503,0
0.02,98.5,16.0,78.15,2.75,0.61,0.0091,0.0045,0.0347,0.1505,0
0.02,98.5,16.0,78.15,2.75,0.61,0.0091,0.0045,0.0407,0.1507,0
0.02,98.5,16.0,78.15,2.75,0.61,0.0515,0.0045,0.0248,0.1877,0
0.02,98.5,16.0,78.15,2.75,0.61,0.0515,0.0045,0.0267,0.1878,0
0.02,98.5,16.0,78.15,2.75,0.61,0.0515,0.0045,0.0362,0.188,0
0.02,98.5,16.0,78.15,2.75,0.61,0.0078,0.0039,0.02,0.1628,0
0.02,98.5,16.0,78.15,2.75,0.61,0.0078,0.0039,0.0217,0.163,0
0.02,98.5,16.0,78.15,2.75,0.61,0.0078,0.0039,0.0231,0.1631,0
0.02,100.0,0.0,78.36,2.75,0.61,0.0082,0.0041,0.0291,0.1354,0
0.02,100.0,0.0,78.36,2.75,0.61,0.0082,0.0041,0.0349,0.1356,0
0.02,100.0,0.0,78.36,2.75,0.61,0.0082,0.0041,0.039,0.1358,0
0.02,100.0,0.0,78.36,2.75,0.61,0.0556,0.0044,0.0652,0.1235,0
0.02,100.0,0.0,78.36,2.75,0.61,0.0556,0.0044,0.0703,0.1249,0
0.02,100.0,0.0,78.36,2.75,0.61,0.0556,0.0044,0.0753,0.1251,0
0.02,100.0,0.0,78.36,4.64,0.74,0.0077,0.0039,0.0381,0.1198,0
0.02,100.0,0.0,78.36,4.64,0.74,0.0077,0.0039,0.0406,0.12,0
0.02,100.0,0.0,78.36,4.64,0.74,0.0077,0.0039,0.0517,0.1201,0
0.02,100.0,0.0,78.36,4.64,0.74,0.0087,0.0044,0.0317,0.0965,0
0.02,100.0,0.0,78.36,4.64,0.74,0.0087,0.0044,0.0449,0.0968,0
0.02,100.0,0.0,78.36,4.64,0.74,0.0087,0.0044,0.0551,0.097,0
0.02,99.25,20.0,78.51,4.64,0.74,0.0607,0.0045,0.0418,0.0733,0
0.02,99.25,20.0,78.51,4.64,0.74,0.0607,0.0045,0.0511,0.0735,0
0.02,99.25,20.0,78.51,4.64,0.74,0.0607,0.0045,0.0552,0.0736,0
0.02,99.25,20.0,78.51,4.64,0.74,0.009,0.0045,0.0396,0.1168,0
0.02,99.25,20.0,78.51,4.64,0.74,0.009,0.0045,0.0468,0.1171,0
0.02,99.25,20.0,78.51,4.64,0.74,0.009,0.0045,0.0491,0.1172,0
0.02,99.25,20.0,78.51,4.64,0.74,0.0091,0.0045,0.0238,0.1688,0
0.02,99.25,20.0,78.51,4.64,0.74,0.0091,0.0045,0.0265,0.169,0
0.02,99.25,20.0,78.51,4.64,0.74,0.0091,0.0045,0.0314,0.1691,0
0.02,99.25,20.0,78.51,4.64,0.74,0.0535,0.0042,0.0779,0.159,0
0.02,99.25,20.0,78.51,4.64,0.74,0.0535,0.0042,0.0818,0.1592,0
0.02,99.25,20.0,78.51,4.64,0.74,0.0535,0.0042,0.0887,0.1593,0
0.02,100.0,0.0,79.16,4.64,0.74,0.0085,0.0043,0.0578,0.1853,0
0.02,100.0,0.0,79.16,4.64,0.74,0.0085,0.0043,0.0626,0.1856,0
0.02,100.0,0.0,79.16,4.64,0.74,0.0085,0.0043,0.0677,0.1857,0
0.02,100.0,0.0,79.16,4.64,0.74,0.009,0.0045,0.0219,0.1746,0
0.02,100.0,0.0,79.16,4.64,0.74,0.009,0.0045,0.025,0.1748,0
0.02,100.0,0.0,79.16,4.64,0.74,0.009,0.0045,0.0366,0.1749,0
0.02,100.0,0.0,79.16,4.64,0.74,0.0749,0.004,0.0255,0.17,0
0.02,100.0,0.0,79.16,4.64,0.74,0.0749,0.004,0.0414,0.1702,0
0.02,100.0,0.0,79.16,4.64,0.74,0.0749,0.004,0.0469,0.1703,0
0.02,100.0,0.0,79.16,4.64,0.74,0.0089,0.0045,0.0319,0.1501,0
0.02,100.0,0.0,79.16,4.64,0.74,0.0089,0.0045,0.0352,0.1502,0
0.02,100.0,0.0,79.16,4.64,0.74,0.0089,0.0045,0.0382,0.1504,0
0.02,97.75,6.0,79.62,4.64,0.74,0.0082,0.0041,0.037,0.193,0
0.02,97.75,6.0,79.62,4.64,0.74,0.0082,0.0041,0.0382,0.1932,0
0.02,97.75,6.0,79.62,4.64,0.74,0.0082,0.0041,0.0393,0.1933,0
0.02,97.75,6.0,79.62,1.08,0.91,0.0626,0.004,0.035,0.1738,0
0.02,97.75,6.0,79.62,1.08,0.91,0.0626,0.004,0.0365,0.1766,0
0.02,97.75,6.0,79.62,1.08,0.91,0.0626,0.004,0.0377,0.1779,0
0.02,97.75,6.0,79.62,1.08,0.91,0.0086,0.0043,0.022,0.2445,0
0.02,97.75,6.0,79.62,1.08,0.91,0.0086,0.0043,0.0271,0.2447,0
0.02,97.75,6.0,79.62,1.08,0.91,0.0086,0.0043,0.032,0.2448,0
0.02,97.75,6.0,79.62,1.08,0.91,0.0087,0.0044,0.0177,0.2247,0
0.02,97.75,6.0,79.62,1.08,0.91,0.0087,0.0044,0.0209,0.2249,0
0.02,97.75,6.0,79.62,1.08,0.91,0.0087,0.0044,0.0222,0.2255,0
0.02,100.0,0.0,79.89,1.08,0.91,0.0539,0.0045,0.036,0.1703,0
0.02,100.0,0.0,79.89,1.08,0.91,0.0539,0.0045,0.0519,0.1705,0
0.02,100.0,0.0,79.89,1.08,0.91,0.0539,0.0045,0.0575,0.1706,0
0.02,100.0,0.0,79.89,1.08,0.91,0.0088,0.0044,0.0751,0.1454,0
0.02,100.0,0.0,79.89,1.08,0.91,0.0088,0.0044,0.0762,0.1456,0
0.02,100.0,0.0,79.89,1.08,0.91,0.0088,0.0044,0.0774,0.1457,0
0.02,100.0,0.0,79.89,1.08,0.91,0.0083,0.0042,0.0934,0.1111,0
0.02,100.0,0.0,79.89,1.08,0.91,0.0083,0.0042,0.0977,0.1113,0
0.02,100.0,0.0,79.89,1.08,0.91,0.0083,0.0042,0.1081,0.1115,0
0.02,100.0,0.0,79.89,1.08,0.91,0.0458,0.0044,0.045,0.3182,0
0.02,100.0,0.0,79.89,1.08,0.91,0.0458,0.0044,0.0462,0.3184,0
0.02,100.0,0.0,79.89,1.08,0.91,0.0458,0.0044,0.0484,0.3187,0
0.02,100.0,19.0,80.07,1.08,0.91,0.0083,0.0042,0.0621,0.3525,0
0.02,100.0,19.0,80.07,1.08,0.91,0.0083,0.0042,0.0636,0.3527,0
0.02,100.0,19.0,80.07,1.08,0.91,0.0083,0.0042,0.0676,0.3528,0
0.02,100.0,19.0,80.07,1.08,0.91,0.0092,0.0046,0.0427,0.3004,0
0.02,100.0,19.0,80.07,1.08,0.91,0.0092,0.0046,0.0449,0.3006,0
0.02,100.0,19.0,80.07,1.08,0.91,0.0092,0.0046,0.0646,0.3008,0
0.02,100.0,19.0,80.07,1.08,0.91,0.0455,0.0042,0.0531,0.2223,0
0.02,100.0,19.0,80.07,1.08,0.91,0.0455,0.0042,0.0562,0.2225,0
0.02,100.0,19.0,80.07,1.08,0.91,0.0455,0.0042,0.0574,0.2226,0
0.02,100.0,0.0,80.47,1.08,0.91,0.0075,0.0038,0.0492,0.1854,0
0.02,100.0,0.0,80.47,1.08,0.91,0.0075,0.0038,0.0504,0.1857,0
0.02,100.0,0.0,80.47,1.08,0.91,0.0075,0.0038,0.0539,0.1858,0
0.01,100.0,0.0,80.47,1.1,0.9,0.0089,0.0045,0.0365,0.1733,0
0.01,100.0,0.0,80.47,1.1,0.9,0.0089,0.0045,0.0379,0.1735,0
0.01,100.0,0.0,80.47,1.1,0.9,0.0089,0.0045,0.0438,0.1737,0
0.01,100.0,0.0,80.47,1.1,0.9,0.0583,0.0041,0.0249,0.2087,0
0.01,100.0,0.0,80.47,1.1,0.9,0.0583,0.0041,0.0262,0.209,0
0.01,100.0,0.0,80.47,1.1,0.9,0.0583,0.0041,0.0383,0.2091,0
0.01,100.0,0.0,80.47,1.1,0.9,0.0087,0.0044,0.0265,0.2096,0
0.01,100.0,0.0,80.47,1.1,0.9,0.0087,0.0044,0.0336,0.2099,0
0.01,100.0,0.0,80.47,1.1,0.9,0.0087,0.0044,0.0492,0.21,0
0.01,99.25,10.0,80.47,1.1,0.9,0.0091,0.0045,0.0383,0.2181,0
0.01,99.25,10.0,80.47,1.1,0.9,0.0091,0.0045,0.0396,0.2183,0
0.01,99.25,10.0,80.47,1.1,0.9,0.0091,0.0045,0.0409,0.2184,0
0.01,99.25,10.0,80.47,1.1,0.9,0.0683,0.0045,0.0962,0.2191,0
0.01,99.25,10.0,80.47,1.1,0.9,0.0683,0.0045,0.1024,0.2232,0
0.01,99.25,10.0,80.47,1.1,0.9,0.0683,0.0045,0.1076,0.2236,0
0.01,99.25,10.0,80.47,1.1,0.9,0.0092,0.0046,0.163,0.2457,0
0.01,99.25,10.0,80.47,1.1,0.9,0.0092,0.0046,0.1716,0.2459,0
0.01,99.25,10.0,80.47,1.1,0.9,0.0092,0.0046,0.2022,0.246,0
0.01,100.0,0.0,80.8,1.1,0.9,0.0091,0.0046,0.1218,0.4226,0
0.01,100.0,0.0,80.8,1.1,0.9,0.0091,0.0046,0.1269,0.4228,0
0.01,100.0,0.0,80.8,1.1,0.9,0.0091,0.0046,0.1318,0.4229,0
0.01,100.0,0.0,80.8,1.1,0.9,0.0535,0.0049,0.0848,0.3906,0
0.01,100.0,0.0,80.8,1.1,0.9,0.0535,0.0049,0.086,0.3908,0
0.01,100.0,0.0,80.8,1.1,0.9,0.0535,0.0049,0.1077,0.3909,0
0.01,100.0,0.0,80.8,1.1,0.9,0.0097,0.0049,0.0602,0.4167,0
0.01,100.0,0.0,80.8,1.1,0.9,0.0097,0.0049,0.0657,0.4169,0
0.01,100.0,0.0,80.8,1.1,0.9,0.0097,0.0049,0.0698,0.4171,0
0.03,99.25,0.0,81.61,1.27,0.79,0.0081,0.0041,0.0262,0.3333,0
0.03,99.25,0.0,81.61,1.27,0.79,0.0081,0.0041,0.0278,0.3335,0
0.03,99.25,0.0,81.61,1.27,0.79,0.0081,0.0041,0.0421,0.3337,0
0.03,99.25,0.0,81.61,1.27,0.79,0.0543,0.0044,0.0296,0.3419,0
0.03,99.25,0.0,81.61,1.27,0.79,0.0543,0.0044,0.0341,0.3421,0
0.03,99.25,0.0,81.61,1.27,0.79,0.0543,0.0044,0.0419,0.3423,0
0.03,99.25,0.0,81.61,1.27,0.79,0.0091,0.0046,0.0181,0.2828,0
0.03,99.25,0.0,81.61,1.27,0.79,0.0091,0.0046,0.023,0.283,0
0.03,99.25,0.0,81.61,1.27,0.79,0.0091,0.0046,0.0559,0.2831,0
0.03,99.25,0.0,81.61,1.27,0.79,0.01,0.005,0.0637,0.2877,0
0.03,99.25,0.0,81.61,1.27,0.79,0.01,0.005,0.0842,0.288,0
0.03,99.25,0.0,81.61,1.27,0.79,0.01,0.005,0.0893,0.2881,0
0.03,100.0,0.0,81.94,1.27,0.79,0.0478,0.0046,0.3761,0.2655,1
0.03,100.0,0.0,81.94,1.27,0.79,0.0478,0.0046,0.4282,0.2657,1
0.03,100.0,0.0,81.94,1.27,0.79,0.0478,0.0046,0.5725,0.2659,1
0.01,100.0,21.0,81.96,1.42,0.8,0.0087,0.0043,0.4301,0.1224,1
0.01,100.0,21.0,81.96,1.42,0.8,0.0087,0.0043,0.4365,0.1226,1
0.01,100.0,21.0,81.96,1.42,0.8,0.0087,0.0043,0.4436,0.1227,1
0.01,100.0,21.0,81.96,1.42,0.8,0.0085,0.0042,0.2527,0.0866,1
0.01,100.0,21.0,81.96,1.42,0.8,0.0085,0.0042,0.2625,0.0868,1
0.01,100.0,21.0,81.96,1.42,0.8,0.0085,0.0042,0.2744,0.0869,1
0.01,100.0,18.0,81.89,1.42,0.8,0.0528,0.0045,0.22,0.0774,1
0.01,100.0,18.0,81.89,1.42,0.8,0.0528,0.0045,0.2215,0.0776,1
0.01,100.0,18.0,81.89,1.42,0.8,0.0528,0.0045,0.2291,0.0778,1
0.01,100.0,18.0,81.89,1.42,0.8,0.0095,0.0047,0.1307,0.0748,1
0.01,100.0,18.0,81.89,1.42,0.8,0.0095,0.0047,0.132,0.0751,1
0.01,100.0,18.0,81.89,1.42,0.8,0.0095,0.0047,0.1377,0.0763,1
0.01,100.0,18.0,81.89,1.42,0.8,0.0086,0.0043,0.105,0.0911,1
0.01,100.0,18.0,81.89,1.42,0.8,0.0086,0.0043,0.1067,0.0913,1
0.01,100.0,18.0,81.89,1.42,0.8,0.0086,0.0043,0.108,0.0914,1
0.01,99.25,18.0,81.84,1.42,0.8,0.0618,0.0044,0.262,0.104,1
0.01,99.25,18.0,81.84,1.42,0.8,0.0618,0.0044,0.2804,0.1042,1
0.01,99.25,18.0,81.84,1.42,0.8,0.0618,0.0044,0.2818,0.1043,1
0.01,99.25,18.0,81.84,1.42,0.8,0.0083,0.0042,0.2271,0.0902,1
0.01,99.25,18.0,81.84,1.42,0.8,0.0083,0.0042,0.2288,0.0903,1
0.01,99.25,18.0,81.84,1.42,0.8,0.0083,0.0042,0.2305,0.0905,1
0.01,99.25,18.0,81.84,1.42,0.8,0.0088,0.0044,0.128,0.1328,0
0.01,99.25,18.0,81.84,1.42,0.8,0.0088,0.0044,0.1317,0.1331,0
0.01,99.25,18.0,81.84,1.42,0.8,0.0088,0.0044,0.1362,0.1332,1
0.01,97.75,0.0,80.42,1.42,0.8,0.0638,0.0046,0.115,0.1078,1
0.01,97.75,0.0,80.42,1.42,0.8,0.0638,0.0046,0.1214,0.108,1
0.01,97.75,0.0,80.42,1.42,0.8,0.0638,0.0046,0.1267,0.1082,1
0.02,97.75,0.0,80.42,1.33,0.79,0.0089,0.0045,0.1096,0.0647,1
0.02,97.75,0.0,80.42,1.33,0.79,0.0089,0.0045,0.1249,0.0649,1
0.02,97.75,0.0,80.42,1.33,0.79,0.0089,0.0045,0.1278,0.0651,1
0.02,97.75,0.0,80.42,1.33,0.79,0.0087,0.0043,0.056,0.0841,0
0.02,97.75,0.0,80.42,1.33,0.79,0.0087,0.0043,0.0572,0.0842,0
0.02,97.75,0.0,80.42,1.33,0.79,0.0087,0.0043,0.0582,0.0844,0
0.02,97.75,0.0,80.42,1.33,0.79,0.0549,0.0043,0.0487,0.0865,0
0.02,97.75,0.0,80.42,1.33,0.79,0.0549,0.0043,0.0508,0.0866,0
0.02,97.75,0.0,80.42,1.33,0.79,0.0549,0.0043,0.0564,0.0868,0
0.02,100.0,0.0,80.95,1.33,0.79,0.0085,0.0043,0.0661,0.0887,0
0.02,100.0,0.0,80.95,1.33,0.79,0.0085,0.0043,0.0692,0.0889,0
0.02,100.0,0.0,80.95,1.33,0.79,0.0085,0.0043,0.0754,0.089,0
0.02,100.0,0.0,80.95,1.33,0.79,0.0084,0.0042,0.0443,0.1301,0
0.02,100.0,0.0,80.95,1.33,0.79,0.0084,0.0042,0.0484,0.1304,0
0.02,100.0,0.0,80.95,1.33,0.79,0.0084,0.0042,0.0503,0.1306,0
0.02,100.0,0.0,80.95,1.33,0.79,0.0674,0.0043,0.0489,0.1027,0
0.02,100.0,0.0,80.95,1.33,0.79,0.0674,0.0043,0.0521,0.1094,0
0.02,100.0,0.0,80.95,1.33,0.79,0.0674,0.0043,0.0615,0.1096,0
0.02,98.5,0.0,81.99,1.33,0.79,0.0093,0.0046,0.0601,0.0874,0
0.02,98.5,0.0,81.99,1.33,0.79,0.0093,0.0046,0.066,0.0877,0
0.02,98.5,0.0,81.99,1.33,0.79,0.0093,0.0046,0.0707,0.0878,0
0.02,98.5,0.0,81.99,1.33,0.79,0.0091,0.0045,0.0345,0.0689,0
0.02,98.5,0.0,81.99,1.33,0.79,0.0091,0.0045,0.0402,0.0691,0
0.02,98.5,0.0,81.99,1.33,0.79,0.0091,0.0045,0.0424,0.0693,0
0.02,98.5,0.0,81.99,1.33,0.79,0.0525,0.0049,0.0282,0.0861,0
0.02,98.5,0.0,81.99,1.33,0.79,0.0525,0.0049,0.0296,0.0863,0
0.02,98.5,0.0,81.99,1.33,0.79,0.0525,0.0049,0.0307,0.0864,0
0.02,98.5,0.0,81.99,1.33,0.79,0.0095,0.0047,0.0461,0.0907,0
0.02,98.5,0.0,81.99,1.33,0.79,0.0095,0.0047,0.0486,0.0908,0
0.02,98.5,0.0,81.99,1.33,0.79,0.0095,0.0047,0.0656,0.0909,0
0.02,100.0,19.0,83.17,10.94,1.65,0.0087,0.0044,0.0403,0.086,0
0.02,100.0,19.0,83.17,10.94,1.65,0.0087,0.0044,0.0414,0.0862,0
0.02,100.0,19.0,83.17,10.94,1.65,0.0087,0.0044,0.0446,0.0864,0
0.02,100.0,19.0,83.17,10.94,1.65,0.0517,0.0044,0.0228,0.1004,0
0.02,100.0,19.0,83.17,10.94,1.65,0.0517,0.0044,0.0398,0.1006,0
0.02,100.0,19.0,83.17,10.94,1.65,0.0517,0.0044,0.041,0.1007,0
0.02,100.0,19.0,83.17,10.94,1.65,0.0089,0.0045,0.0233,0.1414,0
0.02,100.0,19.0,83.17,10.94,1.65,0.0089,0.0045,0.025,0.1416,0
0.02,100.0,19.0,83.17,10.94,1.65,0.0089,0.0045,0.0261,0.142,0
0.02,100.0,0.0,83.32,10.94,1.65,0.0093,0.0047,0.0225,0.1384,0
0.02,100.0,0.0,83.32,10.94,1.65,0.0093,0.0047,0.0312,0.1385,0
0.02,100.0,0.0,83.32,10.94,1.65,0.0093,0.0047,0.0361,0.1387,0
0.02,100.0,0.0,83.32,10.94,1.65,0.0549,0.0045,0.0333,0.1098,0
0.02,100.0,0.0,83.32,10.94,1.65,0.0549,0.0045,0.0346,0.1134,0
0.02,100.0,0.0,83.32,10.94,1.65,0.0549,0.0045,0.037,0.1135,0
0.02,100.0,0.0,83.32,10.94,1.65,0.0082,0.0041,0.0301,0.1059,0
0.02,100.0,0.0,83.32,10.94,1.65,0.0082,0.0041,0.049,0.1061,0
0.02,100.0,0.0,83.32,10.94,1.65,0.0082,0.0041,0.0511,0.1065,0
0.02,100.0,0.0,83.32,10.94,1.65,0.0082,0.0041,0.0939,0.1156,0
0.02,100.0,0.0,83.32,10.94,1.65,0.0082,0.0041,0.1088,0.1158,0
0.02,100.0,0.0,83.32,10.94,1.65,0.0082,0.0041,0.1128,0.1159,0
0.02,97.5,13.0,83.38,10.94,1.65,0.053,0.0047,0.1159,0.0938,1
0.02,97.5,13.0,83.38,10.94,1.65,0.053,0.0047,0.1199,0.094,1
0.02,97.5,13.0,83.38,10.94,1.65,0.053,0.0047,0.1211,0.0941,1
0.02,97.5,13.0,83.38,10.94,1.65,0.008,0.004,0.0824,0.0763,1
0.02,97.5,13.0,83.38,10.94,1.65,0.008,0.004,0.0843,0.0766,1
0.02,97.5,13.0,83.38,10.94,1.65,0.008,0.004,0.0855,0.0768,1
0.02,97.5,13.0,83.38,10.94,1.65,0.0089,0.0045,0.0283,0.1931,0
0.02,97.5,13.0,83.38,10.94,1.65,0.0089,0.0045,0.0325,0.1932,0
0.02,97.5,13.0,83.38,10.94,1.65,0.0089,0.0045,0.0336,0.1934,0
0.03,98.5,8.0,83.27,1.2,2.49,0.0574,0.0042,0.0536,0.1913,0
0.03,98.5,8.0,83.27,1.2,2.49,0.0574,0.0042,0.0548,0.1915,0
0.03,98.5,8.0,83.27,1.2,2.49,0.0574,0.0042,0.0585,0.1916,0
0.03,98.5,8.0,83.27,1.2,2.49,0.0077,0.0038,0.0239,0.0662,0
0.03,98.5,8.0,83.27,1.2,2.49,0.0077,0.0038,0.0283,0.0664,0
0.03,98.5,8.0,83.27,1.2,2.49,0.0077,0.0038,0.0313,0.0769,0
0.03,98.5,8.0,83.27,1.2,2.49,0.0081,0.0041,0.0259,0.0903,0
0.03,98.5,8.0,83.27,1.2,2.49,0.0081,0.0041,0.0278,0.0905,0
0.03,98.5,8.0,83.27,1.2,2.49,0.0081,0.0041,0.03,0.0906,0
0.03,98.5,8.0,83.27,1.2,2.49,0.058,0.0043,0.0326,0.0923,0
0.03,98.5,8.0,83.27,1.2,2.49,0.058,0.0043,0.0486,0.0925,0
0.03,98.5,8.0,83.27,1.2,2.49,0.058,0.0043,0.0566,0.0927,0
0.03,99.25,0.0,83.45,1.2,2.49,0.009,0.0045,0.0196,0.1292,0
0.03,99.25,0.0,83.45,1.2,2.49,0.009,0.0045,0.0214,0.1294,0
0.03,99.25,0.0,83.45,1.2,2.49,0.009,0.0045,0.0225,0.1295,0
0.03,99.25,0.0,83.45,1.2,2.49,0.009,0.0045,0.026,0.1007,0
0.03,99.25,0.0,83.45,1.2,2.49,0.009,0.0045,0.0271,0.1009,0
0.03,99.25,0.0,83.45,1.2,2.49,0.009,0.0045,0.0281,0.1012,0
0.03,99.25,0.0,83.45,1.2,2.49,0.0544,0.0044,0.0246,0.0799,0
0.03,99.25,0.0,83.45,1.2,2.49,0.0544,0.0044,0.0259,0.0801,0
0.03,99.25,0.0,83.45,1.2,2.49,0.0544,0.0044,0.0296,0.0803,0
0.03,99.25,17.0,83.63,1.2,2.49,0.0089,0.0044,0.0188,0.0928,0
0.03,99.25,17.0,83.63,1.2,2.49,0.0089,0.0044,0.0371,0.093,0
0.03,99.25,17.0,83.63,1.2,2.49,0.0089,0.0044,0.0569,0.0931,0
0.03,99.25,17.0,83.63,1.2,2.49,0.009,0.0045,0.051,0.0953,0
0.03,99.25,17.0,83.63,1.2,2.49,0.009,0.0045,0.0612,0.0955,0
0.03,99.25,17.0,83.63,1.2,2.49,0.009,0.0045,0.1018,0.0956,1
0.03,99.25,17.0,83.63,1.2,2.49,0.0587,0.004,0.0826,0.0733,1
0.03,99.25,17.0,83.63,1.2,2.49,0.0587,0.004,0.0853,0.0735,1
0.05,99.25,17.0,83.63,1.14,2.44,0.0587,0.004,0.1045,0.0738,1
0.05,99.25,17.0,83.63,1.14,2.44,0.0086,0.0043,0.0807,0.0955,0
0.05,99.25,17.0,83.63,1.14,2.44,0.0086,0.0043,0.1314,0.0957,1
0.05,99.25,17.0,83.63,1.14,2.44,0.0086,0.0043,0.1428,0.0958,1
0.05,100.0,0.0,83.58,1.14,2.44,0.0089,0.0045,0.0864,0.1221,0
0.05,100.0,0.0,83.58,1.14,2.44,0.0089,0.0045,0.1034,0.1223,0
0.05,100.0,0.0,83.58,1.14,2.44,0.0089,0.0045,0.1085,0.1224,0
0.05,100.0,0.0,83.58,1.14,2.44,0.0655,0.0042,0.022,0.0883,0
0.05,100.0,0.0,83.58,1.14,2.44,0.0655,0.0042,0.0396,0.0885,0
0.05,100.0,0.0,83.58,1.14,2.44,0.0655,0.0042,0.0488,0.0886,0
0.05,100.0,0.0,83.58,1.14,2.44,0.0086,0.0043,0.0252,0.0703,0
0.05,100.0,0.0,83.58,1.14,2.44,0.0086,0.0043,0.0288,0.0706,0
0.05,100.0,0.0,83.58,1.14,2.44,0.0086,0.0043,0.0356,0.0711,0
0.05,100.0,0.0,83.96,1.14,2.44,0.0091,0.0045,0.0227,0.1428,0
0.05,100.0,0.0,83.96,1.14,2.44,0.0091,0.0045,0.0364,0.1431,0
0.05,100.0,0.0,83.96,1.14,2.44,0.0091,0.0045,0.0425,0.1432,0
0.05,100.0,0.0,83.96,1.14,2.44,0.0582,0.0047,0.043,0.1545,0
0.05,100.0,0.0,83.96,1.14,2.44,0.0582,0.0047,0.0688,0.1547,0
0.05,100.0,0.0,83.96,1.14,2.44,0.0582,0.0047,0.1065,0.155,0
0.05,100.0,0.0,83.96,1.14,2.44,0.0091,0.0045,0.2874,0.0964,1
0.05,100.0,0.0,83.96,1.14,2.44,0.0091,0.0045,0.2997,0.0966,1
0.05,100.0,0.0,83.96,1.14,2.44,0.0091,0.0045,0.3066,0.0968,1
0.05,99.25,0.0,84.41,1.14,2.44,0.0093,0.0046,0.2178,0.0972,1
0.05,99.25,0.0,84.41,1.14,2.44,0.0093,0.0046,0.2296,0.0974,1
0.05,99.25,0.0,84.41,1.14,2.44,0.0093,0.0046,0.2338,0.0976,1
0.05,99.25,0.0,84.41,1.42,2.46,0.0602,0.0043,0.2302,0.0827,1
0.05,99.25,0.0,84.41,1.42,2.46,0.0602,0.0043,0.2435,0.0829,1
0.05,99.25,0.0,84.41,1.42,2.46,0.0602,0.0043,0.2568,0.083,1
0.05,99.25,0.0,84.41,1.42,2.46,0.0091,0.0045,0.1769,0.0666,1
0.05,99.25,0.0,84.41,1.42,2.46,0.0091,0.0045,0.1796,0.0668,1
0.05,99.25,0.0,84.41,1.42,2.46,0.0091,0.0045,0.1824,0.0671,1
0.05,100.0,0.0,84.54,1.42,2.46,0.0089,0.0044,0.0215,0.1387,0
0.05,100.0,0.0,84.54,1.42,2.46,0.0089,0.0044,0.0239,0.1389,0
0.05,100.0,0.0,84.54,1.42,2.46,0.0089,0.0044,0.0266,0.1415,0
0.05,100.0,0.0,84.54,1.42,2.46,0.0465,0.0042,0.0457,0.1215,0
0.05,100.0,0.0,84.54,1.42,2.46,0.0465,0.0042,0.053,0.1285,0
0.05,100.0,0.0,84.54,1.42,2.46,0.0465,0.0042,0.0629,0.1287,0
0.05,100.0,0.0,84.54,1.42,2.46,0.0082,0.0041,0.0477,0.0571,0
0.05,100.0,0.0,84.54,1.42,2.46,0.0082,0.0041,0.0574,0.0573,1
0.05,100.0,0.0,84.54,1.42,2.46,0.0082,0.0041,0.0613,0.0574,1
0.05,100.0,0.0,84.54,1.42,2.46,0.0087,0.0044,0.039,0.0789,0
0.05,100.0,0.0,84.54,1.42,2.46,0.0087,0.0044,0.0419,0.08,0
0.05,100.0,0.0,84.54,1.42,2.46,0.0087,0.0044,0.053,0.0801,0
0.05,98.5,0.0,84.18,1.42,2.46,0.0475,0.0045,0.0298,0.0836,0
0.05,98.5,0.0,84.18,1.42,2.46,0.0475,0.0045,0.0399,0.0839,0
0.05,98.5,0.0,84.18,1.42,2.46,0.0475,0.0045,0.0552,0.0841,0
0.05,98.5,0.0,84.18,1.42,2.46,0.0088,0.0044,0.0163,0.1204,0
0.05,98.5,0.0,84.18,1.42,2.46,0.0088,0.0044,0.0185,0.1206,0
0.05,98.5,0.0,84.18,1.42,2.46,0.0088,0.0044,0.0277,0.1207,0
0.05,98.5,0.0,84.18,1.42,2.46,0.0085,0.0043,0.0311,0.0801,0
0.05,98.5,0.0,84.18,1.42,2.46,0.0085,0.0043,0.0347,0.0803,0
0.05,98.5,0.0,84.18,1.42,2.46,0.0085,0.0043,0.0789,0.0804,0
0.05,98.5,0.0,84.46,1.42,2.46,0.0494,0.0047,0.0501,0.0715,0
0.05,98.5,0.0,84.46,1.42,2.46,0.0494,0.0047,0.0578,0.0717,0
0.05,98.5,0.0,84.46,1.42,2.46,0.0494,0.0047,0.065,0.0736,0
0.05,98.5,0.0,84.46,1.42,2.46,0.0082,0.0041,0.0826,0.0845,0
0.05,98.5,0.0,84.46,1.42,2.46,0.0082,0.0041,0.0927,0.0846,1
0.05,98.5,0.0,84.46,1.42,2.46,0.0082,0.0041,0.1103,0.0847,1
0.05,98.5,0.0,84.46,1.12,2.35,0.0085,0.0042,0.0382,0.0787,0
0.05,98.5,0.0,84.46,1.12,2.35,0.0085,0.0042,0.0454,0.0789,0
0.05,98.5,0.0,84.46,1.12,2.35,0.0085,0.0042,0.0597,0.0792,0
0.05,98.5,0.0,84.46,1.12,2.35,0.0629,0.0043,0.0482,0.0798,0
0.05,98.5,0.0,84.46,1.12,2.35,0.0629,0.0043,0.0511,0.0801,0
0.05,98.5,0.0,84.46,1.12,2.35,0.0629,0.0043,0.062,0.0804,0
0.05,98.5,0.0,84.61,1.12,2.35,0.0081,0.0041,0.0237,0.086,0
0.05,98.5,0.0,84.61,1.12,2.35,0.0081,0.0041,0.0404,0.0872,0
0.05,98.5,0.0,84.61,1.12,2.35,0.0081,0.0041,0.0431,0.0874,0
0.05,98.5,0.0,84.61,1.12,2.35,0.0083,0.0042,0.0203,0.1015,0
0.05,98.5,0.0,84.61,1.12,2.35,0.0083,0.0042,0.0264,0.1018,0
0.05,98.5,0.0,84.61,1.12,2.35,0.0083,0.0042,0.038,0.1019,0
0.05,98.5,0.0,84.61,1.12,2.35,0.0572,0.0041,0.0309,0.0818,0
0.05,98.5,0.0,84.61,1.12,2.35,0.0572,0.0041,0.0396,0.082,0
0.05,98.5,0.0,84.61,1.12,2.35,0.0572,0.0041,0.042,0.0822,0
0.05,100.0,0.0,84.64,1.12,2.35,0.0085,0.0043,0.0281,0.0801,0
0.05,100.0,0.0,84.64,1.12,2.35,0.0085,0.0043,0.0378,0.0802,0
0.05,100.0,0.0,84.64,1.12,2.35,0.0085,0.0043,0.0452,0.0803,0
0.05,100.0,0.0,84.64,1.12,2.35,0.0092,0.0046,0.0213,0.0979,0
0.05,100.0,0.0,84.64,1.12,2.35,0.0092,0.0046,0.0323,0.1062,0
0.05,100.0,0.0,84.64,1.12,2.35,0.0092,0.0046,0.0389,0.1063,0
0.05,100.0,0.0,84.64,1.12,2.35,0.0557,0.0047,0.0621,0.0795,0
0.05,100.0,0.0,84.64,1.12,2.35,0.0557,0.0047,0.0803,0.0854,0
0.05,100.0,0.0,84.64,1.12,2.35,0.0557,0.0047,0.0833,0.0857,0
0.05,100.0,0.0,84.64,1.12,2.35,0.0084,0.0042,0.0437,0.0873,0
0.05,100.0,0.0,84.64,1.12,2.35,0.0084,0.0042,0.0482,0.0874,0
0.05,100.0,0.0,84.64,1.12,2.35,0.0084,0.0042,0.0509,0.0876,0
0.05,100.0,96.0,84.71,1.12,2.35,0.0093,0.0047,0.0172,0.0904,0
0.05,100.0,96.0,84.71,1.12,2.35,0.0093,0.0047,0.0234,0.0906,0
0.05,100.0,96.0,84.71,1.12,2.35,0.0093,0.0047,0.0313,0.0907,0
0.08,100.0,96.0,84.71,2.7,2.32,0.0482,0.0044,0.0346,0.0881,0
0.08,100.0,96.0,84.71,2.7,2.32,0.0482,0.0044,0.0412,0.0883,0
0.08,100.0,96.0,84.71,2.7,2.32,0.0482,0.0044,0.0598,0.0884,0
0.08,100.0,96.0,84.71,2.7,2.32,0.0085,0.0043,0.045,0.07,0
0.08,100.0,96.0,84.71,2.7,2.32,0.0085,0.0043,0.0561,0.0706,0
0.08,100.0,96.0,84.71,2.7,2.32,0.0085,0.0043,0.0595,0.0707,0
0.08,99.0,70.0,84.71,2.7,2.32,0.0086,0.0043,0.0274,0.1191,0
0.08,99.0,70.0,84.71,2.7,2.32,0.0086,0.0043,0.0353,0.1194,0
0.08,99.0,70.0,84.71,2.7,2.32,0.0086,0.0043,0.0389,0.1197,0
0.08,99.0,70.0,84.71,2.7,2.32,0.0753,0.0044,0.0475,0.1006,0
0.08,99.0,70.0,84.71,2.7,2.32,0.0753,0.0044,0.0581,0.1008,0
0.08,99.0,70.0,84.71,2.7,2.32,0.0753,0.0044,0.0655,0.1009,0
0.08,99.0,70.0,84.71,2.7,2.32,0.0084,0.0042,0.0478,0.059,0
0.08,99.0,70.0,84.71,2.7,2.32,0.0084,0.0042,0.052,0.0592,0
0.08,99.0,70.0,84.71,2.7,2.32,0.0084,0.0042,0.0642,0.0593,1
0.08,99.0,70.0,84.71,2.7,2.32,0.0077,0.0038,0.0411,0.0571,0
0.08,99.0,70.0,84.71,2.7,2.32,0.0077,0.0038,0.0435,0.0573,0
0.08,99.0,70.0,84.71,2.7,2.32,0.0077,0.0038,0.0622,0.0574,1
0.08,100.0,96.0,84.76,2.7,2.32,0.0611,0.0044,0.0414,0.0625,0
0.08,100.0,96.0,84.76,2.7,2.32,0.0611,0.0044,0.0535,0.0628,0
0.08,100.0,96.0,84.76,2.7,2.32,0.0611,0.0044,0.0585,0.063,0
0.08,100.0,96.0,84.76,2.7,2.32,0.0079,0.004,0.0499,0.1279,0
0.08,100.0,96.0,84.76,2.7,2.32,0.0079,0.004,0.0572,0.1281,0
0.08,100.0,96.0,84.76,2.7,2.32,0.0079,0.004,0.0624,0.1282,0
0.08,100.0,96.0,84.76,2.7,2.32,0.0086,0.0043,0.0191,0.0787,0
0.08,100.0,96.0,84.76,2.7,2.32,0.0086,0.0043,0.0301,0.0789,0
0.08,100.0,96.0,84.76,2.7,2.32,0.0086,0.0043,0.0429,0.079,0
0.08,100.0,96.0,84.76,2.7,2.32,0.0609,0.004,0.0276,0.0878,0
0.08,100.0,96.0,84.76,2.7,2.32,0.0609,0.004,0.0354,0.088,0
0.08,100.0,96.0,84.76,2.7,2.32,0.0609,0.004,0.0463,0.0881,0
0.08,98.25,97.0,84.38,5.97,2.3,0.0095,0.0048,0.023,0.0866,0
0.08,98.25,97.0,84.38,5.97,2.3,0.0095,0.0048,0.027,0.0868,0
0.08,98.25,97.0,84.38,5.97,2.3,0.0095,0.0048,0.031,0.0869,0
0.08,98.25,97.0,84.38,5.97,2.3,0.0084,0.0042,0.0545,0.0595,0
0.08,98.25,97.0,84.38,5.97,2.3,0.0084,0.0042,0.0617,0.0596,1
0.08,98.25,97.0,84.38,5.97,2.3,0.0084,0.0042,0.0731,0.0598,1
0.08,98.25,97.0,84.38,5.97,2.3,0.0497,0.0044,0.0622,0.1174,0
0.08,98.25,97.0,84.38,5.97,2.3,0.0497,0.0044,0.0649,0.1176,0
0.08,98.25,97.0,84.38,5.97,2.3,0.0497,0.0044,0.0862,0.1177,0
0.08,100.0,95.0,84.86,5.97,2.3,0.0083,0.0042,0.0267,0.0859,0
0.08,100.0,95.0,84.86,5.97,2.3,0.0083,0.0042,0.0296,0.0861,0
0.08,100.0,95.0,84.86,5.97,2.3,0.0083,0.0042,0.032,0.0862,0
0.08,100.0,95.0,84.86,5.97,2.3,0.0088,0.0044,0.0419,0.0863,0
0.08,100.0,95.0,84.86,5.97,2.3,0.0088,0.0044,0.0532,0.0865,0
0.08,100.0,95.0,84.86,5.97,2.3,0.0088,0.0044,0.073,0.0866,0
0.08,100.0,95.0,84.86,5.97,2.3,0.0486,0.0041,0.0304,0.1062,0
0.08,100.0,95.0,84.86,5.97,2.3,0.0486,0.0041,0.047,0.1064,0
0.08,100.0,95.0,84.86,5.97,2.3,0.0486,0.0041,0.0509,0.1066,0
0.08,100.0,95.0,84.86,5.97,2.3,0.0084,0.0042,0.0154,0.1166,0
0.08,100.0,95.0,84.86,5.97,2.3,0.0084,0.0042,0.0201,0.1168,0
0.08,100.0,95.0,84.86,5.97,2.3,0.0084,0.0042,0.0262,0.117,0
0.08,99.25,87.0,84.43,5.97,2.3,0.0093,0.0047,0.0281,0.0907,0
0.08,99.25,87.0,84.43,5.97,2.3,0.0093,0.0047,0.0417,0.0908,0
0.08,99.25,87.0,84.43,5.97,2.3,0.0093,0.0047,0.0467,0.091,0
0.08,99.25,87.0,84.43,5.97,2.3,0.053,0.0044,0.0612,0.0886,0
0.08,99.25,87.0,84.43,5.97,2.3,0.053,0.0044,0.0731,0.0888,0
0.08,99.25,87.0,84.43,5.97,2.3,0.053,0.0044,0.081,0.0889,0
0.08,99.25,87.0,84.43,5.97,2.3,0.009,0.0045,0.085,0.0911,0
0.08,99.25,87.0,84.43,5.97,2.3,0.009,0.0045,0.1011,0.0915,1
0.08,99.25,87.0,84.43,5.97,2.3,0.009,0.0045,0.1052,0.0918,1
0.08,97.75,86.0,84.86,5.26,2.36,0.0085,0.0042,0.0567,0.0756,0
0.08,97.75,86.0,84.86,5.26,2.36,0.0085,0.0042,0.0725,0.0758,0
0.08,97.75,86.0,84.86,5.26,2.36,0.0085,0.0042,0.0905,0.076,1
0.08,97.75,86.0,84.86,5.26,2.36,0.0456,0.0042,0.0299,0.0833,0
0.08,97.75,86.0,84.86,5.26,2.36,0.0456,0.0042,0.0376,0.0835,0
0.08,97.75,86.0,84.86,5.26,2.36,0.0456,0.0042,0.0419,0.0836,0
0.08,97.75,86.0,84.86,5.26,2.36,0.0086,0.0043,0.0389,0.0854,0
0.08,97.75,86.0,84.86,5.26,2.36,0.0086,0.0043,0.0577,0.0856,0
0.08,97.75,86.0,84.86,5.26,2.36,0.0086,0.0043,0.0691,0.0858,0
0.08,97.75,86.0,84.86,5.26,2.36,0.0085,0.0043,0.0266,0.1275,0
0.08,97.75,86.0,84.86,5.26,2.36,0.0085,0.0043,0.0407,0.1277,0
0.08,97.75,86.0,84.86,5.26,2.36,0.0085,0.0043,0.0463,0.1278,0
0.08,99.25,99.0,84.36,5.26,2.36,0.0521,0.0045,0.0305,0.0963,0
0.08,99.25,99.0,84.36,5.26,2.36,0.0521,0.0045,0.0417,0.0965,0
0.08,99.25,99.0,84.36,5.26,2.36,0.0521,0.0045,0.0456,0.0966,0
0.08,99.25,99.0,84.36,5.26,2.36,0.0091,0.0046,0.0248,0.0977,0
0.08,99.25,99.0,84.36,5.26,2.36,0.0091,0.0046,0.0316,0.098,0
0.08,99.25,99.0,84.36,5.26,2.36,0.0091,0.0046,0.0397,0.0982,0
0.08,99.25,99.0,84.36,5.26,2.36,0.0091,0.0045,0.0341,0.0932,0
0.08,99.25,99.0,84.36,5.26,2.36,0.0091,0.0045,0.0362,0.0934,0
0.08,99.25,99.0,84.36,5.26,2.36,0.0091,0.0045,0.0494,0.0935,0
0.08,97.75,93.0,84.84,5.26,2.36,0.0543,0.0044,0.0201,0.1374,0
0.08,97.75,93.0,84.84,5.26,2.36,0.0543,0.0044,0.0226,0.1376,0
0.08,97.75,93.0,84.84,5.26,2.36,0.0543,0.0044,0.0299,0.1378,0
0.08,97.75,93.0,84.84,5.26,2.36,0.0087,0.0044,0.0225,0.1076,0
0.08,97.75,93.0,84.84,5.26,2.36,0.0087,0.0044,0.0249,0.1085,0
0.08,97.75,93.0,84.84,5.26,2.36,0.0087,0.0044,0.0321,0.1086,0
0.09,97.75,93.0,84.84,1.24,2.71,0.0085,0.0042,0.1307,0.0987,1
0.09,97.75,93.0,84.84,1.24,2.71,0.0085,0.0042,0.1415,0.099,1
0.09,97.75,93.0,84.84,1.24,2.71,0.0085,0.0042,0.1445,0.0993,1
0.09,99.25,97.0,84.51,1.24,2.71,0.0534,0.0045,0.0425,0.0833,0
0.09,99.25,97.0,84.51,1.24,2.71,0.0534,0.0045,0.0611,0.0835,0
0.09,99.25,97.0,84.51,1.24,2.71,0.0534,0.0045,0.0757,0.0836,0
0.09,99.25,97.0,84.51,1.24,2.71,0.0083,0.0042,0.0278,0.1005,0
0.09,99.25,97.0,84.51,1.24,2.71,0.0083,0.0042,0.038,0.1008,0
0.09,99.25,97.0,84.51,1.24,2.71,0.0083,0.0042,0.046,0.101,0
0.09,99.25,97.0,84.51,1.24,2.71,0.0086,0.0043,0.0259,0.094,0
0.09,99.25,97.0,84.51,1.24,2.71,0.0086,0.0043,0.0286,0.0942,0
0.09,99.25,97.0,84.51,1.24,2.71,0.0086,0.0043,0.0318,0.0943,0
0.09,99.25,93.0,84.79,1.24,2.71,0.056,0.0044,0.0339,0.0893,0
0.09,99.25,93.0,84.79,1.24,2.71,0.056,0.0044,0.0364,0.0895,0
0.09,99.25,93.0,84.79,1.24,2.71,0.056,0.0044,0.0453,0.0896,0
0.09,99.25,93.0,84.79,1.24,2.71,0.0086,0.0043,0.027,0.0874,0
0.09,99.25,93.0,84.79,1.24,2.71,0.0086,0.0043,0.033,0.0876,0
0.09,99.25,93.0,84.79,1.24,2.71,0.0086,0.0043,0.0426,0.0877,0
0.09,99.25,93.0,84.79,1.24,2.71,0.0085,0.0043,0.0242,0.0869,0
0.09,99.25,93.0,84.79,1.24,2.71,0.0085,0.0043,0.0269,0.0871,0
0.09,99.25,93.0,84.79,1.24,2.71,0.0085,0.0043,0.0392,0.0872,0
0.09,99.25,93.0,84.79,1.24,2.71,0.0601,0.0039,0.0262,0.0784,0
0.09,99.25,93.0,84.79,1.24,2.71,0.0601,0.0039,0.0298,0.0786,0
0.09,99.25,93.0,84.79,1.24,2.71,0.0601,0.0039,0.0477,0.0787,0
0.09,99.25,94.0,84.89,1.24,2.71,0.0081,0.0041,0.0202,0.0669,0
0.09,99.25,94.0,84.89,1.24,2.71,0.0081,0.0041,0.0283,0.0672,0
0.09,99.25,94.0,84.89,1.24,2.71,0.0081,0.0041,0.0306,0.0674,0
0.09,99.25,94.0,84.89,1.24,2.71,0.0084,0.0042,0.0507,0.0808,0
0.09,99.25,94.0,84.89,1.24,2.71,0.0084,0.0042,0.0567,0.0815,0
0.09,99.25,94.0,84.89,1.2,2.7,0.0084,0.0042,0.089,0.0817,1
0.09,99.25,94.0,84.89,1.2,2.7,0.0628,0.0044,0.0363,0.0923,0
0.09,99.25,94.0,84.89,1.2,2.7,0.0628,0.0044,0.0394,0.0925,0
0.09,99.25,94.0,84.89,1.2,2.7,0.0628,0.0044,0.0552,0.0927,0
0.09,99.25,94.0,84.89,1.2,2.7,0.009,0.0045,0.0422,0.0812,0
0.09,99.25,94.0,84.89,1.2,2.7,0.009,0.0045,0.0489,0.0814,0
0.09,99.25,94.0,84.89,1.2,2.7,0.009,0.0045,0.0632,0.0815,0
0.09,98.5,74.0,84.31,1.2,2.7,0.0091,0.0046,0.0205,0.1058,0
0.09,98.5,74.0,84.31,1.2,2.7,0.0091,0.0046,0.0246,0.106,0
0.09,98.5,74.0,84.31,1.2,2.7,0.0091,0.0046,0.0279,0.1062,0
0.09,98.5,74.0,84.31,1.2,2.7,0.0562,0.0045,0.0268,0.0954,0
0.09,98.5,74.0,84.31,1.2,2.7,0.0562,0.0045,0.0343,0.0956,0
0.09,98.5,74.0,84.31,1.2,2.7,0.0562,0.0045,0.0416,0.0957,0
0.09,98.5,74.0,84.31,1.2,2.7,0.0093,0.0046,0.0254,0.0936,0
0.09,98.5,74.0,84.31,1.2,2.7,0.0093,0.0046,0.0292,0.0938,0
0.09,98.5,74.0,84.31,1.2,2.7,0.0093,0.0046,0.036,0.094,0
0.09,98.5,87.0,84.64,1.2,2.7,0.0088,0.0044,0.026,0.1116,0
0.09,98.5,87.0,84.64,1.2,2.7,0.0088,0.0044,0.0344,0.1118,0
0.09,98.5,87.0,84.64,1.2,2.7,0.0088,0.0044,0.0388,0.112,0
0.09,98.5,87.0,84.64,1.2,2.7,0.0536,0.0047,0.0649,0.0659,0
0.09,98.5,87.0,84.64,1.2,2.7,0.0536,0.0047,0.0688,0.0661,1
0.09,98.5,87.0,84.64,1.2,2.7,0.0536,0.0047,0.0818,0.0662,1
0.09,98.5,87.0,84.64,1.2,2.7,0.0089,0.0044,0.0303,0.0626,0
0.09,98.5,87.0,84.64,1.2,2.7,0.0089,0.0044,0.0326,0.0628,0
0.09,98.5,87.0,84.64,1.2,2.7,0.0089,0.0044,0.0488,0.0629,0
0.09,98.5,87.0,84.64,1.2,2.7,0.0094,0.0047,0.034,0.0932,0
0.09,98.5,87.0,84.64,1.2,2.7,0.0094,0.0047,0.0468,0.0933,0
0.09,98.5,87.0,84.64,1.2,2.7,0.0094,0.0047,0.0715,0.0935,0
0.09,100.0,97.0,84.84,1.2,2.7,0.0589,0.0046,0.0323,0.1319,0
0.09,100.0,97.0,84.84,1.2,2.7,0.0589,0.0046,0.0395,0.1321,0
0.09,100.0,97.0,84.84,1.2,2.7,0.0589,0.0046,0.0514,0.1323,0
0.09,100.0,97.0,84.84,1.57,2.72,0.0091,0.0046,0.0423,0.0937,0
0.09,100.0,97.0,84.84,1.57,2.72,0.0091,0.0046,0.0455,0.0939,0
0.09,100.0,97.0,84.84,1.57,2.72,0.0091,0.0046,0.0504,0.094,0
0.09,100.0,97.0,84.84,1.57,2.72,0.0087,0.0044,0.0215,0.0829,0
0.09,100.0,97.0,84.84,1.57,2.72,0.0087,0.0044,0.0267,0.0831,0
0.09,100.0,97.0,84.84,1.57,2.72,0.0087,0.0044,0.0296,0.0832,0
0.09,98.5,99.0,84.36,1.57,2.72,0.0613,0.0045,0.0189,0.0944,0
0.09,98.5,99.0,84.36,1.57,2.72,0.0613,0.0045,0.0315,0.0948,0
0.09,98.5,99.0,84.36,1.57,2.72,0.0613,0.0045,0.0433,0.0949,0
0.09,98.5,99.0,84.36,1.57,2.72,0.0093,0.0046,0.033,0.0968,0
0.09,98.5,99.0,84.36,1.57,2.72,0.0093,0.0046,0.0435,0.0971,0
0.09,98.5,99.0,84.36,1.57,2.72,0.0093,0.0046,0.0464,0.0974,0
0.09,98.5,99.0,84.36,1.57,2.72,0.0083,0.0041,0.0274,0.0973,0
0.09,98.5,99.0,84.36,1.57,2.72,0.0083,0.0041,0.032,0.0975,0
0.09,98.5,99.0,84.36,1.57,2.72,0.0083,0.0041,0.0375,0.0976,0
0.09,98.5,99.0,84.36,1.57,2.72,0.0548,0.0048,0.0359,0.0915,0
0.09,98.5,99.0,84.36,1.57,2.72,0.0548,0.0048,0.0442,0.0918,0
0.09,98.5,99.0,84.36,1.57,2.72,0.0548,0.0048,0.0518,0.0922,0
0.09,98.5,96.0,84.81,1.57,2.72,0.0092,0.0046,0.0447,0.0784,0
0.09,98.5,96.0,84.81,1.57,2.72,0.0092,0.0046,0.0531,0.0789,0
0.09,98.5,96.0,84.81,1.57,2.72,0.0092,0.0046,0.0698,0.0791,0
0.09,98.5,96.0,84.81,1.57,2.72,0.0085,0.0043,0.034,0.0833,0
0.09,98.5,96.0,84.81,1.57,2.72,0.0085,0.0043,0.0419,0.0835,0
0.09,98.5,96.0,84.81,1.57,2.72,0.0085,0.0043,0.0489,0.0836,0
0.09,98.5,96.0,84.81,1.57,2.72,0.0584,0.0043,0.0547,0.0923,0
0.09,98.5,96.0,84.81,1.57,2.72,0.0584,0.0043,0.0791,0.0926,0
0.09,98.5,96.0,84.81,1.57,2.72,0.0584,0.0043,0.0891,0.0927,0
0.09,97.75,91.0,84.38,1.57,2.72,0.0089,0.0044,0.0807,0.0963,0
0.09,97.75,91.0,84.38,1.57,2.72,0.0089,0.0044,0.0973,0.0965,1
0.09,97.75,91.0,84.38,1.57,2.72,0.0089,0.0044,0.1087,0.0967,1
0.08,97.75,91.0,84.38,1.15,1.89,0.0097,0.0048,0.0802,0.0965,0
0.08,97.75,91.0,84.38,1.15,1.89,0.0097,0.0048,0.0824,0.0967,0
0.08,97.75,91.0,84.38,1.15,1.89,0.0097,0.0048,0.097,0.097,1
0.08,97.75,91.0,84.38,1.15,1.89,0.0599,0.0046,0.0618,0.0705,0
0.08,97.75,91.0,84.38,1.15,1.89,0.0599,0.0046,0.0912,0.0708,1
0.08,97.75,91.0,84.38,1.15,1.89,0.0599,0.0046,0.0945,0.0709,1
0.08,97.75,91.0,84.38,1.15,1.89,0.0085,0.0042,0.0302,0.0865,0
0.08,97.75,91.0,84.38,1.15,1.89,0.0085,0.0042,0.0357,0.0867,0
0.08,97.75,91.0,84.38,1.15,1.89,0.0085,0.0042,0.0419,0.0868,0
0.08,98.5,87.0,84.43,1.15,1.89,0.0093,0.0046,0.0238,0.0778,0
0.08,98.5,87.0,84.43,1.15,1.89,0.0093,0.0046,0.0309,0.078,0
0.08,98.5,87.0,84.43,1.15,1.89,0.0093,0.0046,0.0364,0.0784,0
0.08,98.5,87.0,84.43,1.15,1.89,0.0684,0.0047,0.0438,0.1981,0
0.08,98.5,87.0,84.43,1.15,1.89,0.0684,0.0047,0.0542,0.1983,0
0.08,98.5,87.0,84.43,1.15,1.89,0.0684,0.0047,0.0587,0.1984,0
0.08,98.5,87.0,84.43,1.15,1.89,0.0089,0.0045,0.0264,0.1912,0
0.08,98.5,87.0,84.43,1.15,1.89,0.0089,0.0045,0.029,0.1914,0
0.08,98.5,87.0,84.43,1.15,1.89,0.0089,0.0045,0.0421,0.1941,0
0.08,98.5,94.0,84.64,1.15,1.89,0.009,0.0045,0.0223,0.1402,0
0.08,98.5,94.0,84.64,1.15,1.89,0.009,0.0045,0.0303,0.1404,0
0.08,98.5,94.0,84.64,1.15,1.89,0.009,0.0045,0.0447,0.1406,0
0.08,98.5,94.0,84.64,1.15,1.89,0.0483,0.0042,0.0473,0.0935,0
0.08,98.5,94.0,84.64,1.15,1.89,0.0483,0.0042,0.059,0.0937,0
0.08,98.5,94.0,84.64,1.15,1.89,0.0483,0.0042,0.0826,0.0938,0
0.08,98.5,94.0,84.64,1.15,1.89,0.0094,0.0047,0.0576,0.0774,0
0.08,98.5,94.0,84.64,1.15,1.89,0.0094,0.0047,0.0634,0.0778,0
0.08,98.5,94.0,84.64,1.15,1.89,0.0094,0.0047,0.0698,0.0781,0
0.08,98.5,94.0,84.64,1.15,1.89,0.0088,0.0044,0.0312,0.0922,0
0.08,98.5,94.0,84.64,1.15,1.89,0.0088,0.0044,0.0382,0.0924,0
0.08,98.5,94.0,84.64,1.15,1.89,0.0088,0.0044,0.0477,0.0925,0
0.08,97.5,94.0,84.76,1.25,1.01,0.061,0.0042,0.0343,0.0813,0
0.08,97.5,94.0,84.76,1.25,1.01,0.061,0.0042,0.0375,0.0815,0
0.08,97.5,94.0,84.76,1.25,1.01,0.061,0.0042,0.059,0.0816,0
0.08,97.5,94.0,84.76,1.25,1.01,0.0093,0.0046,0.0185,0.0934,0
0.08,97.5,94.0,84.76,1.25,1.01,0.0093,0.0046,0.022,0.0936,0
0.08,97.5,94.0,84.76,1.25,1.01,0.0093,0.0046,0.0302,0.0938,0
0.08,97.5,94.0,84.76,1.25,1.01,0.0093,0.0046,0.0273,0.0902,0
0.08,97.5,94.0,84.76,1.25,1.01,0.0093,0.0046,0.0418,0.0903,0
0.08,97.5,94.0,84.76,1.25,1.01,0.0093,0.0046,0.0523,0.0904,0
0.08,97.5,94.0,84.76,1.25,1.01,0.0544,0.0046,0.049,0.0686,0
0.08,97.5,94.0,84.76,1.25,1.01,0.0544,0.0046,0.0659,0.0688,0
0.08,97.5,94.0,84.76,1.25,1.01,0.0544,0.0046,0.0704,0.069,1
0.08,98.5,99.0,84.51,1.25,1.01,0.0084,0.0042,0.0524,0.0728,0
0.08,98.5,99.0,84.51,1.25,1.01,0.0084,0.0042,0.0659,0.073,0
0.08,98.5,99.0,84.51,1.25,1.01,0.0084,0.0042,0.074,0.0731,1
0.08,98.5,99.0,84.51,1.25,1.01,0.0092,0.0046,0.0349,0.0829,0
0.08,98.5,99.0,84.51,1.25,1.01,0.0092,0.0046,0.0417,0.0832,0
0.08,98.5,99.0,84.51,1.25,1.01,0.0092,0.0046,0.0487,0.0833,0
0.08,98.5,99.0,84.51,1.25,1.01,0.0621,0.0045,0.0331,0.0882,0
0.08,98.5,99.0,84.51,1.25,1.01,0.0621,0.0045,0.0477,0.0884,0
0.08,98.5,99.0,84.51,1.25,1.01,0.0621,0.0045,0.0511,0.0885,0
0.08,99.25,96.0,84.31,1.25,1.01,0.009,0.0045,0.0415,0.0822,0
0.08,99.25,96.0,84.31,1.25,1.01,0.009,0.0045,0.054,0.0824,0
0.08,99.25,96.0,84.31,1.25,1.01,0.009,0.0045,0.0591,0.0825,0
0.08,99.25,96.0,84.31,1.25,1.01,0.0088,0.0044,0.0426,0.0957,0
0.08,99.25,96.0,84.31,1.25,1.01,0.0088,0.0044,0.0472,0.0959,0
0.08,99.25,96.0,84.31,1.25,1.01,0.0088,0.0044,0.0606,0.096,0
0.08,99.25,96.0,84.31,1.25,1.01,0.0649,0.0041,0.0307,0.0737,0
0.08,99.25,96.0,84.31,1.25,1.01,0.0649,0.0041,0.0335,0.074,0
0.08,99.25,96.0,84.31,1.25,1.01,0.0649,0.0041,0.051,0.0794,0
0.08,99.25,96.0,84.31,1.25,1.01,0.0093,0.0047,0.0353,0.0768,0
0.08,99.25,96.0,84.31,1.25,1.01,0.0093,0.0047,0.04,0.077,0
0.08,99.25,96.0,84.31,1.25,1.01,0.0093,0.0047,0.0531,0.0771,0
0.08,97.75,89.0,84.81,2.57,1.13,0.009,0.0045,0.2335,0.0903,1
0.08,97.75,89.0,84.81,2.57,1.13,0.009,0.0045,0.2358,0.0904,1
0.08,97.75,89.0,84.81,2.57,1.13,0.009,0.0045,0.2498,0.0906,1
0.08,97.75,89.0,84.81,2.57,1.13,0.0629,0.0045,0.1696,0.0983,1
0.08,97.75,89.0,84.81,2.57,1.13,0.0629,0.0045,0.1877,0.0985,1
0.08,97.75,89.0,84.81,2.57,1.13,0.0629,0.0045,0.1986,0.0986,1
0.08,98.5,97.0,84.41,2.57,1.13,0.008,0.004,0.0417,0.101,0
0.08,98.5,97.0,84.41,2.57,1.13,0.008,0.004,0.0521,0.1013,0
0.08,98.5,97.0,84.41,2.57,1.13,0.008,0.004,0.0607,0.1014,0
0.08,98.5,97.0,84.41,2.57,1.13,0.0083,0.0041,0.0247,0.0794,0
0.08,98.5,97.0,84.41,2.57,1.13,0.0083,0.0041,0.0341,0.0797,0
0.08,98.5,97.0,84.41,2.57,1.13,0.0083,0.0041,0.0406,0.0798,0
0.08,98.5,97.0,84.41,2.57,1.13,0.0521,0.0044,0.0296,0.0707,0
0.08,98.5,97.0,84.41,2.57,1.13,0.0521,0.0044,0.0384,0.0716,0
0.08,98.5,97.0,84.41,2.57,1.13,0.0521,0.0044,0.0568,0.0719,0
0.08,98.5,97.0,84.41,2.57,1.13,0.009,0.0045,0.0301,0.0717,0
0.08,98.5,97.0,84.41,2.57,1.13,0.009,0.0045,0.0401,0.0722,0
0.08,98.5,97.0,84.41,2.57,1.13,0.009,0.0045,0.0451,0.0724,0
0.08,99.25,93.0,84.81,2.57,1.13,0.009,0.0045,0.0549,0.1305,0
0.08,99.25,93.0,84.81,2.57,1.13,0.009,0.0045,0.0702,0.1308,0
0.08,99.25,93.0,84.81,2.57,1.13,0.009,0.0045,0.0806,0.1309,0
0.08,99.25,93.0,84.81,2.57,1.13,0.0732,0.0047,0.0413,0.0829,0
0.08,99.25,93.0,84.81,2.57,1.13,0.0732,0.0047,0.0457,0.0835,0
0.08,99.25,93.0,84.81,2.57,1.13,0.0732,0.0047,0.0477,0.0837,0
0.08,99.25,93.0,84.81,2.57,1.13,0.0084,0.0042,0.0268,0.0944,0
0.08,99.25,93.0,84.81,1.34,1.21,0.0084,0.0042,0.0394,0.0946,0
0.08,99.25,93.0,84.81,1.34,1.21,0.0084,0.0042,0.0434,0.0947,0
0.08,98.5,99.0,84.36,1.34,1.21,0.0082,0.0041,0.0297,0.0961,0
0.08,98.5,99.0,84.36,1.34,1.21,0.0082,0.0041,0.0379,0.0963,0
0.08,98.5,99.0,84.36,1.34,1.21,0.0082,0.0041,0.0443,0.0964,0
0.08,98.5,99.0,84.36,1.34,1.21,0.0489,0.0043,0.0359,0.0812,0
0.08,98.5,99.0,84.36,1.34,1.21,0.0489,0.0043,0.0513,0.0814,0
0.08,98.5,99.0,84.36,1.34,1.21,0.0489,0.0043,0.0682,0.0815,0
0.08,98.5,99.0,84.36,1.34,1.21,0.009,0.0045,0.051,0.0755,0
0.08,98.5,99.0,84.36,1.34,1.21,0.009,0.0045,0.0583,0.0757,0
0.08,98.5,99.0,84.36,1.34,1.21,0.009,0.0045,0.0686,0.0759,0
0.08,98.5,99.0,84.36,1.34,1.21,0.009,0.0045,0.0387,0.0808,0
0.08,98.5,99.0,84.36,1.34,1.21,0.009,0.0045,0.0459,0.081,0
0.08,98.5,99.0,84.36,1.34,1.21,0.009,0.0045,0.054,0.0812,0
0.08,97.0,90.0,84.36,1.34,1.21,0.0553,0.0043,0.0359,0.0707,0
0.08,97.0,90.0,84.36,1.34,1.21,0.0553,0.0043,0.0445,0.0709,0
0.08,97.0,90.0,84.36,1.34,1.21,0.0553,0.0043,0.052,0.0712,0
0.08,97.0,90.0,84.36,1.34,1.21,0.0085,0.0042,0.0188,0.0845,0
0.08,97.0,90.0,84.36,1.34,1.21,0.0085,0.0042,0.0243,0.0848,0
0.08,97.0,90.0,84.36,1.34,1.21,0.0085,0.0042,0.0402,0.085,0
0.08,97.0,90.0,84.36,1.34,1.21,0.0084,0.0042,0.0252,0.1033,0
0.08,97.0,90.0,84.36,1.34,1.21,0.0084,0.0042,0.0407,0.1035,0
0.08,97.0,90.0,84.36,1.34,1.21,0.0084,0.0042,0.0641,0.1036,0
0.08,97.75,94.0,84.33,1.34,1.21,0.0463,0.0041,0.034,0.082,0
0.08,97.75,94.0,84.33,1.34,1.21,0.0463,0.0041,0.0437,0.0822,0
0.08,97.75,94.0,84.33,1.34,1.21,0.0463,0.0041,0.0472,0.0823,0
0.08,97.75,94.0,84.33,1.34,1.21,0.0083,0.0042,0.0242,0.0943,0
0.08,97.75,94.0,84.33,1.34,1.21,0.0083,0.0042,0.0395,0.0946,0
0.08,97.75,94.0,84.33,1.34,1.21,0.0083,0.0042,0.0472,0.0947,0
0.08,97.75,94.0,84.33,1.24,1.2,0.0085,0.0042,0.0354,0.0935,0
0.08,97.75,94.0,84.33,1.24,1.2,0.0085,0.0042,0.0437,0.0936,0
0.08,97.75,94.0,84.33,1.24,1.2,0.0085,0.0042,0.0514,0.0938,0
0.08,97.75,94.0,84.33,1.24,1.2,0.0524,0.0044,0.0265,0.0779,0
0.08,97.75,94.0,84.33,1.24,1.2,0.0524,0.0044,0.0537,0.0781,0
0.08,97.75,94.0,84.33,1.24,1.2,0.0524,0.0044,0.059,0.0782,0
0.08,97.0,91.0,84.89,1.24,1.2,0.009,0.0045,0.0202,0.0821,0
0.08,97.0,91.0,84.89,1.24,1.2,0.009,0.0045,0.0243,0.0866,0
0.08,97.0,91.0,84.89,1.24,1.2,0.009,0.0045,0.0424,0.0868,0
0.08,97.0,91.0,84.89,1.24,1.2,0.0086,0.0043,0.0351,0.0896,0
0.08,97.0,91.0,84.89,1.24,1.2,0.0086,0.0043,0.0405,0.0898,0
0.08,97.0,91.0,84.89,1.24,1.2,0.0086,0.0043,0.0434,0.09,0
0.08,97.0,91.0,84.89,1.24,1.2,0.0564,0.0045,0.0353,0.0785,0
0.08,97.0,91.0,84.89,1.24,1.2,0.0564,0.0045,0.0381,0.0787,0
0.08,97.0,91.0,84.89,1.24,1.2,0.0564,0.0045,0.0478,0.0789,0
0.08,97.0,91.0,84.89,1.24,1.2,0.0092,0.0046,0.058,0.0806,0
0.08,97.0,91.0,84.89,1.24,1.2,0.0092,0.0046,0.0638,0.0808,0
0.08,97.0,91.0,84.89,1.24,1.2,0.0092,0.0046,0.0688,0.0817,0
0.08,97.0,93.0,84.31,1.24,1.2,0.0094,0.0047,0.0317,0.0802,0
0.08,97.0,93.0,84.31,1.24,1.2,0.0094,0.0047,0.0476,0.0804,0
0.08,97.0,93.0,84.31,1.24,1.2,0.0094,0.0047,0.0567,0.0806,0
0.08,97.0,93.0,84.31,1.24,1.2,0.0691,0.0045,0.0712,0.097,0
0.08,97.0,93.0,84.31,1.24,1.2,0.0691,0.0045,0.0834,0.0972,0
0.08,97.0,93.0,84.31,1.24,1.2,0.0691,0.0045,0.1003,0.0974,1
0.08,97.0,93.0,84.31,1.24,1.2,0.0091,0.0046,0.0514,0.0867,0
0.08,97.0,93.0,84.31,1.24,1.2,0.0091,0.0046,0.0621,0.0869,0
0.08,97.0,93.0,84.31,1.24,1.2,0.0091,0.0046,0.0845,0.0871,0
0.08,100.0,84.0,84.41,1.24,1.2,0.0084,0.0042,0.0222,0.1241,0
0.08,100.0,84.0,84.41,1.24,1.2,0.0084,0.0042,0.0286,0.1243,0
0.08,100.0,84.0,84.41,1.24,1.2,0.0084,0.0042,0.0315,0.1244,0
0.08,100.0,84.0,84.41,1.24,1.2,0.0515,0.0044,0.0372,0.1234,0
0.08,100.0,84.0,84.41,1.24,1.2,0.0515,0.0044,0.0454,0.1241,0
0.08,100.0,84.0,84.41,1.24,1.2,0.0515,0.0044,0.0527,0.1242,0
0.08,100.0,84.0,84.41,1.29,1.06,0.0092,0.0046,0.063,0.1298,0
0.08,100.0,84.0,84.41,1.29,1.06,0.0092,0.0046,0.0661,0.1301,0
0.08,100.0,84.0,84.41,1.29,1.06,0.0092,0.0046,0.079,0.1302,0
0.08,100.0,84.0,84.41,1.29,1.06,0.0093,0.0046,0.0256,0.1158,0
0.08,100.0,84.0,84.41,1.29,1.06,0.0093,0.0046,0.0287,0.116,0
0.08,100.0,84.0,84.41,1.29,1.06,0.0093,0.0046,0.0353,0.1161,0
0.08,98.5,95.0,84.38,1.29,1.06,0.0555,0.0042,0.0204,0.1274,0
0.08,98.5,95.0,84.38,1.29,1.06,0.0555,0.0042,0.0267,0.1279,0
0.08,98.5,95.0,84.38,1.29,1.06,0.0555,0.0042,0.0465,0.128,0
0.08,98.5,95.0,84.38,1.29,1.06,0.0082,0.0041,0.0145,0.1366,0
0.08,98.5,95.0,84.38,1.29,1.06,0.0082,0.0041,0.0214,0.1369,0
0.08,98.5,95.0,84.38,1.29,1.06,0.0082,0.0041,0.0235,0.137,0
0.08,98.5,95.0,84.38,1.29,1.06,0.0085,0.0042,0.0274,0.3098,0
0.08,98.5,95.0,84.38,1.29,1.06,0.0085,0.0042,0.0357,0.31,0
0.08,98.5,95.0,84.38,1.29,1.06,0.0085,0.0042,0.0585,0.3102,0
0.08,97.0,94.0,84.79,1.29,1.06,0.0546,0.0043,0.0388,0.2688,0
0.08,97.0,94.0,84.79,1.29,1.06,0.0546,0.0043,0.0568,0.269,0
0.08,97.0,94.0,84.79,1.29,1.06,0.0546,0.0043,0.0687,0.2692,0
0.08,97.0,94.0,84.79,1.29,1.06,0.0084,0.0042,0.0351,0.1665,0
0.08,97.0,94.0,84.79,1.29,1.06,0.0084,0.0042,0.0381,0.1667,0
0.08,97.0,94.0,84.79,1.29,1.06,0.0084,0.0042,0.0648,0.1669,0
0.08,97.0,94.0,84.79,1.29,1.06,0.0087,0.0044,0.0317,0.1309,0
0.08,97.0,94.0,84.79,1.29,1.06,0.0087,0.0044,0.0383,0.1313,0
0.08,97.0,94.0,84.79,1.29,1.06,0.0087,0.0044,0.0493,0.1314,0
0.08,97.0,94.0,84.79,1.29,1.06,0.0395,0.004,0.0282,0.1175,0
0.08,97.0,94.0,84.79,1.29,1.06,0.0395,0.004,0.0335,0.1179,0
0.08,97.0,94.0,84.79,1.29,1.06,0.0395,0.004,0.0623,0.118,0
0.08,97.0,99.0,84.64,1.29,1.06,0.0081,0.004,0.0286,0.0822,0
0.08,97.0,99.0,84.64,1.29,1.06,0.0081,0.004,0.045,0.0823,0
0.08,97.0,99.0,84.64,1.29,1.06,0.0081,0.004,0.0525,0.0825,0
0.08,97.0,99.0,84.64,1.76,0.8,0.008,0.004,0.0237,0.0892,0
0.08,97.0,99.0,84.64,1.76,0.8,0.008,0.004,0.0345,0.0895,0
0.08,97.0,99.0,84.64,1.76,0.8,0.008,0.004,0.0377,0.0896,0
0.08,97.0,99.0,84.64,1.76,0.8,0.0435,0.0039,0.044,0.0948,0
0.08,97.0,99.0,84.64,1.76,0.8,0.0435,0.0039,0.0514,0.0951,0
0.08,97.0,99.0,84.64,1.76,0.8,0.0435,0.0039,0.0553,0.1182,0
0.08,97.75,94.0,84.33,1.76,0.8,0.0079,0.004,0.0403,0.0872,0
0.08,97.75,94.0,84.33,1.76,0.8,0.0079,0.004,0.0426,0.0873,0
0.08,97.75,94.0,84.33,1.76,0.8,0.0079,0.004,0.0452,0.0874,0
0.08,97.75,94.0,84.33,1.76,0.8,0.0085,0.0043,0.0782,0.0961,0
0.08,97.75,94.0,84.33,1.76,0.8,0.0085,0.0043,0.0896,0.0962,0
0.08,97.75,94.0,84.33,1.76,0.8,0.0085,0.0043,0.0988,0.0963,1
0.08,97.75,94.0,84.33,1.76,0.8,0.0526,0.0043,0.0831,0.0951,0
0.08,97.75,94.0,84.33,1.76,0.8,0.0526,0.0043,0.0898,0.0953,0
0.08,97.75,94.0,84.33,1.76,0.8,0.0526,0.0043,0.1016,0.0954,1
0.08,97.75,94.0,84.33,1.76,0.8,0.0087,0.0044,0.0195,0.0884,0
0.08,97.75,94.0,84.33,1.76,0.8,0.0087,0.0044,0.0418,0.0886,0
0.08,97.75,94.0,84.33,1.76,0.8,0.0087,0.0044,0.0534,0.0888,0
0.08,98.5,95.0,84.86,1.76,0.8,0.0087,0.0043,0.0262,0.0887,0
0.08,98.5,95.0,84.86,1.76,0.8,0.0087,0.0043,0.0306,0.0889,0
0.08,98.5,95.0,84.86,1.76,0.8,0.0087,0.0043,0.039,0.0891,0
0.08,98.5,95.0,84.86,1.76,0.8,0.058,0.0037,0.0264,0.103,0
0.08,98.5,95.0,84.86,1.76,0.8,0.058,0.0037,0.0308,0.1032,0
0.08,98.5,95.0,84.86,1.76,0.8,0.058,0.0037,0.0474,0.1035,0
0.08,98.5,95.0,84.86,1.76,0.8,0.0081,0.0041,0.0231,0.0954,0
0.08,98.5,95.0,84.86,1.76,0.8,0.0081,0.0041,0.0268,0.096,0
0.08,98.5,95.0,84.86,1.76,0.8,0.0081,0.0041,0.0416,0.0961,0
0.08,98.5,96.0,84.84,1.76,0.8,0.0086,0.0043,0.0336,0.1427,0
0.08,98.5,96.0,84.84,1.24,0.79,0.0086,0.0043,0.0404,0.1431,0
0.08,98.5,96.0,84.84,1.24,0.79,0.0086,0.0043,0.0461,0.1434,0
0.08,98.5,96.0,84.84,1.24,0.79,0.0525,0.004,0.0349,0.0994,0
0.08,98.5,96.0,84.84,1.24,0.79,0.0525,0.004,0.0404,0.0996,0
0.08,98.5,96.0,84.84,1.24,0.79,0.0525,0.004,0.0465,0.1002,0
0.08,98.5,96.0,84.84,1.24,0.79,0.0088,0.0044,0.0273,0.1018,0
0.08,98.5,96.0,84.84,1.24,0.79,0.0088,0.0044,0.0329,0.102,0
0.08,98.5,96.0,84.84,1.24,0.79,0.0088,0.0044,0.0403,0.1021,0
0.08,97.25,94.0,84.38,1.24,0.79,0.0084,0.0042,0.1539,0.0706,1
0.08,97.25,94.0,84.38,1.24,0.79,0.0084,0.0042,0.1592,0.0708,1
0.08,97.25,94.0,84.38,1.24,0.79,0.0084,0.0042,0.1693,0.071,1
0.08,97.25,94.0,84.38,1.24,0.79,0.0513,0.0045,0.0517,0.0834,0
0.08,97.25,94.0,84.38,1.24,0.79,0.0513,0.0045,0.0551,0.0837,0
0.08,97.25,94.0,84.38,1.24,0.79,0.0513,0.0045,0.0785,0.0838,0
0.08,97.25,94.0,84.38,1.24,0.79,0.008,0.004,0.103,0.0658,1
0.08,97.25,94.0,84.38,1.24,0.79,0.008,0.004,0.1133,0.066,1
0.08,97.25,94.0,84.38,1.24,0.79,0.008,0.004,0.1381,0.0662,1
0.08,98.5,86.0,84.36,1.24,0.79,0.0085,0.0043,0.104,0.0986,1
0.08,98.5,86.0,84.36,1.24,0.79,0.0085,0.0043,0.1062,0.0988,1
0.08,98.5,86.0,84.36,1.24,0.79,0.0085,0.0043,0.1167,0.0989,1
0.08,98.5,86.0,84.36,1.24,0.79,0.0565,0.0041,0.0249,0.066,0
0.08,98.5,86.0,84.36,1.24,0.79,0.0565,0.0041,0.0357,0.0662,0
0.08,98.5,86.0,84.36,1.24,0.79,0.0565,0.0041,0.0508,0.0663,0
0.08,98.5,86.0,84.36,1.24,0.79,0.0086,0.0043,0.0233,0.0782,0
0.08,98.5,86.0,84.36,1.24,0.79,0.0086,0.0043,0.028,0.0784,0
0.08,98.5,86.0,84.36,1.24,0.79,0.0086,0.0043,0.0361,0.0785,0
0.08,98.5,86.0,84.36,1.24,0.79,0.0084,0.0042,0.0282,0.0991,0
0.07,98.5,86.0,84.36,6.72,0.92,0.0084,0.0042,0.0352,0.0993,0
0.07,98.5,86.0,84.36,6.72,0.92,0.0084,0.0042,0.042,0.0994,0
0.07,97.0,96.0,84.86,6.72,0.92,0.0538,0.0045,0.0344,0.0837,0
0.07,97.0,96.0,84.86,6.72,0.92,0.0538,0.0045,0.0408,0.0846,0
0.07,97.0,96.0,84.86,6.72,0.92,0.0538,0.0045,0.051,0.0848,0
0.07,97.0,96.0,84.86,6.72,0.92,0.0089,0.0044,0.0383,0.0754,0
0.07,97.0,96.0,84.86,6.72,0.92,0.0089,0.0044,0.0452,0.0765,0
0.07,97.0,96.0,84.86,6.72,0.92,0.0089,0.0044,0.048,0.0768,0
0.07,97.0,96.0,84.86,6.72,0.92,0.0092,0.0046,0.0404,0.0709,0
0.07,97.0,96.0,84.86,6.72,0.92,0.0092,0.0046,0.0485,0.0711,0
0.07,97.0,96.0,84.86,6.72,0.92,0.0092,0.0046,0.0525,0.0713,0
0.07,98.5,97.0,84.36,6.72,0.92,0.0502,0.0041,0.0965,0.1159,0
0.07,98.5,97.0,84.36,6.72,0.92,0.0502,0.0041,0.1195,0.1161,1
0.07,98.5,97.0,84.36,6.72,0.92,0.0502,0.0041,0.1263,0.1162,1
0.07,98.5,97.0,84.36,6.72,0.92,0.0084,0.0042,0.0863,0.0784,1
0.07,98.5,97.0,84.36,6.72,0.92,0.0084,0.0042,0.0921,0.0787,1
0.07,98.5,97.0,84.36,6.72,0.92,0.0084,0.0042,0.109,0.079,1
0.07,98.5,97.0,84.36,6.72,0.92,0.0085,0.0043,0.0303,0.0981,0
0.07,98.5,97.0,84.36,6.72,0.92,0.0085,0.0043,0.0518,0.0983,0
0.07,98.5,97.0,84.36,6.72,0.92,0.0085,0.0043,0.06,0.0985,0
0.07,98.5,97.0,84.36,6.72,0.92,0.0459,0.0042,0.0395,0.065,0
0.07,98.5,97.0,84.36,6.72,0.92,0.0459,0.0042,0.0487,0.0652,0
0.07,98.5,97.0,84.36,6.72,0.92,0.0459,0.0042,0.0613,0.0653,0
0.07,97.75,83.0,84.36,6.72,0.92,0.0082,0.0041,0.0208,0.0997,0
0.07,97.75,83.0,84.36,6.72,0.92,0.0082,0.0041,0.0241,0.0999,0
0.07,97.75,83.0,84.36,6.72,0.92,0.0082,0.0041,0.0348,0.1,0
0.07,97.75,83.0,84.36,6.72,0.92,0.0088,0.0044,0.0176,0.1233,0
0.07,97.75,83.0,84.36,6.72,0.92,0.0088,0.0044,0.0227,0.1236,0
0.07,97.75,83.0,84.36,6.72,0.92,0.0088,0.0044,0.0298,0.1237,0
0.08,97.75,83.0,84.36,1.49,1.39,0.0458,0.0042,0.0538,0.1001,0
0.08,97.75,83.0,84.36,1.49,1.39,0.0458,0.0042,0.0621,0.1003,0
0.08,97.75,83.0,84.36,1.49,1.39,0.0458,0.0042,0.0681,0.1005,0
0.08,97.75,83.0,84.36,1.49,1.39,0.0091,0.0046,0.049,0.0773,0
0.08,97.75,83.0,84.36,1.49,1.39,0.0091,0.0046,0.0514,0.0775,0
0.08,97.75,83.0,84.36,1.49,1.39,0.0091,0.0046,0.0748,0.0777,0
0.08,99.25,94.0,84.54,1.49,1.39,0.0085,0.0042,0.0251,0.1017,0
0.08,99.25,94.0,84.54,1.49,1.39,0.0085,0.0042,0.0406,0.1019,0
0.08,99.25,94.0,84.54,1.49,1.39,0.0085,0.0042,0.0519,0.102,0
0.08,99.25,94.0,84.54,1.49,1.39,0.0455,0.0046,0.0709,0.0828,0
0.08,99.25,94.0,84.54,1.49,1.39,0.0455,0.0046,0.08,0.0831,0
0.08,99.25,94.0,84.54,1.49,1.39,0.0455,0.0046,0.0845,0.0833,1
0.08,99.25,94.0,84.54,1.49,1.39,0.0096,0.0048,0.0274,0.0866,0
0.08,99.25,94.0,84.54,1.49,1.39,0.0096,0.0048,0.035,0.0874,0
0.08,99.25,94.0,84.54,1.49,1.39,0.0096,0.0048,0.038,0.0876,0
0.08,96.25,99.0,84.31,1.49,1.39,0.0088,0.0044,0.0179,0.099,0
0.08,96.25,99.0,84.31,1.49,1.39,0.0088,0.0044,0.0301,0.0992,0
0.08,96.25,99.0,84.31,1.49,1.39,0.0088,0.0044,0.0325,0.0995,0
0.08,96.25,99.0,84.31,1.49,1.39,0.0489,0.0044,0.0404,0.0869,0
0.08,96.25,99.0,84.31,1.49,1.39,0.0489,0.0044,0.0612,0.0871,0
0.08,96.25,99.0,84.31,1.49,1.39,0.0489,0.0044,0.0675,0.0872,0
0.08,96.25,99.0,84.31,1.49,1.39,0.0091,0.0045,0.0298,0.1323,0
0.08,96.25,99.0,84.31,1.49,1.39,0.0091,0.0045,0.0322,0.1325,0
0.08,96.25,99.0,84.31,1.49,1.39,0.0091,0.0045,0.0422,0.1327,0
0.08,96.25,99.0,84.31,1.49,1.39,0.0085,0.0042,0.0209,0.0981,0
0.08,96.25,99.0,84.31,1.49,1.39,0.0085,0.0042,0.0273,0.0983,0
0.08,96.25,99.0,84.31,1.49,1.39,0.0085,0.0042,0.0299,0.0985,0
0.08,95.75,93.0,84.84,1.49,1.39,0.0488,0.0042,0.027,0.066,0
0.08,95.75,93.0,84.84,1.49,1.39,0.0488,0.0042,0.0427,0.0661,0
0.08,95.75,93.0,84.84,1.49,1.39,0.0488,0.0042,0.047,0.0663,0
0.08,95.75,93.0,84.84,1.49,1.39,0.0081,0.004,0.027,0.0855,0
0.08,95.75,93.0,84.84,1.49,1.39,0.0081,0.004,0.0302,0.0857,0
0.08,95.75,93.0,84.84,3.12,1.5,0.0081,0.004,0.052,0.0858,0
0.08,95.75,93.0,84.84,3.12,1.5,0.0087,0.0044,0.0294,0.0652,0
0.08,95.75,93.0,84.84,3.12,1.5,0.0087,0.0044,0.0441,0.0655,0
0.08,95.75,93.0,84.84,3.12,1.5,0.0087,0.0044,0.0535,0.0657,0
0.08,97.0,93.0,84.79,3.12,1.5,0.0501,0.0046,0.0331,0.0633,0
0.08,97.0,93.0,84.79,3.12,1.5,0.0501,0.0046,0.0383,0.0635,0
0.08,97.0,93.0,84.79,3.12,1.5,0.0501,0.0046,0.0631,0.0637,0
0.08,97.0,93.0,84.79,3.12,1.5,0.0088,0.0044,0.0333,0.1029,0
0.08,97.0,93.0,84.79,3.12,1.5,0.0088,0.0044,0.0354,0.1031,0
0.08,97.0,93.0,84.79,3.12,1.5,0.0088,0.0044,0.0427,0.1032,0
0.08,97.0,93.0,84.79,3.12,1.5,0.0084,0.0042,0.0285,0.1043,0
0.08,97.0,93.0,84.79,3.12,1.5,0.0084,0.0042,0.0328,0.1045,0
0.08,97.0,93.0,84.79,3.12,1.5,0.0084,0.0042,0.0371,0.1046,0
0.08,97.0,93.0,84.79,3.12,1.5,0.0504,0.0045,0.0531,0.08,0
0.08,97.0,93.0,84.79,3.12,1.5,0.0504,0.0045,0.0567,0.0802,0
0.08,97.0,93.0,84.79,3.12,1.5,0.0504,0.0045,0.0607,0.0803,0
0.08,97.0,99.0,84.36,3.12,1.5,0.0085,0.0043,0.0223,0.1018,0
0.08,97.0,99.0,84.36,3.12,1.5,0.0085,0.0043,0.0248,0.102,0
0.08,97.0,99.0,84.36,3.12,1.5,0.0085,0.0043,0.0424,0.1021,0
0.08,97.0,99.0,84.36,3.12,1.5,0.0084,0.0042,0.0209,0.0999,0
0.08,97.0,99.0,84.36,3.12,1.5,0.0084,0.0042,0.0238,0.1002,0
0.08,97.0,99.0,84.36,3.12,1.5,0.0084,0.0042,0.0325,0.1004,0
0.08,97.0,99.0,84.36,3.12,1.5,0.0464,0.0043,0.026,0.1911,0
0.08,97.0,99.0,84.36,3.12,1.5,0.0464,0.0043,0.0297,0.1913,0
0.08,97.0,99.0,84.36,3.12,1.5,0.0464,0.0043,0.0351,0.1914,0
0.08,96.25,94.0,84.38,3.12,1.5,0.0087,0.0044,0.0363,0.0895,0
0.08,96.25,94.0,84.38,3.12,1.5,0.0087,0.0044,0.0437,0.0896,0
0.08,96.25,94.0,84.38,3.12,1.5,0.0087,0.0044,0.0487,0.0898,0
0.08,96.25,94.0,84.38,1.2,1.64,0.0086,0.0043,0.0339,0.0925,0
0.08,96.25,94.0,84.38,1.2,1.64,0.0086,0.0043,0.064,0.0927,0
0.08,96.25,94.0,84.38,1.2,1.64,0.0086,0.0043,0.0752,0.0943,0
0.08,96.25,94.0,84.38,1.2,1.64,0.0618,0.0044,0.0567,0.0948,0
0.08,96.25,94.0,84.38,1.2,1.64,0.0618,0.0044,0.0591,0.0951,0
0.08,96.25,94.0,84.38,1.2,1.64,0.0618,0.0044,0.0809,0.0952,0
0.08,96.25,94.0,84.38,1.2,1.64,0.0091,0.0045,0.0184,0.1091,0
0.08,96.25,94.0,84.38,1.2,1.64,0.0091,0.0045,0.0229,0.1093,0
0.08,96.25,94.0,84.38,1.2,1.64,0.0091,0.0045,0.0367,0.1095,0
0.08,98.5,94.0,84.43,1.2,1.64,0.0086,0.0043,0.026,0.0981,0
0.08,98.5,94.0,84.43,1.2,1.64,0.0086,0.0043,0.029,0.0983,0
0.08,98.5,94.0,84.43,1.2,1.64,0.0086,0.0043,0.0497,0.0984,0
0.08,98.5,94.0,84.43,1.2,1.64,0.0471,0.0045,0.024,0.0865,0
0.08,98.5,94.0,84.43,1.2,1.64,0.0471,0.0045,0.0272,0.0867,0
0.08,98.5,94.0,84.43,1.2,1.64,0.0471,0.0045,0.0341,0.0869,0
0.08,98.5,94.0,84.43,1.2,1.64,0.0075,0.0038,0.0178,0.0943,0
0.08,98.5,94.0,84.43,1.2,1.64,0.0075,0.0038,0.0205,0.0945,0
0.08,98.5,94.0,84.43,1.2,1.64,0.0075,0.0038,0.0232,0.0946,0
0.08,97.75,95.0,84.91,1.2,1.64,0.0089,0.0044,0.0308,0.0761,0
0.08,97.75,95.0,84.91,1.2,1.64,0.0089,0.0044,0.0427,0.0763,0
0.08,97.75,95.0,84.91,1.2,1.64,0.0089,0.0044,0.0556,0.0764,0
0.08,97.75,95.0,84.91,1.2,1.64,0.0577,0.0044,0.0468,0.0851,0
0.08,97.75,95.0,84.91,1.2,1.64,0.0577,0.0044,0.0536,0.0853,0
0.08,97.75,95.0,84.91,1.2,1.64,0.0577,0.0044,0.0653,0.0854,0
0.08,97.75,95.0,84.91,1.2,1.64,0.0081,0.0041,0.0284,0.0832,0
0.08,97.75,95.0,84.91,1.2,1.64,0.0081,0.0041,0.0461,0.0834,0
0.08,97.75,95.0,84.91,1.2,1.64,0.0081,0.0041,0.0491,0.0836,0
0.08,97.75,95.0,84.91,1.2,1.64,0.0084,0.0042,0.0385,0.0914,0
0.08,97.75,95.0,84.91,1.2,1.64,0.0084,0.0042,0.0468,0.0916,0
0.08,97.75,95.0,84.91,1.2,1.64,0.0084,0.0042,0.0699,0.092,0
0.08,98.5,94.0,84.54,1.2,1.64,0.054,0.0038,0.0285,0.1048,0
0.08,98.5,94.0,84.54,1.2,1.64,0.054,0.0038,0.0316,0.1051,0
0.08,98.5,94.0,84.54,1.2,1.64,0.054,0.0038,0.0345,0.1053,0
0.08,98.5,94.0,84.54,4.27,1.91,0.0085,0.0043,0.0396,0.0659,0
0.08,98.5,94.0,84.54,4.27,1.91,0.0085,0.0043,0.0418,0.0661,0
0.08,98.5,94.0,84.54,4.27,1.91,0.0085,0.0043,0.0459,0.0662,0
0.08,98.5,94.0,84.54,4.27,1.91,0.0087,0.0044,0.021,0.0665,0
0.08,98.5,94.0,84.54,4.27,1.91,0.0087,0.0044,0.0294,0.0667,0
0.08,98.5,94.0,84.54,4.27,1.91,0.0087,0.0044,0.033,0.0668,0
0.08,96.25,99.0,84.38,4.27,1.91,0.0545,0.0043,0.0308,0.0624,0
0.08,96.25,99.0,84.38,4.27,1.91,0.0545,0.0043,0.0333,0.0626,0
0.08,96.25,99.0,84.38,4.27,1.91,0.0545,0.0043,0.0591,0.0627,0
0.08,96.25,99.0,84.38,4.27,1.91,0.0084,0.0042,0.0376,0.0904,0
0.08,96.25,99.0,84.38,4.27,1.91,0.0084,0.0042,0.0458,0.0906,0
0.08,96.25,99.0,84.38,4.27,1.91,0.0084,0.0042,0.1726,0.0908,1
0.08,96.25,99.0,84.38,4.27,1.91,0.0087,0.0044,0.0987,0.0922,1
0.08,96.25,99.0,84.38,4.27,1.91,0.0087,0.0044,0.101,0.0924,1
0.08,96.25,99.0,84.38,4.27,1.91,0.0087,0.0044,0.1146,0.0932,1
0.08,98.5,96.0,84.43,4.27,1.91,0.0581,0.0039,0.0404,0.0911,0
0.08,98.5,96.0,84.43,4.27,1.91,0.0581,0.0039,0.0435,0.0913,0
0.08,98.5,96.0,84.43,4.27,1.91,0.0581,0.0039,0.0593,0.0914,0
0.08,98.5,96.0,84.43,4.27,1.91,0.008,0.004,0.0201,0.0878,0
0.08,98.5,96.0,84.43,4.27,1.91,0.008,0.004,0.0228,0.0879,0
0.08,98.5,96.0,84.43,4.27,1.91,0.008,0.004,0.0292,0.0881,0
0.08,98.5,96.0,84.43,4.27,1.91,0.0086,0.0043,0.0333,0.0948,0
0.08,98.5,96.0,84.43,4.27,1.91,0.0086,0.0043,0.0377,0.0951,0
0.08,98.5,96.0,84.43,4.27,1.91,0.0086,0.0043,0.0525,0.0955,0
0.08,98.5,96.0,84.43,4.27,1.91,0.0604,0.0043,0.0297,0.1539,0
0.08,98.5,96.0,84.43,4.27,1.91,0.0604,0.0043,0.0439,0.1541,0
0.08,98.5,96.0,84.43,4.27,1.91,0.0604,0.0043,0.0529,0.1553,0
0.09,97.0,94.0,84.89,1.15,2.07,0.008,0.004,0.0172,0.1938,0
0.09,97.0,94.0,84.89,1.15,2.07,0.008,0.004,0.0362,0.194,0
0.09,97.0,94.0,84.89,1.15,2.07,0.008,0.004,0.043,0.1941,0
0.09,97.0,94.0,84.89,1.15,2.07,0.0084,0.0042,0.0202,0.1573,0
0.09,97.0,94.0,84.89,1.15,2.07,0.0084,0.0042,0.0402,0.1575,0
0.09,97.0,94.0,84.89,1.15,2.07,0.0084,0.0042,0.0553,0.1576,0
0.09,97.0,94.0,84.89,1.15,2.07,0.0579,0.0041,0.0348,0.1733,0
0.09,97.0,94.0,84.89,1.15,2.07,0.0579,0.0041,0.0437,0.1736,0
0.09,97.0,94.0,84.89,1.15,2.07,0.0579,0.0041,0.0534,0.1737,0
0.09,98.5,89.0,84.86,1.15,2.07,0.0086,0.0043,0.0708,0.16,0
0.09,98.5,89.0,84.86,1.15,2.07,0.0086,0.0043,0.0799,0.1602,0
0.09,98.5,89.0,84.86,1.15,2.07,0.0086,0.0043,0.0867,0.1604,0
0.09,98.5,89.0,84.86,1.15,2.07,0.0095,0.0047,0.0606,0.1175,0
0.09,98.5,89.0,84.86,1.15,2.07,0.0095,0.0047,0.0677,0.1177,0
0.09,98.5,89.0,84.86,1.15,2.07,0.0095,0.0047,0.0737,0.1178,0
0.09,98.5,89.0,84.86,1.15,2.07,0.0527,0.004,0.0205,0.1608,0
0.09,98.5,89.0,84.86,1.15,2.07,0.0527,0.004,0.0295,0.161,0
0.09,98.5,89.0,84.86,1.15,2.07,0.0527,0.004,0.0336,0.1612,0
0.09,98.5,89.0,84.86,1.15,2.07,0.0084,0.0042,0.0203,0.1606,0
0.09,98.5,89.0,84.86,1.15,2.07,0.0084,0.0042,0.0265,0.1613,0
0.09,98.5,89.0,84.86,1.15,2.07,0.0084,0.0042,0.0288,0.1615,0
0.09,99.25,90.0,84.33,1.15,2.07,0.0083,0.0042,0.0172,0.1662,0
0.09,99.25,90.0,84.33,1.15,2.07,0.0083,0.0042,0.0299,0.1664,0
0.09,99.25,90.0,84.33,1.15,2.07,0.0083,0.0042,0.0324,0.1666,0
0.09,99.25,90.0,84.33,1.15,2.07,0.0549,0.0043,0.0268,0.1454,0
0.09,99.25,90.0,84.33,1.15,2.07,0.0549,0.0043,0.0303,0.1456,0
0.09,99.25,90.0,84.33,1.15,2.07,0.0549,0.0043,0.0609,0.1457,0
0.09,99.25,90.0,84.33,1.15,2.07,0.0085,0.0042,0.0595,0.1334,0
0.09,99.25,90.0,84.33,1.15,2.07,0.0085,0.0042,0.0668,0.1336,0
0.09,99.25,90.0,84.33,1.15,2.07,0.0085,0.0042,0.0821,0.1337,0
0.09,99.25,90.0,84.33,1.15,2.07,0.0085,0.0043,0.0163,0.1291,0
0.09,99.25,90.0,84.33,1.15,2.07,0.0085,0.0043,0.0331,0.1293,0
0.09,99.25,90.0,84.33,1.15,2.07,0.0085,0.0043,0.0407,0.1295,0
0.06,98.5,77.0,84.38,2.28,2.06,0.0668,0.0043,0.0291,0.1339,0
0.06,98.5,77.0,84.38,2.28,2.06,0.0668,0.0043,0.0314,0.1341,0
0.06,98.5,77.0,84.38,2.28,2.06,0.0668,0.0043,0.042,0.1342,0
0.06,98.5,77.0,84.38,2.28,2.06,0.0091,0.0045,0.0394,0.1297,0
0.06,98.5,77.0,84.38,2.28,2.06,0.0091,0.0045,0.0593,0.1301,0
0.06,98.5,77.0,84.38,2.28,2.06,0.0091,0.0045,0.0622,0.1303,0
0.06,98.5,77.0,84.38,2.28,2.06,0.0087,0.0044,0.0342,0.1761,0
0.06,98.5,77.0,84.38,2.28,2.06,0.0087,0.0044,0.0387,0.1763,0
0.06,98.5,77.0,84.38,2.28,2.06,0.0087,0.0044,0.0524,0.1767,0
0.06,98.5,77.0,84.38,2.28,2.06,0.0531,0.0044,0.0386,0.1529,0
0.06,98.5,77.0,84.38,2.28,2.06,0.0531,0.0044,0.0433,0.1531,0
0.06,98.5,77.0,84.38,2.28,2.06,0.0531,0.0044,0.0584,0.1532,0
0.06,97.75,97.0,84.86,2.28,2.06,0.0085,0.0042,0.0263,0.0962,0
0.06,97.75,97.0,84.86,2.28,2.06,0.0085,0.0042,0.0286,0.0964,0
0.06,97.75,97.0,84.86,2.28,2.06,0.0085,0.0042,0.0312,0.0965,0
0.06,97.75,97.0,84.86,2.28,2.06,0.0089,0.0045,0.0464,0.1517,0
0.06,97.75,97.0,84.86,2.28,2.06,0.0089,0.0045,0.0522,0.1519,0
0.06,97.75,97.0,84.86,2.28,2.06,0.0089,0.0045,0.0621,0.152,0
0.06,97.75,97.0,84.86,2.28,2.06,0.0482,0.0044,0.0554,0.1014,0
0.06,97.75,97.0,84.86,2.28,2.06,0.0482,0.0044,0.0661,0.1016,0
0.06,97.75,97.0,84.86,2.28,2.06,0.0482,0.0044,0.0844,0.1017,0
0.06,97.75,97.0,84.86,2.28,2.06,0.0101,0.0051,0.03,0.0658,0
0.06,97.75,97.0,84.86,2.28,2.06,0.0101,0.0051,0.0379,0.066,0
0.06,97.75,97.0,84.86,2.28,2.06,0.0101,0.0051,0.0411,0.0666,0
0.06,99.25,94.0,84.64,2.28,2.06,0.0098,0.0049,0.0186,0.1897,0
0.06,99.25,94.0,84.64,2.28,2.06,0.0098,0.0049,0.0274,0.19,0
0.06,99.25,94.0,84.64,2.28,2.06,0.0098,0.0049,0.0301,0.1903,0
0.06,99.25,94.0,84.64,2.28,2.06,0.0474,0.0045,0.0316,0.2387,0
0.06,99.25,94.0,84.64,2.28,2.06,0.0474,0.0045,0.0412,0.239,0
0.06,99.25,94.0,84.64,2.28,2.06,0.0474,0.0045,0.0437,0.2393,0
0.08,99.25,94.0,84.64,1.31,2.14,0.0083,0.0041,0.0214,0.2231,0
0.08,99.25,94.0,84.64,1.31,2.14,0.0083,0.0041,0.0297,0.2233,0
0.08,99.25,94.0,84.64,1.31,2.14,0.0083,0.0041,0.05,0.2236,0
0.08,98.5,93.0,84.41,1.31,2.14,0.0081,0.004,0.0488,0.269,0
0.08,98.5,93.0,84.41,1.31,2.14,0.0081,0.004,0.055,0.2692,0
0.08,98.5,93.0,84.41,1.31,2.14,0.0081,0.004,0.0574,0.2693,0
0.08,98.5,93.0,84.41,1.31,2.14,0.0589,0.0046,0.0735,0.2474,0
0.08,98.5,93.0,84.41,1.31,2.14,0.0589,0.0046,0.0825,0.2476,0
0.08,98.5,93.0,84.41,1.31,2.14,0.0589,0.0046,0.0902,0.2477,0
0.08,98.5,93.0,84.41,1.31,2.14,0.0092,0.0046,0.0186,0.312,0
0.08,98.5,93.0,84.41,1.31,2.14,0.0092,0.0046,0.0211,0.3125,0
0.08,98.5,93.0,84.41,1.31,2.14,0.0092,0.0046,0.0345,0.3126,0
0.08,98.5,93.0,84.41,1.31,2.14,0.0081,0.0041,0.0358,0.2955,0
0.08,98.5,93.0,84.41,1.31,2.14,0.0081,0.0041,0.0451,0.2957,0
0.08,98.5,93.0,84.41,1.31,2.14,0.0081,0.0041,0.0753,0.2959,0
0.08,97.0,85.0,84.59,1.31,2.14,0.0633,0.0044,0.0367,0.2594,0
0.08,97.0,85.0,84.59,1.31,2.14,0.0633,0.0044,0.0517,0.2596,0
0.08,97.0,85.0,84.59,1.31,2.14,0.0633,0.0044,0.0544,0.2597,0
0.08,97.0,85.0,84.59,1.31,2.14,0.0081,0.0041,0.0284,0.1881,0
0.08,97.0,85.0,84.59,1.31,2.14,0.0081,0.0041,0.0307,0.1884,0
0.08,97.0,85.0,84.59,1.31,2.14,0.0081,0.0041,0.0416,0.1887,0
0.08,97.0,85.0,84.59,1.31,2.14,0.0082,0.0041,0.0182,0.1723,0
0.08,97.0,85.0,84.59,1.31,2.14,0.0082,0.0041,0.0245,0.1726,0
0.08,97.0,85.0,84.59,1.31,2.14,0.0082,0.0041,0.034,0.1727,0
0.08,97.0,89.0,84.38,1.31,2.14,0.0524,0.0044,0.036,0.1705,0
0.08,97.0,89.0,84.38,1.31,2.14,0.0524,0.0044,0.0401,0.1707,0
0.08,97.0,89.0,84.38,1.31,2.14,0.0524,0.0044,0.0459,0.1709,0
0.08,97.0,89.0,84.38,1.31,2.14,0.0081,0.0041,0.0293,0.1445,0
0.08,97.0,89.0,84.38,1.31,2.14,0.0081,0.0041,0.0353,0.1447,0
0.08,97.0,89.0,84.38,1.31,2.14,0.0081,0.0041,0.0393,0.1448,0
0.09,97.0,89.0,84.38,1.89,2.19,0.0088,0.0044,0.0243,0.0791,0
0.09,97.0,89.0,84.38,1.89,2.19,0.0088,0.0044,0.0282,0.0793,0
0.09,97.0,89.0,84.38,1.89,2.19,0.0088,0.0044,0.0342,0.0796,0
0.09,97.0,89.0,84.38,1.89,2.19,0.0528,0.0046,0.0395,0.0796,0
0.09,97.0,89.0,84.38,1.89,2.19,0.0528,0.0046,0.0416,0.0798,0
0.09,97.0,89.0,84.38,1.89,2.19,0.0528,0.0046,0.0511,0.08,0
0.09,98.5,97.0,84.31,1.89,2.19,0.0088,0.0044,0.0171,0.1206,0
0.09,98.5,97.0,84.31,1.89,2.19,0.0088,0.0044,0.0266,0.1207,0
0.09,98.5,97.0,84.31,1.89,2.19,0.0088,0.0044,0.0399,0.1285,0
0.09,98.5,97.0,84.31,1.89,2.19,0.0088,0.0044,0.0194,0.0983,0
0.09,98.5,97.0,84.31,1.89,2.19,0.0088,0.0044,0.0253,0.0985,0
0.09,98.5,97.0,84.31,1.89,2.19,0.0088,0.0044,0.0317,0.0986,0
0.09,98.5,97.0,84.31,1.89,2.19,0.0656,0.0043,0.0621,0.0724,0
0.09,98.5,97.0,84.31,1.89,2.19,0.0656,0.0043,0.0709,0.0762,0
0.09,98.5,97.0,84.31,1.89,2.19,0.0656,0.0043,0.0792,0.0765,1
0.09,99.25,96.0,84.89,1.89,2.19,0.0081,0.004,0.0424,0.1207,0
0.09,99.25,96.0,84.89,1.89,2.19,0.0081,0.004,0.0454,0.1209,0
0.09,99.25,96.0,84.89,1.89,2.19,0.0081,0.004,0.0493,0.121,0
0.09,99.25,96.0,84.89,1.89,2.19,0.009,0.0045,0.0561,0.1095,0
0.09,99.25,96.0,84.89,1.89,2.19,0.009,0.0045,0.06,0.1098,0
0.09,99.25,96.0,84.89,1.89,2.19,0.009,0.0045,0.0694,0.1101,0
0.09,99.25,96.0,84.89,1.89,2.19,0.0536,0.0042,0.0284,0.0642,0
0.09,99.25,96.0,84.89,1.89,2.19,0.0536,0.0042,0.038,0.0644,0
0.09,99.25,96.0,84.89,1.89,2.19,0.0536,0.0042,0.0401,0.0645,0
0.09,99.25,96.0,84.89,1.89,2.19,0.0085,0.0043,0.03,0.0688,0
0.09,99.25,96.0,84.89,1.89,2.19,0.0085,0.0043,0.0369,0.069,0
0.09,99.25,96.0,84.89,1.89,2.19,0.0085,0.0043,0.0596,0.0692,0
0.09,98.5,91.0,84.64,1.89,2.19,0.0094,0.0047,0.048,0.1191,0
0.09,98.5,91.0,84.64,1.89,2.19,0.0094,0.0047,0.0546,0.1193,0
0.09,98.5,91.0,84.64,1.89,2.19,0.0094,0.0047,0.0593,0.1195,0
0.08,98.5,91.0,84.64,1.12,2.22,0.051,0.0047,0.0705,0.0913,0
0.08,98.5,91.0,84.64,1.12,2.22,0.051,0.0047,0.0904,0.0917,0
0.08,98.5,91.0,84.64,1.12,2.22,0.051,0.0047,0.0968,0.0918,1
0.08,98.5,91.0,84.64,1.12,2.22,0.0092,0.0046,0.0367,0.0998,0
0.08,98.5,91.0,84.64,1.12,2.22,0.0092,0.0046,0.0479,0.1,0
0.08,98.5,91.0,84.64,1.12,2.22,0.0092,0.0046,0.0632,0.1002,0
0.08,98.5,99.0,84.38,1.12,2.22,0.0084,0.0042,0.0371,0.105,0
0.08,98.5,99.0,84.38,1.12,2.22,0.0084,0.0042,0.0402,0.1052,0
0.08,98.5,99.0,84.38,1.12,2.22,0.0084,0.0042,0.0577,0.1053,0
0.08,98.5,99.0,84.38,1.12,2.22,0.0596,0.0045,0.061,0.0762,0
0.08,98.5,99.0,84.38,1.12,2.22,0.0596,0.0045,0.0687,0.0764,0
0.08,98.5,99.0,84.38,1.12,2.22,0.0596,0.0045,0.0863,0.0766,1
0.08,98.5,99.0,84.38,1.12,2.22,0.009,0.0045,0.0244,0.1248,0
0.08,98.5,99.0,84.38,1.12,2.22,0.009,0.0045,0.0314,0.125,0
0.08,98.5,99.0,84.38,1.12,2.22,0.009,0.0045,0.034,0.1251,0
0.08,98.5,99.0,84.38,1.12,2.22,0.0085,0.0043,0.0245,0.0931,0
0.08,98.5,99.0,84.38,1.12,2.22,0.0085,0.0043,0.0297,0.0961,0
0.08,98.5,99.0,84.38,1.12,2.22,0.0085,0.0043,0.0425,0.0963,0
0.08,98.5,88.0,84.46,1.12,2.22,0.0699,0.0045,0.1679,0.0629,1
0.08,98.5,88.0,84.46,1.12,2.22,0.0699,0.0045,0.1744,0.063,1
0.08,98.5,88.0,84.46,1.12,2.22,0.0699,0.0045,0.1767,0.0632,1
0.08,98.5,88.0,84.46,1.12,2.22,0.0089,0.0044,0.0259,0.0991,0
0.08,98.5,88.0,84.46,1.12,2.22,0.0089,0.0044,0.0364,0.0993,0
0.08,98.5,88.0,84.46,1.12,2.22,0.0089,0.0044,0.0389,0.0995,0
0.08,99.25,93.0,84.56,1.12,2.22,0.0088,0.0044,0.0995,0.0898,1
0.08,99.25,93.0,84.56,1.12,2.22,0.0088,0.0044,0.1051,0.0899,1
0.08,99.25,93.0,84.56,1.12,2.22,0.0088,0.0044,0.1126,0.0901,1
0.07,99.25,93.0,84.56,7.78,2.77,0.0596,0.0048,0.0445,0.0959,0
0.07,99.25,93.0,84.56,7.78,2.77,0.0596,0.0048,0.0538,0.0961,0
0.07,99.25,93.0,84.56,7.78,2.77,0.0596,0.0048,0.0583,0.0962,0
0.07,99.25,93.0,84.56,7.78,2.77,0.0093,0.0046,0.0266,0.0727,0
0.07,99.25,93.0,84.56,7.78,2.77,0.0093,0.0046,0.03,0.0729,0
0.07,99.25,93.0,84.56,7.78,2.77,0.0093,0.0046,0.0811,0.073,1
0.07,99.25,23.0,84.94,7.78,2.77,0.0085,0.0042,0.0787,0.0927,0
0.07,99.25,23.0,84.94,7.78,2.77,0.0085,0.0042,0.0893,0.0929,0
0.07,99.25,23.0,84.94,7.78,2.77,0.0085,0.0042,0.1049,0.0938,1
0.07,99.25,23.0,84.94,7.78,2.77,0.0594,0.0041,0.0751,0.086,0
0.07,99.25,23.0,84.94,7.78,2.77,0.0594,0.0041,0.1208,0.0862,1
0.07,99.25,23.0,84.94,7.78,2.77,0.0594,0.0041,0.1238,0.0863,1
0.07,99.25,23.0,84.94,7.78,2.77,0.0084,0.0042,0.0987,0.1052,0
0.07,99.25,23.0,84.94,7.78,2.77,0.0084,0.0042,0.1025,0.1054,0
0.07,99.25,23.0,84.94,7.78,2.77,0.0084,0.0042,0.1294,0.1055,1
0.07,99.25,23.0,84.94,7.78,2.77,0.0094,0.0047,0.0721,0.0653,1
0.07,99.25,23.0,84.94,7.78,2.77,0.0094,0.0047,0.0802,0.0655,1
0.07,99.25,23.0,84.94,7.78,2.77,0.0094,0.0047,0.0995,0.0657,1
0.07,98.5,85.0,85.12,7.78,2.77,0.0673,0.0043,0.08,0.0812,0
0.07,98.5,85.0,85.12,7.78,2.77,0.0673,0.0043,0.1058,0.0814,1
0.07,98.5,85.0,85.12,7.78,2.77,0.0673,0.0043,0.1238,0.0818,1
0.07,98.5,85.0,85.12,7.78,2.77,0.009,0.0045,0.0926,0.1058,0
0.07,98.5,85.0,85.12,7.78,2.77,0.009,0.0045,0.0953,0.106,0
0.07,98.5,85.0,85.12,7.78,2.77,0.009,0.0045,0.1024,0.1062,0
0.07,98.5,85.0,85.12,7.78,2.77,0.0088,0.0044,0.0497,0.095,0
0.07,98.5,85.0,85.12,7.78,2.77,0.0088,0.0044,0.0522,0.0952,0
0.07,98.5,85.0,85.12,7.78,2.77,0.0088,0.0044,0.0543,0.0953,0
0.06,99.25,60.0,85.19,1.86,2.82,0.0623,0.0044,0.0461,0.083,0
0.06,99.25,60.0,85.19,1.86,2.82,0.0623,0.0044,0.0577,0.0832,0
0.06,99.25,60.0,85.19,1.86,2.82,0.0623,0.0044,0.0769,0.0833,0
0.06,99.25,60.0,85.19,1.86,2.82,0.0094,0.0047,0.0753,0.0855,0
0.06,99.25,60.0,85.19,1.86,2.82,0.0094,0.0047,0.12,0.0857,1
0.06,99.25,60.0,85.19,1.86,2.82,0.0094,0.0047,0.1262,0.0859,1
0.06,99.25,60.0,85.19,1.86,2.82,0.0088,0.0044,0.1227,0.0881,1
0.06,99.25,60.0,85.19,1.86,2.82,0.0088,0.0044,0.142,0.0883,1
0.06,99.25,60.0,85.19,1.86,2.82,0.0088,0.0044,0.1605,0.0884,1
0.06,99.25,60.0,85.19,1.86,2.82,0.056,0.0051,0.0712,0.0767,0
0.06,99.25,60.0,85.19,1.86,2.82,0.056,0.0051,0.1041,0.077,1
0.06,99.25,60.0,85.19,1.86,2.82,0.056,0.0051,0.1062,0.0772,1
0.06,100.0,92.0,85.65,1.86,2.82,0.01,0.005,0.0533,0.1145,0
0.06,100.0,92.0,85.65,1.86,2.82,0.01,0.005,0.0588,0.1147,0
0.06,100.0,92.0,85.65,1.86,2.82,0.01,0.005,0.0783,0.1148,0
0.06,100.0,92.0,85.65,1.86,2.82,0.0086,0.0043,0.1364,0.0729,1
0.06,100.0,92.0,85.65,1.86,2.82,0.0086,0.0043,0.1503,0.0732,1
0.06,100.0,92.0,85.65,1.86,2.82,0.0086,0.0043,0.1527,0.0735,1
0.06,98.5,75.0,85.92,1.86,2.82,0.049,0.0045,0.06,0.0947,0
0.06,98.5,75.0,85.92,1.86,2.82,0.049,0.0045,0.0648,0.0949,0
0.06,98.5,75.0,85.92,1.86,2.82,0.049,0.0045,0.1141,0.095,1
0.06,98.5,75.0,85.92,1.86,2.82,0.0087,0.0044,0.0873,0.0912,0
0.06,98.5,75.0,85.92,1.86,2.82,0.0087,0.0044,0.1001,0.0914,1
0.06,98.5,75.0,85.92,1.86,2.82,0.0087,0.0044,0.1204,0.0915,1
0.06,98.5,75.0,85.92,1.86,2.82,0.0092,0.0046,0.1067,0.0947,1
0.06,98.5,75.0,85.92,1.86,2.82,0.0092,0.0046,0.146,0.0949,1
0.06,98.5,75.0,85.92,2.13,2.36,0.0092,0.0046,0.1774,0.0966,1
0.06,100.0,74.0,86.1,2.13,2.36,0.0539,0.0043,0.0642,0.0685,0
0.06,100.0,74.0,86.1,2.13,2.36,0.0539,0.0043,0.0813,0.0688,1
0.06,100.0,74.0,86.1,2.13,2.36,0.0539,0.0043,0.0961,0.0689,1
0.06,100.0,74.0,86.1,2.13,2.36,0.0087,0.0043,0.0966,0.0815,1
0.06,100.0,74.0,86.1,2.13,2.36,0.0087,0.0043,0.103,0.0818,1
0.06,100.0,74.0,86.1,2.13,2.36,0.0087,0.0043,0.1221,0.0821,1
0.06,100.0,74.0,86.1,2.13,2.36,0.0094,0.0047,0.0735,0.0755,0
0.06,100.0,74.0,86.1,2.13,2.36,0.0094,0.0047,0.0909,0.0796,1
0.06,100.0,74.0,86.1,2.13,2.36,0.0094,0.0047,0.1019,0.0798,1
0.06,100.0,74.0,86.1,2.13,2.36,0.0551,0.0047,0.0529,0.0944,0
0.06,100.0,74.0,86.1,2.13,2.36,0.0551,0.0047,0.0552,0.0946,0
0.06,100.0,74.0,86.1,2.13,2.36,0.0551,0.0047,0.0683,0.0949,0
0.06,100.0,92.0,86.18,2.13,2.36,0.0089,0.0045,0.0328,0.0856,0
0.06,100.0,92.0,86.18,2.13,2.36,0.0089,0.0045,0.0641,0.0858,0
0.06,100.0,92.0,86.18,2.13,2.36,0.0089,0.0045,0.0675,0.086,0
0.06,100.0,92.0,86.18,2.13,2.36,0.0087,0.0043,0.0233,0.0718,0
0.06,100.0,92.0,86.18,2.13,2.36,0.0087,0.0043,0.0264,0.072,0
0.06,100.0,92.0,86.18,2.13,2.36,0.0087,0.0043,0.0327,0.0722,0
0.06,100.0,92.0,86.18,2.13,2.36,0.044,0.0041,0.024,0.0949,0
0.06,100.0,92.0,86.18,2.13,2.36,0.044,0.0041,0.0298,0.0951,0
0.06,100.0,92.0,86.18,2.13,2.36,0.044,0.0041,0.0371,0.0952,0
0.06,100.0,92.0,86.18,2.13,2.36,0.0093,0.0047,0.0818,0.0714,1
0.06,100.0,92.0,86.18,2.13,2.36,0.0093,0.0047,0.1013,0.0717,1
0.06,100.0,92.0,86.18,2.13,2.36,0.0093,0.0047,0.1165,0.0718,1
0.06,100.0,65.0,86.02,2.13,2.36,0.008,0.004,0.0997,0.0894,1
0.06,100.0,65.0,86.02,2.13,2.36,0.008,0.004,0.1098,0.0896,1
0.06,100.0,65.0,86.02,2.13,2.36,0.008,0.004,0.1146,0.0897,1
0.06,100.0,65.0,86.02,2.13,2.36,0.0579,0.0043,0.0792,0.1669,0
0.06,100.0,65.0,86.02,2.13,2.36,0.0579,0.0043,0.0871,0.1671,0
0.05,100.0,65.0,86.02,2.16,2.22,0.0579,0.0043,0.1185,0.1673,0
0.05,100.0,65.0,86.02,2.16,2.22,0.0083,0.0042,0.0894,0.175,0
0.05,100.0,65.0,86.02,2.16,2.22,0.0083,0.0042,0.1136,0.1752,0
0.05,100.0,65.0,86.02,2.16,2.22,0.0083,0.0042,0.1316,0.1791,0
0.05,100.0,82.0,85.09,2.16,2.22,0.0089,0.0045,0.0807,0.0692,1
0.05,100.0,82.0,85.09,2.16,2.22,0.0089,0.0045,0.0902,0.0694,1
0.05,100.0,82.0,85.09,2.16,2.22,0.0089,0.0045,0.0945,0.0698,1
0.05,100.0,82.0,85.09,2.16,2.22,0.0599,0.0042,0.0596,0.1183,0
0.05,100.0,82.0,85.09,2.16,2.22,0.0599,0.0042,0.0618,0.1185,0
0.05,100.0,82.0,85.09,2.16,2.22,0.0599,0.0042,0.0811,0.1186,0
0.05,100.0,82.0,85.09,2.16,2.22,0.0087,0.0043,0.055,0.0832,0
0.05,100.0,82.0,85.09,2.16,2.22,0.0087,0.0043,0.079,0.0833,0
0.05,100.0,82.0,85.09,2.16,2.22,0.0087,0.0043,0.0899,0.0835,1
0.05,100.0,82.0,85.09,2.16,2.22,0.0087,0.0043,0.0549,0.1157,0
0.05,100.0,82.0,85.09,2.16,2.22,0.0087,0.0043,0.0637,0.1169,0
0.05,100.0,82.0,85.09,2.16,2.22,0.0087,0.0043,0.0661,0.1171,0
0.05,100.0,82.0,85.09,2.16,2.22,0.052,0.0041,0.028,0.0898,0
0.05,100.0,82.0,85.09,2.16,2.22,0.052,0.0041,0.0322,0.09,0
0.05,100.0,82.0,85.09,2.16,2.22,0.052,0.0041,0.0409,0.0903,0
0.05,99.25,99.0,84.71,2.16,2.22,0.0085,0.0043,0.0211,0.0663,0
0.05,99.25,99.0,84.71,2.16,2.22,0.0085,0.0043,0.0375,0.0665,0
0.05,99.25,99.0,84.71,2.16,2.22,0.0085,0.0043,0.091,0.0666,1
0.05,99.25,99.0,84.71,2.16,2.22,0.0084,0.0042,0.0502,0.089,0
0.05,99.25,99.0,84.71,2.16,2.22,0.0084,0.0042,0.0578,0.0893,0
0.05,99.25,99.0,84.71,2.16,2.22,0.0084,0.0042,0.0754,0.0894,0
0.05,99.25,99.0,84.71,2.16,2.22,0.0625,0.0047,0.0283,0.0927,0
0.05,99.25,99.0,84.71,2.16,2.22,0.0625,0.0047,0.0346,0.0929,0
0.05,99.25,99.0,84.71,2.16,2.22,0.0625,0.0047,0.0392,0.093,0
0.05,99.25,87.0,85.04,2.16,2.22,0.0094,0.0047,0.0306,0.0859,0
0.05,99.25,87.0,85.04,2.16,2.22,0.0094,0.0047,0.038,0.0861,0
0.05,99.25,87.0,85.04,2.16,2.22,0.0094,0.0047,0.0497,0.0862,0
0.05,99.25,87.0,85.04,2.16,2.22,0.0091,0.0045,0.0191,0.0965,0
0.05,99.25,87.0,85.04,2.16,2.22,0.0091,0.0045,0.0307,0.0968,0
0.05,99.25,87.0,85.04,2.16,2.22,0.0091,0.0045,0.0475,0.0969,0
0.07,99.25,87.0,85.04,3.36,2.15,0.0596,0.0045,0.0291,0.0958,0
0.07,99.25,87.0,85.04,3.36,2.15,0.0596,0.0045,0.0313,0.0959,0
0.07,99.25,87.0,85.04,3.36,2.15,0.0596,0.0045,0.0335,0.0961,0
0.07,99.25,87.0,85.04,3.36,2.15,0.0084,0.0042,0.0174,0.0912,0
0.07,99.25,87.0,85.04,3.36,2.15,0.0084,0.0042,0.026,0.0915,0
0.07,99.25,87.0,85.04,3.36,2.15,0.0084,0.0042,0.0322,0.0917,0
0.07,99.25,86.0,85.09,3.36,2.15,0.0081,0.0041,0.0199,0.1069,0
0.07,99.25,86.0,85.09,3.36,2.15,0.0081,0.0041,0.026,0.1072,0
0.07,99.25,86.0,85.09,3.36,2.15,0.0081,0.0041,0.0283,0.1073,0
0.07,99.25,86.0,85.09,3.36,2.15,0.0527,0.0043,0.0469,0.0933,0
0.07,99.25,86.0,85.09,3.36,2.15,0.0527,0.0043,0.0564,0.0935,0
0.07,99.25,86.0,85.09,3.36,2.15,0.0527,0.0043,0.0588,0.0936,0
0.07,99.25,86.0,85.09,3.36,2.15,0.0084,0.0042,0.0163,0.0959,0
0.07,99.25,86.0,85.09,3.36,2.15,0.0084,0.0042,0.0231,0.0961,0
0.07,99.25,86.0,85.09,3.36,2.15,0.0084,0.0042,0.0346,0.0962,0
0.07,96.25,86.0,84.66,3.36,2.15,0.0085,0.0043,0.022,0.0855,0
0.07,96.25,86.0,84.66,3.36,2.15,0.0085,0.0043,0.0265,0.0857,0
0.07,96.25,86.0,84.66,3.36,2.15,0.0085,0.0043,0.0344,0.0858,0
0.07,96.25,86.0,84.66,3.36,2.15,0.0551,0.0043,0.0265,0.0876,0
0.07,96.25,86.0,84.66,3.36,2.15,0.0551,0.0043,0.0346,0.0879,0
0.07,96.25,86.0,84.66,3.36,2.15,0.0551,0.0043,0.0523,0.0881,0
0.07,96.25,86.0,84.66,3.36,2.15,0.0082,0.0041,0.1886,0.0763,1
0.07,96.25,86.0,84.66,3.36,2.15,0.0082,0.0041,0.2148,0.0767,1
0.07,96.25,86.0,84.66,3.36,2.15,0.0082,0.0041,0.2245,0.077,1
0.08,97.75,97.0,85.02,1.15,2.08,0.0096,0.0048,0.1451,0.0962,1
0.08,97.75,97.0,85.02,1.15,2.08,0.0096,0.0048,0.1478,0.0964,1
0.08,97.75,97.0,85.02,1.15,2.08,0.0096,0.0048,0.1504,0.0965,1
0.08,97.75,97.0,85.02,1.15,2.08,0.0536,0.0047,0.0467,0.1023,0
0.08,97.75,97.0,85.02,1.15,2.08,0.0536,0.0047,0.0492,0.1025,0
0.08,97.75,97.0,85.02,1.15,2.08,0.0536,0.0047,0.0528,0.1027,0
0.08,97.75,97.0,85.02,1.15,2.08,0.0093,0.0046,0.0208,0.0661,0
0.08,97.75,97.0,85.02,1.15,2.08,0.0093,0.0046,0.0257,0.0663,0
0.08,97.75,97.0,85.02,1.15,2.08,0.0093,0.0046,0.0422,0.0666,0
0.08,99.25,97.0,85.04,1.15,2.08,0.0081,0.004,0.0404,0.0774,0
0.08,99.25,97.0,85.04,1.15,2.08,0.0081,0.004,0.0484,0.0776,0
0.08,99.25,97.0,85.04,1.15,2.08,0.0081,0.004,0.0542,0.0875,0
0.08,99.25,97.0,85.04,1.15,2.08,0.0375,0.0045,0.0275,0.0678,0
0.08,99.25,97.0,85.04,1.15,2.08,0.0375,0.0045,0.0366,0.068,0
0.08,99.25,97.0,85.04,1.15,2.08,0.0375,0.0045,0.0601,0.0681,0
0.08,99.25,97.0,85.04,1.15,2.08,0.0087,0.0043,0.0261,0.13,0
0.08,99.25,97.0,85.04,1.15,2.08,0.0087,0.0043,0.0416,0.1302,0
0.08,99.25,97.0,85.04,1.15,2.08,0.0087,0.0043,0.0445,0.1304,0
0.08,99.25,97.0,85.04,1.15,2.08,0.0084,0.0042,0.0305,0.0846,0
0.08,99.25,97.0,85.04,1.15,2.08,0.0084,0.0042,0.0331,0.0848,0
0.08,99.25,97.0,85.04,1.15,2.08,0.0084,0.0042,0.0366,0.0849,0
0.08,98.5,97.0,85.04,1.15,2.08,0.0492,0.0042,0.0664,0.1086,0
0.08,98.5,97.0,85.04,1.15,2.08,0.0492,0.0042,0.0745,0.1089,0
0.08,98.5,97.0,85.04,1.15,2.08,0.0492,0.0042,0.082,0.1091,0
0.08,98.5,97.0,85.04,1.15,2.08,0.0088,0.0044,0.0353,0.0906,0
0.08,98.5,97.0,85.04,1.15,2.08,0.0088,0.0044,0.0466,0.0908,0
0.08,98.5,97.0,85.04,1.15,2.08,0.0088,0.0044,0.0637,0.0909,0
0.08,98.5,97.0,85.04,1.15,2.08,0.009,0.0045,0.028,0.0938,0
0.08,98.5,97.0,85.04,1.15,2.08,0.009,0.0045,0.0339,0.0941,0
0.08,98.5,97.0,85.04,1.15,2.08,0.009,0.0045,0.0502,0.0942,0
0.08,98.5,97.0,85.04,1.15,2.08,0.0555,0.0043,0.0294,0.0853,0
0.08,98.5,97.0,85.04,1.15,2.08,0.0555,0.0043,0.0512,0.0855,0
0.08,98.5,97.0,85.04,1.15,2.08,0.0555,0.0043,0.0569,0.0856,0
0.08,100.0,96.0,84.99,4.26,2.08,0.0085,0.0043,0.0201,0.1087,0
0.08,100.0,96.0,84.99,4.26,2.08,0.0085,0.0043,0.0318,0.109,0
0.08,100.0,96.0,84.99,4.26,2.08,0.0085,0.0043,0.0413,0.1094,0
0.08,100.0,96.0,84.99,4.26,2.08,0.0093,0.0046,0.0191,0.0702,0
0.08,100.0,96.0,84.99,4.26,2.08,0.0093,0.0046,0.03,0.0704,0
0.08,100.0,96.0,84.99,4.26,2.08,0.0093,0.0046,0.0371,0.0706,0
0.08,100.0,96.0,84.99,4.26,2.08,0.0503,0.0044,0.0277,0.0842,0
0.08,100.0,96.0,84.99,4.26,2.08,0.0503,0.0044,0.0438,0.0844,0
0.08,100.0,96.0,84.99,4.26,2.08,0.0503,0.0044,0.0463,0.0847,0
0.08,99.25,84.0,85.09,4.26,2.08,0.0082,0.0041,0.0321,0.0869,0
0.08,99.25,84.0,85.09,4.26,2.08,0.0082,0.0041,0.0477,0.087,0
0.08,99.25,84.0,85.09,4.26,2.08,0.0082,0.0041,0.0574,0.0872,0
0.08,99.25,84.0,85.09,4.26,2.08,0.0081,0.004,0.0222,0.0858,0
0.08,99.25,84.0,85.09,4.26,2.08,0.0081,0.004,0.0255,0.0859,0
0.08,99.25,84.0,85.09,4.26,2.08,0.0081,0.004,0.0301,0.0864,0
0.08,99.25,84.0,85.09,4.26,2.08,0.0513,0.0045,0.0298,0.091,0
0.08,99.25,84.0,85.09,4.26,2.08,0.0513,0.0045,0.038,0.0912,0
0.08,99.25,84.0,85.09,4.26,2.08,0.0513,0.0045,0.0597,0.0913,0
0.08,99.25,84.0,85.09,4.26,2.08,0.0087,0.0044,0.0439,0.1249,0
0.08,99.25,84.0,85.09,4.26,2.08,0.0087,0.0044,0.0518,0.1251,0
0.08,99.25,84.0,85.09,4.26,2.08,0.0087,0.0044,0.0541,0.1252,0
0.08,99.25,95.0,85.07,4.26,2.08,0.0082,0.0041,0.0354,0.0713,0
0.08,99.25,95.0,85.07,4.26,2.08,0.0082,0.0041,0.0478,0.0718,0
0.08,99.25,95.0,85.07,4.26,2.08,0.0082,0.0041,0.0538,0.0727,0
0.08,99.25,95.0,85.07,4.26,2.08,0.0499,0.0042,0.0439,0.0876,0
0.08,99.25,95.0,85.07,4.26,2.08,0.0499,0.0042,0.0539,0.0878,0
0.08,99.25,95.0,85.07,4.26,2.08,0.0499,0.0042,0.0647,0.0886,0
0.08,99.25,95.0,85.07,4.26,2.08,0.0085,0.0043,0.0626,0.0973,0
0.08,99.25,95.0,85.07,4.26,2.08,0.0085,0.0043,0.0651,0.0975,0
0.08,99.25,95.0,85.07,2.04,2.18,0.0085,0.0043,0.0853,0.0976,0
0.08,99.25,91.0,84.66,2.04,2.18,0.0084,0.0042,0.028,0.0788,0
0.08,99.25,91.0,84.66,2.04,2.18,0.0084,0.0042,0.0397,0.0792,0
0.08,99.25,91.0,84.66,2.04,2.18,0.0084,0.0042,0.0477,0.0795,0
0.08,99.25,91.0,84.66,2.04,2.18,0.0725,0.0044,0.0388,0.0812,0
0.08,99.25,91.0,84.66,2.04,2.18,0.0725,0.0044,0.0478,0.0867,0
0.08,99.25,91.0,84.66,2.04,2.18,0.0725,0.0044,0.0537,0.0869,0
0.08,99.25,91.0,84.66,2.04,2.18,0.0087,0.0044,0.0248,0.0792,0
0.08,99.25,91.0,84.66,2.04,2.18,0.0087,0.0044,0.0275,0.0794,0
0.08,99.25,91.0,84.66,2.04,2.18,0.0087,0.0044,0.0659,0.0797,0
0.08,99.25,91.0,84.66,2.04,2.18,0.0078,0.0039,0.0238,0.0878,0
0.08,99.25,91.0,84.66,2.04,2.18,0.0078,0.0039,0.0342,0.0879,0
0.08,99.25,91.0,84.66,2.04,2.18,0.0078,0.0039,0.042,0.0882,0
0.08,100.0,92.0,84.51,2.04,2.18,0.0662,0.0042,0.0269,0.1016,0
0.08,100.0,92.0,84.51,2.04,2.18,0.0662,0.0042,0.0289,0.1018,0
0.08,100.0,92.0,84.51,2.04,2.18,0.0662,0.0042,0.0515,0.1019,0
0.08,100.0,92.0,84.51,2.04,2.18,0.009,0.0045,0.0243,0.1175,0
0.08,100.0,92.0,84.51,2.04,2.18,0.009,0.0045,0.03,0.1177,0
0.08,100.0,92.0,84.51,2.04,2.18,0.009,0.0045,0.0442,0.1179,0
0.08,100.0,92.0,84.51,2.04,2.18,0.0083,0.0041,0.0221,0.1024,0
0.08,100.0,92.0,84.51,2.04,2.18,0.0083,0.0041,0.0248,0.1026,0
0.08,100.0,92.0,84.51,2.04,2.18,0.0083,0.0041,0.0383,0.1027,0
0.08,99.25,91.0,84.46,2.04,2.18,0.0582,0.0042,0.0345,0.072,0
0.08,99.25,91.0,84.46,2.04,2.18,0.0582,0.0042,0.0457,0.0722,0
0.08,99.25,91.0,84.46,2.04,2.18,0.0582,0.0042,0.0643,0.0723,0
0.08,99.25,91.0,84.46,2.04,2.18,0.0089,0.0044,0.0174,0.0935,0
0.08,99.25,91.0,84.46,2.04,2.18,0.0089,0.0044,0.0206,0.0937,0
0.08,99.25,91.0,84.46,2.04,2.18,0.0089,0.0044,0.0273,0.0938,0
0.08,99.25,91.0,84.46,2.04,2.18,0.0089,0.0045,0.024,0.0949,0
0.08,99.25,91.0,84.46,2.04,2.18,0.0089,0.0045,0.0262,0.0951,0
0.08,99.25,91.0,84.46,2.04,2.18,0.0089,0.0045,0.0406,0.0953,0
0.08,99.25,91.0,84.46,1.31,2.15,0.0683,0.0041,0.0474,0.1981,0
0.08,99.25,91.0,84.46,1.31,2.15,0.0683,0.0041,0.0552,0.1983,0
0.08,99.25,91.0,84.46,1.31,2.15,0.0683,0.0041,0.0608,0.1985,0
0.08,98.5,92.0,85.02,1.31,2.15,0.007,0.0035,0.0282,0.2045,0
0.08,98.5,92.0,85.02,1.31,2.15,0.007,0.0035,0.0346,0.205,0
0.08,98.5,92.0,85.02,1.31,2.15,0.007,0.0035,0.037,0.2052,0
0.08,98.5,92.0,85.02,1.31,2.15,0.0079,0.004,0.0308,0.0702,0
0.08,98.5,92.0,85.02,1.31,2.15,0.0079,0.004,0.0341,0.0704,0
0.08,98.5,92.0,85.02,1.31,2.15,0.0079,0.004,0.0431,0.0705,0
0.08,98.5,92.0,85.02,1.31,2.15,0.0718,0.0047,0.0293,0.0915,0
0.08,98.5,92.0,85.02,1.31,2.15,0.0718,0.0047,0.0551,0.0917,0
0.08,98.5,92.0,85.02,1.31,2.15,0.0718,0.0047,0.0605,0.0919,0
0.08,97.75,91.0,84.49,1.31,2.15,0.0086,0.0043,0.0306,0.0975,0
0.08,97.75,91.0,84.49,1.31,2.15,0.0086,0.0043,0.0436,0.0977,0
0.08,97.75,91.0,84.49,1.31,2.15,0.0086,0.0043,0.0517,0.0979,0
0.08,97.75,91.0,84.49,1.31,2.15,0.0081,0.0041,0.03,0.1009,0
0.08,97.75,91.0,84.49,1.31,2.15,0.0081,0.0041,0.0367,0.1011,0
0.08,97.75,91.0,84.49,1.31,2.15,0.0081,0.0041,0.0417,0.1012,0
0.08,97.75,91.0,84.49,1.31,2.15,0.0737,0.0041,0.0421,0.0944,0
0.08,97.75,91.0,84.49,1.31,2.15,0.0737,0.0041,0.0493,0.0946,0
0.08,97.75,91.0,84.49,1.31,2.15,0.0737,0.0041,0.0627,0.0947,0
0.08,97.75,91.0,84.49,1.31,2.15,0.0087,0.0044,0.0241,0.1016,0
0.08,97.75,91.0,84.49,1.31,2.15,0.0087,0.0044,0.0304,0.1018,0
0.08,97.75,91.0,84.49,1.31,2.15,0.0087,0.0044,0.0458,0.1024,0
0.08,97.75,93.0,84.49,1.31,2.15,0.008,0.004,0.0459,0.1061,0
0.08,97.75,93.0,84.49,1.31,2.15,0.008,0.004,0.0582,0.1064,0
0.08,97.75,93.0,84.49,1.31,2.15,0.008,0.004,0.0622,0.1069,0
0.09,97.75,93.0,84.49,1.13,2.12,0.0651,0.0044,0.0829,0.0917,0
0.09,97.75,93.0,84.49,1.13,2.12,0.0651,0.0044,0.0957,0.0919,1
0.09,97.75,93.0,84.49,1.13,2.12,0.0651,0.0044,0.1196,0.0921,1
0.09,97.75,93.0,84.49,1.13,2.12,0.0087,0.0044,0.0603,0.0861,0
0.09,97.75,93.0,84.49,1.13,2.12,0.0087,0.0044,0.0645,0.0863,0
0.09,97.75,93.0,84.49,1.13,2.12,0.0087,0.0044,0.0671,0.0865,0
0.09,98.5,90.0,84.46,1.13,2.12,0.0089,0.0045,0.038,0.0633,0
0.09,98.5,90.0,84.46,1.13,2.12,0.0089,0.0045,0.0471,0.0635,0
0.09,98.5,90.0,84.46,1.13,2.12,0.0089,0.0045,0.054,0.0636,0
0.09,98.5,90.0,84.46,1.13,2.12,0.0605,0.0041,0.024,0.0771,0
0.09,98.5,90.0,84.46,1.13,2.12,0.0605,0.0041,0.0411,0.0773,0
0.09,98.5,90.0,84.46,1.13,2.12,0.0605,0.0041,0.0496,0.0775,0
0.09,98.5,90.0,84.46,1.13,2.12,0.0075,0.0038,0.0266,0.0887,0
0.09,98.5,90.0,84.46,1.13,2.12,0.0075,0.0038,0.0353,0.0889,0
0.09,98.5,90.0,84.46,1.13,2.12,0.0075,0.0038,0.0423,0.089,0
0.09,98.5,90.0,84.46,1.13,2.12,0.0092,0.0046,0.0185,0.151,0
0.09,98.5,90.0,84.46,1.13,2.12,0.0092,0.0046,0.0271,0.1511,0
0.09,98.5,90.0,84.46,1.13,2.12,0.0092,0.0046,0.038,0.1513,0
0.09,98.5,94.0,84.64,1.13,2.12,0.0631,0.0046,0.0389,0.1314,0
0.09,98.5,94.0,84.64,1.13,2.12,0.0631,0.0046,0.0453,0.1317,0
0.09,98.5,94.0,84.64,1.13,2.12,0.0631,0.0046,0.0504,0.1319,0
0.09,98.5,94.0,84.64,1.13,2.12,0.0087,0.0044,0.0231,0.0857,0
0.09,98.5,94.0,84.64,1.13,2.12,0.0087,0.0044,0.0323,0.0862,0
0.09,98.5,94.0,84.64,1.13,2.12,0.0087,0.0044,0.0385,0.0864,0
0.09,98.5,94.0,84.64,1.13,2.12,0.0082,0.0041,0.0319,0.0784,0
0.09,98.5,94.0,84.64,1.13,2.12,0.0082,0.0041,0.0367,0.0786,0
0.09,98.5,94.0,84.64,1.13,2.12,0.0082,0.0041,0.0499,0.0813,0
0.09,98.5,94.0,84.64,1.13,2.12,0.0614,0.0044,0.0273,0.0792,0
0.09,98.5,94.0,84.64,1.13,2.12,0.0614,0.0044,0.0405,0.0795,0
0.09,98.5,94.0,84.64,1.13,2.12,0.0614,0.0044,0.0477,0.0808,0
0.08,97.75,99.0,84.43,1.29,2.06,0.0094,0.0047,0.1638,0.0994,1
0.08,97.75,99.0,84.43,1.29,2.06,0.0094,0.0047,0.167,0.0996,1
0.08,97.75,99.0,84.43,1.29,2.06,0.0094,0.0047,0.1828,0.0997,1
0.08,97.75,99.0,84.43,1.29,2.06,0.0091,0.0045,0.0258,0.1262,0
0.08,97.75,99.0,84.43,1.29,2.06,0.0091,0.0045,0.0323,0.1265,0
0.08,97.75,99.0,84.43,1.29,2.06,0.0091,0.0045,0.0487,0.1266,0
0.08,99.25,85.0,84.96,1.29,2.06,0.0636,0.0041,0.0288,0.0987,0
0.08,99.25,85.0,84.96,1.29,2.06,0.0636,0.0041,0.0396,0.0989,0
0.08,99.25,85.0,84.96,1.29,2.06,0.0636,0.0041,0.0418,0.099,0
0.08,99.25,85.0,84.96,1.29,2.06,0.0083,0.0042,0.029,0.0767,0
0.08,99.25,85.0,84.96,1.29,2.06,0.0083,0.0042,0.042,0.0769,0
0.08,99.25,85.0,84.96,1.29,2.06,0.0083,0.0042,0.05,0.077,0
0.08,99.25,85.0,84.96,1.29,2.06,0.0086,0.0043,0.0271,0.0607,0
0.08,99.25,85.0,84.96,1.29,2.06,0.0086,0.0043,0.0301,0.0609,0
0.08,99.25,85.0,84.96,1.29,2.06,0.0086,0.0043,0.049,0.061,0
0.08,97.75,92.0,84.36,1.29,2.06,0.0663,0.0046,0.027,0.0943,0
0.08,97.75,92.0,84.36,1.29,2.06,0.0663,0.0046,0.0415,0.0945,0
0.08,97.75,92.0,84.36,1.29,2.06,0.0663,0.0046,0.0516,0.0947,0
0.08,97.75,92.0,84.36,1.29,2.06,0.0081,0.0041,0.0244,0.0991,0
0.08,97.75,92.0,84.36,1.29,2.06,0.0081,0.0041,0.0368,0.0994,0
0.08,97.75,92.0,84.36,1.29,2.06,0.0081,0.0041,0.0427,0.0995,0
0.08,97.75,92.0,84.36,1.29,2.06,0.0089,0.0045,0.0204,0.0819,0
0.08,97.75,92.0,84.36,1.29,2.06,0.0089,0.0045,0.0261,0.0821,0
0.08,97.75,92.0,84.36,1.29,2.06,0.0089,0.0045,0.0315,0.0831,0
0.08,97.75,92.0,84.36,1.29,2.06,0.0631,0.0042,0.0336,0.0784,0
0.08,97.75,92.0,84.36,1.29,2.06,0.0631,0.0042,0.0417,0.0786,0
0.08,97.75,92.0,84.36,1.29,2.06,0.0631,0.0042,0.048,0.0791,0
0.08,98.5,94.0,84.49,1.29,2.06,0.0083,0.0042,0.0169,0.0845,0
0.08,98.5,94.0,84.49,1.29,2.06,0.0083,0.0042,0.0231,0.0847,0
0.08,98.5,94.0,84.49,1.29,2.06,0.0083,0.0042,0.0289,0.0849,0
0.09,98.5,94.0,84.49,1.17,1.47,0.0096,0.0048,0.0572,0.0863,0
0.09,98.5,94.0,84.49,1.17,1.47,0.0096,0.0048,0.0593,0.0864,0
0.09,98.5,94.0,84.49,1.17,1.47,0.0096,0.0048,0.0826,0.0866,0
0.09,98.5,94.0,84.49,1.17,1.47,0.0648,0.0042,0.0419,0.1068,0
0.09,98.5,94.0,84.49,1.17,1.47,0.0648,0.0042,0.0448,0.1072,0
0.09,98.5,94.0,84.49,1.17,1.47,0.0648,0.0042,0.0494,0.1073,0
0.09,97.0,94.0,84.91,1.17,1.47,0.0085,0.0042,0.0566,0.0865,0
0.09,97.0,94.0,84.91,1.17,1.47,0.0085,0.0042,0.0592,0.0867,0
0.09,97.0,94.0,84.91,1.17,1.47,0.0085,0.0042,0.0739,0.0868,0
0.09,97.0,94.0,84.91,1.17,1.47,0.0087,0.0044,0.0264,0.1047,0
0.09,97.0,94.0,84.91,1.17,1.47,0.0087,0.0044,0.0306,0.1049,0
0.09,97.0,94.0,84.91,1.17,1.47,0.0087,0.0044,0.0407,0.1051,0
0.09,97.0,94.0,84.91,1.17,1.47,0.067,0.0042,0.0304,0.0957,0
0.09,97.0,94.0,84.91,1.17,1.47,0.067,0.0042,0.0328,0.0959,0
0.09,97.0,94.0,84.91,1.17,1.47,0.067,0.0042,0.0352,0.0964,0
0.09,97.0,94.0,84.91,1.17,1.47,0.0089,0.0045,0.0314,0.0886,0
0.09,97.0,94.0,84.91,1.17,1.47,0.0089,0.0045,0.0402,0.0888,0
0.09,97.0,94.0,84.91,1.17,1.47,0.0089,0.0045,0.0425,0.0902,0
0.09,95.75,94.0,84.66,1.17,1.47,0.0092,0.0046,0.0257,0.0703,0
0.09,95.75,94.0,84.66,1.17,1.47,0.0092,0.0046,0.0282,0.0706,0
0.09,95.75,94.0,84.66,1.17,1.47,0.0092,0.0046,0.0303,0.0709,0
0.09,95.75,94.0,84.66,1.17,1.47,0.0503,0.0042,0.0435,0.1022,0
0.09,95.75,94.0,84.66,1.17,1.47,0.0503,0.0042,0.0459,0.1024,0
0.09,95.75,94.0,84.66,1.17,1.47,0.0503,0.0042,0.0526,0.1025,0
0.09,95.75,94.0,84.66,1.17,1.47,0.009,0.0045,0.0421,0.061,0
0.09,95.75,94.0,84.66,1.17,1.47,0.009,0.0045,0.048,0.0613,0
0.09,95.75,94.0,84.66,1.17,1.47,0.009,0.0045,0.0501,0.0614,0
0.09,95.75,94.0,84.66,1.17,1.47,0.0078,0.0039,0.0339,0.0988,0
0.09,95.75,94.0,84.66,1.17,1.47,0.0078,0.0039,0.0388,0.099,0
0.09,95.75,94.0,84.66,1.17,1.47,0.0078,0.0039,0.0678,0.0991,0
0.09,97.0,99.0,84.41,2.69,1.07,0.0605,0.0043,0.0798,0.089,0
0.09,97.0,99.0,84.41,2.69,1.07,0.0605,0.0043,0.0878,0.0892,0
0.09,97.0,99.0,84.41,2.69,1.07,0.0605,0.0043,0.0901,0.0893,1
0.09,97.0,99.0,84.41,2.69,1.07,0.0091,0.0045,0.0561,0.1155,0
0.09,97.0,99.0,84.41,2.69,1.07,0.0091,0.0045,0.0629,0.1166,0
0.09,97.0,99.0,84.41,2.69,1.07,0.0091,0.0045,0.0772,0.1168,0
0.09,97.0,99.0,84.41,2.69,1.07,0.0095,0.0047,0.0181,0.0972,0
0.09,97.0,99.0,84.41,2.69,1.07,0.0095,0.0047,0.0236,0.0975,0
0.09,97.0,99.0,84.41,2.69,1.07,0.0095,0.0047,0.0257,0.0976,0
0.09,98.5,83.0,84.41,2.69,1.07,0.0622,0.0046,0.0286,0.0951,0
0.09,98.5,83.0,84.41,2.69,1.07,0.0622,0.0046,0.0489,0.0953,0
0.09,98.5,83.0,84.41,2.69,1.07,0.0622,0.0046,0.0568,0.0954,0
0.09,98.5,83.0,84.41,2.69,1.07,0.0088,0.0044,0.0245,0.0696,0
0.09,98.5,83.0,84.41,2.69,1.07,0.0088,0.0044,0.0341,0.0698,0
0.09,98.5,83.0,84.41,2.69,1.07,0.0088,0.0044,0.043,0.0699,0
0.09,98.5,83.0,84.41,2.69,1.07,0.0083,0.0042,0.0327,0.0898,0
0.09,98.5,83.0,84.41,2.69,1.07,0.0083,0.0042,0.0511,0.0901,0
0.09,98.5,83.0,84.41,2.69,1.07,0.0083,0.0042,0.0539,0.0903,0
0.09,96.75,77.0,84.69,2.69,1.07,0.0613,0.0036,0.0226,0.0786,0
0.09,96.75,77.0,84.69,2.69,1.07,0.0613,0.0036,0.0409,0.0789,0
0.09,96.75,77.0,84.69,2.69,1.07,0.0613,0.0036,0.0471,0.079,0
0.09,96.75,77.0,84.69,2.69,1.07,0.0084,0.0042,0.0527,0.0909,0
0.09,96.75,77.0,84.69,2.69,1.07,0.0084,0.0042,0.0922,0.0912,1
0.09,96.75,77.0,84.69,2.69,1.07,0.0084,0.0042,0.114,0.0914,1
0.09,96.75,77.0,84.69,2.69,1.07,0.0086,0.0043,0.0578,0.09,0
0.09,96.75,77.0,84.69,2.69,1.07,0.0086,0.0043,0.0612,0.0902,0
0.09,96.75,77.0,84.69,2.69,1.07,0.0086,0.0043,0.0695,0.0903,0
0.07,96.75,77.0,84.69,2.6,1.05,0.0476,0.0044,0.0397,0.0974,0
0.07,96.75,77.0,84.69,2.6,1.05,0.0476,0.0044,0.0445,0.0978,0
0.07,96.75,77.0,84.69,2.6,1.05,0.0476,0.0044,0.0538,0.0979,0
0.07,98.5,99.0,84.69,2.6,1.05,0.0094,0.0047,0.0855,0.0787,1
0.07,98.5,99.0,84.69,2.6,1.05,0.0094,0.0047,0.089,0.079,1
0.07,98.5,99.0,84.69,2.6,1.05,0.0094,0.0047,0.0922,0.0793,1
0.07,98.5,99.0,84.69,2.6,1.05,0.0087,0.0043,0.0213,0.0769,0
0.07,98.5,99.0,84.69,2.6,1.05,0.0087,0.0043,0.0251,0.0788,0
0.07,98.5,99.0,84.69,2.6,1.05,0.0087,0.0043,0.0287,0.0789,0
0.07,98.5,99.0,84.69,2.6,1.05,0.0624,0.0043,0.0202,0.183,0
0.07,98.5,99.0,84.69,2.6,1.05,0.0624,0.0043,0.0443,0.1832,0
0.07,98.5,99.0,84.69,2.6,1.05,0.0624,0.0043,0.0602,0.1834,0
0.07,99.25,99.0,84.43,2.6,1.05,0.0087,0.0043,0.034,0.1406,0
0.07,99.25,99.0,84.43,2.6,1.05,0.0087,0.0043,0.0532,0.1409,0
0.07,99.25,99.0,84.43,2.6,1.05,0.0087,0.0043,0.0623,0.1411,0
0.07,99.25,99.0,84.43,2.6,1.05,0.0089,0.0044,0.0205,0.0904,0
0.07,99.25,99.0,84.43,2.6,1.05,0.0089,0.0044,0.0228,0.0905,0
0.07,99.25,99.0,84.43,2.6,1.05,0.0089,0.0044,0.0279,0.0907,0
0.07,99.25,99.0,84.43,2.6,1.05,0.0607,0.0044,0.0396,0.0981,0
0.07,99.25,99.0,84.43,2.6,1.05,0.0607,0.0044,0.0581,0.0983,0
0.07,99.25,99.0,84.43,2.6,1.05,0.0607,0.0044,0.0728,0.0984,0
0.07,99.25,99.0,84.43,2.6,1.05,0.0085,0.0042,0.0343,0.0828,0
0.07,99.25,99.0,84.43,2.6,1.05,0.0085,0.0042,0.0371,0.0829,0
0.07,99.25,99.0,84.43,2.6,1.05,0.0085,0.0042,0.048,0.0831,0
0.07,97.0,94.0,84.54,2.6,1.05,0.008,0.004,0.0307,0.099,0
0.07,97.0,94.0,84.54,2.6,1.05,0.008,0.004,0.036,0.0993,0
0.07,97.0,94.0,84.54,2.6,1.05,0.008,0.004,0.044,0.0994,0
0.07,97.0,94.0,84.54,2.6,1.05,0.0514,0.0047,0.0474,0.0962,0
0.07,97.0,94.0,84.54,2.6,1.05,0.0514,0.0047,0.0537,0.0964,0
0.07,97.0,94.0,84.54,2.6,1.05,0.0514,0.0047,0.068,0.0965,0
0.07,97.0,94.0,84.54,2.6,1.05,0.0097,0.0048,0.0451,0.0949,0
0.07,97.0,94.0,84.54,2.6,1.05,0.0097,0.0048,0.0478,0.0951,0
0.07,97.0,94.0,84.54,2.6,1.05,0.0097,0.0048,0.0581,0.0952,0
0.09,97.75,93.0,84.43,1.29,1.17,0.0088,0.0044,0.0372,0.0989,0
0.09,97.75,93.0,84.43,1.29,1.17,0.0088,0.0044,0.0438,0.0991,0
0.09,97.75,93.0,84.43,1.29,1.17,0.0088,0.0044,0.06,0.0992,0
0.09,97.75,93.0,84.43,1.29,1.17,0.0515,0.0044,0.0287,0.0997,0
0.09,97.75,93.0,84.43,1.29,1.17,0.0515,0.0044,0.0357,0.1044,0
0.09,97.75,93.0,84.43,1.29,1.17,0.0515,0.0044,0.0457,0.1045,0
0.09,97.75,93.0,84.43,1.29,1.17,0.0086,0.0043,0.0468,0.0707,0
0.09,97.75,93.0,84.43,1.29,1.17,0.0086,0.0043,0.0573,0.071,0
0.09,97.75,93.0,84.43,1.29,1.17,0.0086,0.0043,0.0673,0.0711,0
0.09,97.75,93.0,84.43,1.29,1.17,0.0095,0.0048,0.0546,0.1091,0
0.09,97.75,93.0,84.43,1.29,1.17,0.0095,0.0048,0.0678,0.1093,0
0.09,97.75,93.0,84.43,1.29,1.17,0.0095,0.0048,0.0784,0.1095,0
0.09,97.75,93.0,84.43,1.29,1.17,0.0574,0.0046,0.0316,0.0694,0
0.09,97.75,93.0,84.43,1.29,1.17,0.0574,0.0046,0.0391,0.0696,0
0.09,97.75,93.0,84.43,1.29,1.17,0.0574,0.0046,0.0455,0.0698,0
0.09,98.5,81.0,85.02,1.29,1.17,0.0084,0.0042,0.0218,0.1192,0
0.09,98.5,81.0,85.02,1.29,1.17,0.0084,0.0042,0.0309,0.1194,0
0.09,98.5,81.0,85.02,1.29,1.17,0.0084,0.0042,0.033,0.1195,0
0.09,98.5,81.0,85.02,1.29,1.17,0.009,0.0045,0.0284,0.1191,0
0.09,98.5,81.0,85.02,1.29,1.17,0.009,0.0045,0.0313,0.1195,0
0.09,98.5,81.0,85.02,1.29,1.17,0.009,0.0045,0.0393,0.1202,0
0.09,98.5,81.0,85.02,1.29,1.17,0.0572,0.0041,0.0389,0.0631,0
0.09,98.5,81.0,85.02,1.29,1.17,0.0572,0.0041,0.0412,0.0633,0
0.09,98.5,81.0,85.02,1.29,1.17,0.0572,0.0041,0.0535,0.0635,0
0.09,97.5,97.0,84.94,1.29,1.17,0.0078,0.0039,0.0289,0.1228,0
0.09,97.5,97.0,84.94,1.29,1.17,0.0078,0.0039,0.0593,0.123,0
0.09,97.5,97.0,84.94,1.29,1.17,0.0078,0.0039,0.0627,0.1231,0
0.09,97.5,97.0,84.94,1.29,1.17,0.0078,0.0039,0.0213,0.0991,0
0.09,97.5,97.0,84.94,1.29,1.17,0.0078,0.0039,0.0304,0.0993,0
0.09,97.5,97.0,84.94,1.29,1.17,0.0078,0.0039,0.041,0.0994,0
0.08,97.5,97.0,84.94,1.57,1.09,0.0648,0.0042,0.1706,0.0782,1
0.08,97.5,97.0,84.94,1.57,1.09,0.0648,0.0042,0.1782,0.0785,1
0.08,97.5,97.0,84.94,1.57,1.09,0.0648,0.0042,0.1845,0.0788,1
0.08,97.0,95.0,84.96,1.57,1.09,0.0089,0.0044,0.1665,0.0758,1
0.08,97.0,95.0,84.96,1.57,1.09,0.0089,0.0044,0.1744,0.076,1
0.08,97.0,95.0,84.96,1.57,1.09,0.0089,0.0044,0.1807,0.0763,1
0.08,97.0,95.0,84.96,1.57,1.09,0.0085,0.0042,0.1068,0.0724,1
0.08,97.0,95.0,84.96,1.57,1.09,0.0085,0.0042,0.1168,0.0726,1
0.08,97.0,95.0,84.96,1.57,1.09,0.0085,0.0042,0.1243,0.0727,1
0.08,97.0,95.0,84.96,1.57,1.09,0.0575,0.0045,0.0477,0.0836,0
0.08,97.0,95.0,84.96,1.57,1.09,0.0575,0.0045,0.0518,0.0838,0
0.08,97.0,95.0,84.96,1.57,1.09,0.0575,0.0045,0.0619,0.0839,0
0.08,96.0,91.0,84.79,1.57,1.09,0.0087,0.0044,0.0304,0.1499,0
0.08,96.0,91.0,84.79,1.57,1.09,0.0087,0.0044,0.0432,0.1501,0
0.08,96.0,91.0,84.79,1.57,1.09,0.0087,0.0044,0.0566,0.1503,0
0.08,96.0,91.0,84.79,1.57,1.09,0.0087,0.0044,0.0319,0.1376,0
0.08,96.0,91.0,84.79,1.57,1.09,0.0087,0.0044,0.0414,0.1378,0
0.08,96.0,91.0,84.79,1.57,1.09,0.0087,0.0044,0.0454,0.1379,0
0.08,96.0,91.0,84.79,1.57,1.09,0.0545,0.0043,0.0305,0.1003,0
0.08,96.0,91.0,84.79,1.57,1.09,0.0545,0.0043,0.0459,0.1005,0
0.08,96.0,91.0,84.79,1.57,1.09,0.0545,0.0043,0.0527,0.1006,0
0.08,96.0,91.0,84.79,1.57,1.09,0.0085,0.0042,0.0147,0.0693,0
0.08,96.0,91.0,84.79,1.57,1.09,0.0085,0.0042,0.0259,0.0695,0
0.08,96.0,91.0,84.79,1.57,1.09,0.0085,0.0042,0.034,0.0696,0
0.08,97.75,99.0,84.49,1.57,1.09,0.0091,0.0046,0.0199,0.0652,0
0.08,97.75,99.0,84.49,1.57,1.09,0.0091,0.0046,0.022,0.0654,0
0.08,97.75,99.0,84.49,1.57,1.09,0.0091,0.0046,0.0373,0.0655,0
0.08,97.75,99.0,84.49,6.66,1.35,0.0508,0.0045,0.025,0.1002,0
0.08,97.75,99.0,84.49,6.66,1.35,0.0508,0.0045,0.0541,0.1005,0
0.08,97.75,99.0,84.49,6.66,1.35,0.0508,0.0045,0.0633,0.1006,0
0.08,97.75,99.0,84.49,6.66,1.35,0.0088,0.0044,0.0757,0.1283,0
0.08,97.75,99.0,84.49,6.66,1.35,0.0088,0.0044,0.0846,0.1285,0
0.08,97.75,99.0,84.49,6.66,1.35,0.0088,0.0044,0.09,0.1286,0
0.08,98.5,94.0,84.99,6.66,1.35,0.0093,0.0046,0.0826,0.0984,0
0.08,98.5,94.0,84.99,6.66,1.35,0.0093,0.0046,0.1121,0.0986,1
0.08,98.5,94.0,84.99,6.66,1.35,0.0093,0.0046,0.1147,0.0988,1
0.08,98.5,94.0,84.99,6.66,1.35,0.0646,0.0044,0.041,0.0726,0
0.08,98.5,94.0,84.99,6.66,1.35,0.0646,0.0044,0.0436,0.0727,0
0.08,98.5,94.0,84.99,6.66,1.35,0.0646,0.0044,0.057,0.073,0
0.08,98.5,94.0,84.99,6.66,1.35,0.009,0.0045,0.0309,0.0886,0
0.08,98.5,94.0,84.99,6.66,1.35,0.009,0.0045,0.038,0.0888,0
0.08,98.5,94.0,84.99,6.66,1.35,0.009,0.0045,0.0429,0.089,0
0.08,98.5,94.0,84.99,6.66,1.35,0.0089,0.0044,0.0175,0.0652,0
0.08,98.5,94.0,84.99,6.66,1.35,0.0089,0.0044,0.0196,0.0654,0
0.08,98.5,94.0,84.99,6.66,1.35,0.0089,0.0044,0.0229,0.0656,0
0.08,97.75,96.0,84.69,6.66,1.35,0.0506,0.0045,0.0234,0.116,0
0.08,97.75,96.0,84.69,6.66,1.35,0.0506,0.0045,0.0297,0.1163,0
0.08,97.75,96.0,84.69,6.66,1.35,0.0506,0.0045,0.0337,0.123,0
0.08,97.75,96.0,84.69,6.66,1.35,0.0085,0.0043,0.0204,0.1337,0
0.08,97.75,96.0,84.69,6.66,1.35,0.0085,0.0043,0.0258,0.1339,0
0.08,97.75,96.0,84.69,6.66,1.35,0.0085,0.0043,0.0321,0.134,0
0.08,97.75,96.0,84.69,6.66,1.35,0.0081,0.004,0.023,0.098,0
0.08,97.75,96.0,84.69,6.66,1.35,0.0081,0.004,0.028,0.0985,0
0.08,97.75,96.0,84.69,6.66,1.35,0.0081,0.004,0.0328,0.0987,0
0.08,97.5,94.0,84.46,6.66,1.35,0.0519,0.0041,0.0304,0.0683,0
0.08,97.5,94.0,84.46,6.66,1.35,0.0519,0.0041,0.0329,0.0685,0
0.08,97.5,94.0,84.46,6.66,1.35,0.0519,0.0041,0.0426,0.0686,0
0.07,97.5,94.0,84.46,4.19,1.29,0.0089,0.0044,0.0195,0.0985,0
0.07,97.5,94.0,84.46,4.19,1.29,0.0089,0.0044,0.0253,0.0986,0
0.07,97.5,94.0,84.46,4.19,1.29,0.0089,0.0044,0.0288,0.0989,0
0.07,97.5,94.0,84.46,4.19,1.29,0.0087,0.0044,0.0368,0.0718,0
0.07,97.5,94.0,84.46,4.19,1.29,0.0087,0.0044,0.0476,0.072,0
0.07,97.5,94.0,84.46,4.19,1.29,0.0087,0.0044,0.0529,0.0721,0
0.07,97.5,94.0,84.46,4.19,1.29,0.0569,0.0044,0.0914,0.0808,1
0.07,97.5,94.0,84.46,4.19,1.29,0.0569,0.0044,0.1132,0.081,1
0.07,97.5,94.0,84.46,4.19,1.29,0.0569,0.0044,0.1199,0.0811,1
0.07,97.25,90.0,85.02,4.19,1.29,0.0087,0.0043,0.0296,0.0864,0
0.07,97.25,90.0,85.02,4.19,1.29,0.0087,0.0043,0.0318,0.0867,0
0.07,97.25,90.0,85.02,4.19,1.29,0.0087,0.0043,0.0552,0.087,0
0.07,97.25,90.0,85.02,4.19,1.29,0.0087,0.0044,0.0194,0.087,0
0.07,97.25,90.0,85.02,4.19,1.29,0.0087,0.0044,0.0232,0.0872,0
0.07,97.25,90.0,85.02,4.19,1.29,0.0087,0.0044,0.041,0.0875,0
0.07,97.25,90.0,85.02,4.19,1.29,0.0517,0.0045,0.0349,0.0984,0
0.07,97.25,90.0,85.02,4.19,1.29,0.0517,0.0045,0.0406,0.0986,0
0.07,97.25,90.0,85.02,4.19,1.29,0.0517,0.0045,0.0535,0.0987,0
0.07,99.25,96.0,84.99,4.19,1.29,0.0092,0.0046,0.0288,0.0905,0
0.07,99.25,96.0,84.99,4.19,1.29,0.0092,0.0046,0.0371,0.0908,0
0.07,99.25,96.0,84.99,4.19,1.29,0.0092,0.0046,0.0431,0.091,0
0.07,99.25,96.0,84.99,4.19,1.29,0.0083,0.0041,0.021,0.0712,0
0.07,99.25,96.0,84.99,4.19,1.29,0.0083,0.0041,0.0319,0.0715,0
0.07,99.25,96.0,84.99,4.19,1.29,0.0083,0.0041,0.0521,0.0716,0
0.07,99.25,96.0,84.99,4.19,1.29,0.0565,0.0043,0.027,0.0995,0
0.07,99.25,96.0,84.99,4.19,1.29,0.0565,0.0043,0.0325,0.1067,0
0.07,99.25,96.0,84.99,4.19,1.29,0.0565,0.0043,0.0353,0.1068,0
0.07,99.25,96.0,84.99,4.19,1.29,0.0092,0.0046,0.0399,0.1033,0
0.07,99.25,96.0,84.99,4.19,1.29,0.0092,0.0046,0.0466,0.1048,0
0.07,99.25,96.0,84.99,4.19,1.29,0.0092,0.0046,0.0549,0.105,0
0.08,97.0,99.0,84.49,1.41,1.34,0.0081,0.004,0.0215,0.1167,0
0.08,97.0,99.0,84.49,1.41,1.34,0.0081,0.004,0.0261,0.1169,0
0.08,97.0,99.0,84.49,1.41,1.34,0.0081,0.004,0.0336,0.117,0
0.08,97.0,99.0,84.49,1.41,1.34,0.0381,0.004,0.0211,0.0647,0
0.08,97.0,99.0,84.49,1.41,1.34,0.0381,0.004,0.0356,0.0649,0
0.08,97.0,99.0,84.49,1.41,1.34,0.0381,0.004,0.0382,0.065,0
0.08,97.0,99.0,84.49,1.41,1.34,0.0082,0.0041,0.0314,0.1014,0
0.08,97.0,99.0,84.49,1.41,1.34,0.0082,0.0041,0.0345,0.1016,0
0.08,97.0,99.0,84.49,1.41,1.34,0.0082,0.0041,0.0516,0.1017,0
0.08,99.25,93.0,84.51,1.41,1.34,0.0084,0.0042,0.0277,0.1057,0
0.08,99.25,93.0,84.51,1.41,1.34,0.0084,0.0042,0.0412,0.1059,0
0.08,99.25,93.0,84.51,1.41,1.34,0.0084,0.0042,0.0447,0.1061,0
0.08,99.25,93.0,84.51,1.41,1.34,0.0551,0.0041,0.039,0.1164,0
0.08,99.25,93.0,84.51,1.41,1.34,0.0551,0.0041,0.0438,0.1166,0
0.08,99.25,93.0,84.51,1.41,1.34,0.0551,0.0041,0.0603,0.1208,0
0.08,99.25,93.0,84.51,1.41,1.34,0.009,0.0045,0.0221,0.0859,0
0.08,99.25,93.0,84.51,1.41,1.34,0.009,0.0045,0.034,0.0861,0
0.08,99.25,93.0,84.51,1.41,1.34,0.009,0.0045,0.0442,0.0862,0
0.08,99.25,93.0,84.51,1.41,1.34,0.0094,0.0047,0.0162,0.0659,0
0.08,99.25,93.0,84.51,1.41,1.34,0.0094,0.0047,0.0213,0.0661,0
0.08,99.25,93.0,84.51,1.41,1.34,0.0094,0.0047,0.0312,0.0662,0
0.08,97.75,91.0,84.43,1.41,1.34,0.0604,0.0042,0.0257,0.2564,0
0.08,97.75,91.0,84.43,1.41,1.34,0.0604,0.0042,0.0288,0.2566,0
0.08,97.75,91.0,84.43,1.41,1.34,0.0604,0.0042,0.0435,0.2567,0
0.08,97.75,91.0,84.43,1.41,1.34,0.0091,0.0046,0.0235,0.1546,0
0.08,97.75,91.0,84.43,1.41,1.34,0.0091,0.0046,0.0276,0.1549,0
0.08,97.75,91.0,84.43,1.41,1.34,0.0091,0.0046,0.0549,0.1551,0
0.08,97.75,91.0,84.43,1.41,1.34,0.0093,0.0046,0.0292,0.0955,0
0.08,97.75,91.0,84.43,1.41,1.34,0.0093,0.0046,0.034,0.0963,0
0.08,97.75,91.0,84.43,1.41,1.34,0.0093,0.0046,0.0485,0.0965,0
0.08,98.5,96.0,84.43,11.61,2.2,0.0482,0.0045,0.0352,0.0865,0
0.08,98.5,96.0,84.43,11.61,2.2,0.0482,0.0045,0.0612,0.0867,0
0.08,98.5,96.0,84.43,11.61,2.2,0.0482,0.0045,0.0643,0.0869,0
0.08,98.5,96.0,84.43,11.61,2.2,0.009,0.0045,0.0316,0.0984,0
0.08,98.5,96.0,84.43,11.61,2.2,0.009,0.0045,0.0337,0.0986,0
0.08,98.5,96.0,84.43,11.61,2.2,0.009,0.0045,0.049,0.0987,0
0.08,98.5,96.0,84.43,11.61,2.2,0.009,0.0045,0.0202,0.0945,0
0.08,98.5,96.0,84.43,11.61,2.2,0.009,0.0045,0.0256,0.0947,0
0.08,98.5,96.0,84.43,11.61,2.2,0.009,0.0045,0.0363,0.0948,0
0.08,98.5,96.0,84.43,11.61,2.2,0.0663,0.0045,0.0685,0.0739,0
0.08,98.5,96.0,84.43,11.61,2.2,0.0663,0.0045,0.0722,0.0742,0
0.08,98.5,96.0,84.43,11.61,2.2,0.0663,0.0045,0.0746,0.0745,1
0.08,97.0,94.0,84.66,11.61,2.2,0.0093,0.0047,0.0827,0.077,1
0.08,97.0,94.0,84.66,11.61,2.2,0.0093,0.0047,0.0897,0.0773,1
0.08,97.0,94.0,84.66,11.61,2.2,0.0093,0.0047,0.0975,0.0776,1
0.08,97.0,94.0,84.66,11.61,2.2,0.0088,0.0044,0.0304,0.087,0
0.08,97.0,94.0,84.66,11.61,2.2,0.0088,0.0044,0.0351,0.0874,0
0.08,97.0,94.0,84.66,11.61,2.2,0.0088,0.0044,0.0377,0.0875,0
0.08,97.0,94.0,84.66,11.61,2.2,0.0544,0.004,0.0404,0.0826,0
0.08,97.0,94.0,84.66,11.61,2.2,0.0544,0.004,0.0426,0.0829,0
0.08,97.0,94.0,84.66,11.61,2.2,0.0544,0.004,0.0542,0.0833,0
0.08,97.0,94.0,84.66,11.61,2.2,0.0079,0.004,0.0243,0.075,0
0.08,97.0,94.0,84.66,11.61,2.2,0.0079,0.004,0.0267,0.0752,0
0.08,97.0,94.0,84.66,11.61,2.2,0.0079,0.004,0.0296,0.0753,0
0.08,99.25,93.0,84.51,11.61,2.2,0.0078,0.0039,0.0238,0.0824,0
0.08,99.25,93.0,84.51,11.61,2.2,0.0078,0.0039,0.0374,0.0826,0
0.08,99.25,93.0,84.51,11.61,2.2,0.0078,0.0039,0.0399,0.0828,0
0.08,99.25,93.0,84.51,11.61,2.2,0.0632,0.0044,0.0257,0.0935,0
0.08,99.25,93.0,84.51,11.61,2.2,0.0632,0.0044,0.0356,0.0937,0
0.08,99.25,93.0,84.51,11.61,2.2,0.0632,0.0044,0.0385,0.0938,0
0.08,99.25,93.0,84.51,3.76,2.9,0.0094,0.0047,0.0381,0.1063,0
0.08,99.25,93.0,84.51,3.76,2.9,0.0094,0.0047,0.049,0.1065,0
0.08,99.25,93.0,84.51,3.76,2.9,0.0094,0.0047,0.0721,0.1067,0
0.08,97.0,93.0,84.54,3.76,2.9,0.0085,0.0042,0.0327,0.0964,0
0.08,97.0,93.0,84.54,3.76,2.9,0.0085,0.0042,0.0355,0.0966,0
0.08,97.0,93.0,84.54,3.76,2.9,0.0085,0.0042,0.0379,0.0967,0
0.08,97.0,93.0,84.54,3.76,2.9,0.0538,0.0046,0.0206,0.0636,0
0.08,97.0,93.0,84.54,3.76,2.9,0.0538,0.0046,0.1379,0.0638,1
0.08,97.0,93.0,84.54,3.76,2.9,0.0538,0.0046,0.1597,0.0639,1
0.08,97.0,93.0,84.54,3.76,2.9,0.009,0.0045,0.0967,0.1402,0
0.08,97.0,93.0,84.54,3.76,2.9,0.009,0.0045,0.1132,0.1404,0
0.08,97.0,93.0,84.54,3.76,2.9,0.009,0.0045,0.1297,0.1405,0
0.08,100.0,94.0,84.56,3.76,2.9,0.0091,0.0045,0.051,0.0947,0
0.08,100.0,94.0,84.56,3.76,2.9,0.0091,0.0045,0.0675,0.0949,0
0.08,100.0,94.0,84.56,3.76,2.9,0.0091,0.0045,0.0802,0.095,0
0.08,100.0,94.0,84.56,3.76,2.9,0.0634,0.0042,0.0457,0.0742,0
0.08,100.0,94.0,84.56,3.76,2.9,0.0634,0.0042,0.0502,0.0744,0
0.08,100.0,94.0,84.56,3.76,2.9,0.0634,0.0042,0.0621,0.0748,0
0.08,100.0,94.0,84.56,3.76,2.9,0.0088,0.0044,0.0365,0.0888,0
0.08,100.0,94.0,84.56,3.76,2.9,0.0088,0.0044,0.043,0.0892,0
0.08,100.0,94.0,84.56,3.76,2.9,0.0088,0.0044,0.0516,0.0893,0
0.08,100.0,94.0,84.56,3.76,2.9,0.0085,0.0042,0.021,0.0944,0
0.08,100.0,94.0,84.56,3.76,2.9,0.0085,0.0042,0.0235,0.0946,0
0.08,100.0,94.0,84.56,3.76,2.9,0.0085,0.0042,0.0261,0.0947,0
0.08,97.75,96.0,84.74,3.76,2.9,0.0652,0.0046,0.0632,0.0621,1
0.08,97.75,96.0,84.74,3.76,2.9,0.0652,0.0046,0.0845,0.0623,1
0.08,97.75,96.0,84.74,3.76,2.9,0.0652,0.0046,0.0998,0.0624,1
0.08,97.75,96.0,84.74,3.76,2.9,0.008,0.004,0.0452,0.1247,0
0.08,97.75,96.0,84.74,3.76,2.9,0.008,0.004,0.0591,0.1249,0
0.08,97.75,96.0,84.74,3.76,2.9,0.008,0.004,0.0626,0.125,0
0.08,97.75,96.0,84.74,1.56,3.08,0.0083,0.0041,0.0166,0.0876,0
0.08,97.75,96.0,84.74,1.56,3.08,0.0083,0.0041,0.0194,0.0878,0
0.08,97.75,96.0,84.74,1.56,3.08,0.0083,0.0041,0.0218,0.088,0
0.08,97.75,96.0,84.74,1.56,3.08,0.0488,0.004,0.0406,0.0914,0
0.08,97.75,96.0,84.74,1.56,3.08,0.0488,0.004,0.0436,0.0916,0
0.08,97.75,96.0,84.74,1.56,3.08,0.0488,0.004,0.0539,0.0924,0
0.08,97.5,97.0,84.56,1.56,3.08,0.0092,0.0046,0.0266,0.0979,0
0.08,97.5,97.0,84.56,1.56,3.08,0.0092,0.0046,0.0363,0.0981,0
0.08,97.5,97.0,84.56,1.56,3.08,0.0092,0.0046,0.0398,0.0982,0
0.08,97.5,97.0,84.56,1.56,3.08,0.0081,0.0041,0.0782,0.0693,1
0.08,97.5,97.0,84.56,1.56,3.08,0.0081,0.0041,0.0839,0.0696,1
0.08,97.5,97.0,84.56,1.56,3.08,0.0081,0.0041,0.0905,0.0713,1
0.08,97.5,97.0,84.56,1.56,3.08,0.0551,0.0043,0.1087,0.0668,1
0.08,97.5,97.0,84.56,1.56,3.08,0.0551,0.0043,0.1268,0.067,1
0.08,97.5,97.0,84.56,1.56,3.08,0.0551,0.0043,0.1344,0.0672,1
0.08,98.5,94.0,84.56,1.56,3.08,0.0085,0.0042,0.035,0.0829,0
0.08,98.5,94.0,84.56,1.56,3.08,0.0085,0.0042,0.0383,0.0831,0
0.08,98.5,94.0,84.56,1.56,3.08,0.0085,0.0042,0.054,0.0832,0
0.08,98.5,94.0,84.56,1.56,3.08,0.0083,0.0041,0.0214,0.1188,0
0.08,98.5,94.0,84.56,1.56,3.08,0.0083,0.0041,0.0265,0.119,0
0.08,98.5,94.0,84.56,1.56,3.08,0.0083,0.0041,0.0294,0.1194,0
0.08,98.5,94.0,84.56,1.56,3.08,0.0579,0.0044,0.0368,0.0958,0
0.08,98.5,94.0,84.56,1.56,3.08,0.0579,0.0044,0.0549,0.0966,0
0.08,98.5,94.0,84.56,1.56,3.08,0.0579,0.0044,0.0593,0.0967,0
0.08,98.5,94.0,84.56,1.56,3.08,0.0089,0.0045,0.0543,0.0933,0
0.08,98.5,94.0,84.56,1.56,3.08,0.0089,0.0045,0.0575,0.0935,0
0.08,98.5,94.0,84.56,1.56,3.08,0.0089,0.0045,0.0621,0.0937,0
0.08,98.5,90.0,84.74,1.56,3.08,0.0089,0.0045,0.0502,0.0703,0
0.08,98.5,90.0,84.74,1.56,3.08,0.0089,0.0045,0.055,0.0705,0
0.08,98.5,90.0,84.74,1.56,3.08,0.0089,0.0045,0.0706,0.0707,0
0.08,98.5,90.0,84.74,1.29,3.1,0.0554,0.0038,0.0436,0.1056,0
0.08,98.5,90.0,84.74,1.29,3.1,0.0554,0.0038,0.0524,0.107,0
0.08,98.5,90.0,84.74,1.29,3.1,0.0554,0.0038,0.0567,0.1073,0
0.08,98.5,90.0,84.74,1.29,3.1,0.0087,0.0043,0.0242,0.0695,0
0.08,98.5,90.0,84.74,1.29,3.1,0.0087,0.0043,0.0331,0.0697,0
0.08,98.5,90.0,84.74,1.29,3.1,0.0087,0.0043,0.039,0.0698,0
0.08,98.5,90.0,84.74,1.29,3.1,0.0086,0.0043,0.0201,0.0711,0
0.08,98.5,90.0,84.74,1.29,3.1,0.0086,0.0043,0.0482,0.0713,0
0.08,98.5,90.0,84.74,1.29,3.1,0.0086,0.0043,0.0627,0.0715,0
0.08,97.75,99.0,84.56,1.29,3.1,0.0678,0.0044,0.0427,0.064,0
0.08,97.75,99.0,84.56,1.29,3.1,0.0678,0.0044,0.0607,0.0646,0
0.08,97.75,99.0,84.56,1.29,3.1,0.0678,0.0044,0.069,0.0647,1
0.08,97.75,99.0,84.56,1.29,3.1,0.0087,0.0044,0.0662,0.1026,0
0.08,97.75,99.0,84.56,1.29,3.1,0.0087,0.0044,0.0811,0.1028,0
0.08,97.75,99.0,84.56,1.29,3.1,0.0087,0.0044,0.097,0.103,0
0.08,97.75,99.0,84.56,1.29,3.1,0.0089,0.0044,0.0478,0.0895,0
0.08,97.75,99.0,84.56,1.29,3.1,0.0089,0.0044,0.0566,0.0897,0
0.08,97.75,99.0,84.56,1.29,3.1,0.0089,0.0044,0.0776,0.0898,0
0.08,100.0,93.0,84.51,1.29,3.1,0.0514,0.0047,0.0681,0.0895,0
0.08,100.0,93.0,84.51,1.29,3.1,0.0514,0.0047,0.0727,0.0897,0
0.08,100.0,93.0,84.51,1.29,3.1,0.0514,0.0047,0.0792,0.0899,0
0.08,100.0,93.0,84.51,1.29,3.1,0.0085,0.0043,0.0257,0.0837,0
0.08,100.0,93.0,84.51,1.29,3.1,0.0085,0.0043,0.0543,0.0839,0
0.08,100.0,93.0,84.51,1.29,3.1,0.0085,0.0043,0.0587,0.0842,0
0.08,100.0,93.0,84.51,1.29,3.1,0.0082,0.0041,0.0462,0.0901,0
0.08,100.0,93.0,84.51,1.29,3.1,0.0082,0.0041,0.0528,0.0903,0
0.08,100.0,93.0,84.51,1.29,3.1,0.0082,0.0041,0.0718,0.0904,0
0.08,100.0,93.0,84.51,1.29,3.1,0.0642,0.0045,0.0545,0.0688,0
0.08,100.0,93.0,84.51,1.29,3.1,0.0642,0.0045,0.0585,0.0691,0
0.08,100.0,93.0,84.51,1.29,3.1,0.0642,0.0045,0.0821,0.0692,1
0.07,97.5,97.0,84.56,1.2,2.97,0.0086,0.0043,0.0612,0.1066,0
0.07,97.5,97.0,84.56,1.2,2.97,0.0086,0.0043,0.0678,0.1068,0
0.07,97.5,97.0,84.56,1.2,2.97,0.0086,0.0043,0.0795,0.1069,0
0.07,97.5,97.0,84.56,1.2,2.97,0.0089,0.0045,0.0192,0.0884,0
0.07,97.5,97.0,84.56,1.2,2.97,0.0089,0.0045,0.0257,0.0886,0
0.07,97.5,97.0,84.56,1.2,2.97,0.0089,0.0045,0.0394,0.0887,0
0.07,97.5,97.0,84.56,1.2,2.97,0.0595,0.0047,0.0232,0.079,0
0.07,97.5,97.0,84.56,1.2,2.97,0.0595,0.0047,0.0335,0.0792,0
0.07,97.5,97.0,84.56,1.2,2.97,0.0595,0.0047,0.0469,0.0794,0
0.07,97.5,94.0,85.02,1.2,2.97,0.0089,0.0044,0.0289,0.0824,0
0.07,97.5,94.0,85.02,1.2,2.97,0.0089,0.0044,0.0329,0.0826,0
0.07,97.5,94.0,85.02,1.2,2.97,0.0089,0.0044,0.0356,0.0828,0
0.07,97.5,94.0,85.02,1.2,2.97,0.0093,0.0047,0.0502,0.0905,0
0.07,97.5,94.0,85.02,1.2,2.97,0.0093,0.0047,0.0554,0.0907,0
0.07,97.5,94.0,85.02,1.2,2.97,0.0093,0.0047,0.0578,0.0908,0
0.07,97.5,94.0,85.02,1.2,2.97,0.0658,0.0044,0.0293,0.0863,0
0.07,97.5,94.0,85.02,1.2,2.97,0.0658,0.0044,0.0359,0.0865,0
0.07,97.5,94.0,85.02,1.2,2.97,0.0658,0.0044,0.042,0.0866,0
0.07,97.5,94.0,85.02,1.2,2.97,0.008,0.004,0.0149,0.0904,0
0.07,97.5,94.0,85.02,1.2,2.97,0.008,0.004,0.019,0.0906,0
0.07,97.5,94.0,85.02,1.2,2.97,0.008,0.004,0.0311,0.0908,0
0.07,98.5,96.0,84.54,1.2,2.97,0.0084,0.0042,0.0422,0.1634,0
0.07,98.5,96.0,84.54,1.2,2.97,0.0084,0.0042,0.0448,0.1636,0
0.07,98.5,96.0,84.54,1.2,2.97,0.0084,0.0042,0.0536,0.1638,0
0.07,98.5,96.0,84.54,1.2,2.97,0.0568,0.0044,0.041,0.1037,0
0.07,98.5,96.0,84.54,1.2,2.97,0.0568,0.0044,0.0518,0.1039,0
0.07,98.5,96.0,84.54,1.2,2.97,0.0568,0.0044,0.0573,0.104,0
0.07,98.5,96.0,84.54,1.2,2.97,0.0091,0.0045,0.0247,0.0657,0
0.07,98.5,96.0,84.54,1.2,2.97,0.0091,0.0045,0.0323,0.066,0
0.07,98.5,96.0,84.54,1.2,2.97,0.0091,0.0045,0.0439,0.0661,0
0.07,98.5,96.0,84.54,1.2,2.97,0.0086,0.0043,0.0275,0.0688,0
0.07,98.5,96.0,84.54,1.2,2.97,0.0086,0.0043,0.0349,0.069,0
0.07,98.5,96.0,84.54,1.2,2.97,0.0086,0.0043,0.0372,0.0692,0
0.09,97.75,94.0,84.51,1.92,3.02,0.0572,0.0045,0.0344,0.0824,0
0.09,97.75,94.0,84.51,1.92,3.02,0.0572,0.0045,0.0374,0.0826,0
0.09,97.75,94.0,84.51,1.92,3.02,0.0572,0.0045,0.0557,0.0828,0
0.09,97.75,94.0,84.51,1.92,3.02,0.0083,0.0041,0.029,0.1012,0
0.09,97.75,94.0,84.51,1.92,3.02,0.0083,0.0041,0.0424,0.1014,0
0.09,97.75,94.0,84.51,1.92,3.02,0.0083,0.0041,0.0453,0.1015,0
0.09,97.75,94.0,84.51,1.92,3.02,0.009,0.0045,0.0257,0.0888,0
0.09,97.75,94.0,84.51,1.92,3.02,0.009,0.0045,0.0316,0.0897,0
0.09,97.75,94.0,84.51,1.92,3.02,0.009,0.0045,0.0363,0.0898,0
0.09,98.5,97.0,84.43,1.92,3.02,0.0523,0.0044,0.0317,0.1204,0
0.09,98.5,97.0,84.43,1.92,3.02,0.0523,0.0044,0.0505,0.1206,0
0.09,98.5,97.0,84.43,1.92,3.02,0.0523,0.0044,0.0561,0.1207,0
0.09,98.5,97.0,84.43,1.92,3.02,0.0087,0.0044,0.0238,0.0885,0
0.09,98.5,97.0,84.43,1.92,3.02,0.0087,0.0044,0.0301,0.0887,0
0.09,98.5,97.0,84.43,1.92,3.02,0.0087,0.0044,0.0355,0.0889,0
0.09,98.5,97.0,84.43,1.92,3.02,0.0087,0.0044,0.0301,0.0973,0
0.09,98.5,97.0,84.43,1.92,3.02,0.0087,0.0044,0.0362,0.0975,0
0.09,98.5,97.0,84.43,1.92,3.02,0.0087,0.0044,0.0487,0.0976,0
0.09,98.5,97.0,84.43,1.92,3.02,0.0671,0.0043,0.0589,0.086,0
0.09,98.5,97.0,84.43,1.92,3.02,0.0671,0.0043,0.0724,0.0862,0
0.09,98.5,97.0,84.43,1.92,3.02,0.0671,0.0043,0.084,0.0863,0
0.09,98.5,88.0,85.09,1.92,3.02,0.0087,0.0044,0.029,0.0983,0
0.09,98.5,88.0,85.09,1.92,3.02,0.0087,0.0044,0.036,0.0985,0
0.09,98.5,88.0,85.09,1.92,3.02,0.0087,0.0044,0.0396,0.0986,0
0.09,98.5,88.0,85.09,1.92,3.02,0.0084,0.0042,0.0185,0.0952,0
0.09,98.5,88.0,85.09,1.92,3.02,0.0084,0.0042,0.0233,0.0955,0
0.09,98.5,88.0,85.09,1.92,3.02,0.0084,0.0042,0.0271,0.0956,0
0.09,98.5,88.0,85.09,1.92,3.02,0.0477,0.0042,0.0364,0.1105,0
0.09,98.5,88.0,85.09,1.92,3.02,0.0477,0.0042,0.0521,0.1108,0
0.09,98.5,88.0,85.09,1.92,3.02,0.0477,0.0042,0.0619,0.1109,0
0.09,98.5,88.0,85.09,1.63,2.93,0.0087,0.0044,0.0206,0.1572,0
0.09,98.5,88.0,85.09,1.63,2.93,0.0087,0.0044,0.0259,0.1574,0
0.09,98.5,88.0,85.09,1.63,2.93,0.0087,0.0044,0.033,0.1576,0
0.09,96.25,93.0,84.51,1.63,2.93,0.0089,0.0044,0.0227,0.1027,0
0.09,96.25,93.0,84.51,1.63,2.93,0.0089,0.0044,0.0332,0.1028,0
0.09,96.25,93.0,84.51,1.63,2.93,0.0089,0.0044,0.0462,0.103,0
0.09,96.25,93.0,84.51,1.63,2.93,0.0456,0.0041,0.0499,0.0897,0
0.09,96.25,93.0,84.51,1.63,2.93,0.0456,0.0041,0.0542,0.0899,0
0.09,96.25,93.0,84.51,1.63,2.93,0.0456,0.0041,0.0947,0.09,1
0.09,96.25,93.0,84.51,1.63,2.93,0.0084,0.0042,0.0595,0.0927,0
0.09,96.25,93.0,84.51,1.63,2.93,0.0084,0.0042,0.0696,0.093,0
0.09,96.25,93.0,84.51,1.63,2.93,0.0084,0.0042,0.2077,0.0931,1
0.09,99.25,97.0,84.59,1.63,2.93,0.0087,0.0044,0.1375,0.0913,1
0.09,99.25,97.0,84.59,1.63,2.93,0.0087,0.0044,0.1411,0.0915,1
0.09,99.25,97.0,84.59,1.63,2.93,0.0087,0.0044,0.1776,0.0916,1
0.09,99.25,97.0,84.59,1.63,2.93,0.0477,0.0041,0.157,0.076,1
0.09,99.25,97.0,84.59,1.63,2.93,0.0477,0.0041,0.1678,0.0761,1
0.09,99.25,97.0,84.59,1.63,2.93,0.0477,0.0041,0.1702,0.0763,1
0.09,99.25,97.0,84.59,1.63,2.93,0.0087,0.0044,0.1409,0.0809,1
0.09,99.25,97.0,84.59,1.63,2.93,0.0087,0.0044,0.1563,0.0812,1
0.09,99.25,97.0,84.59,1.63,2.93,0.0087,0.0044,0.1587,0.0813,1
0.09,97.75,93.0,85.02,1.63,2.93,0.0098,0.0049,0.0396,0.079,0
0.09,97.75,93.0,85.02,1.63,2.93,0.0098,0.0049,0.0518,0.0795,0
0.09,97.75,93.0,85.02,1.63,2.93,0.0098,0.0049,0.0573,0.0797,0
0.09,97.75,93.0,85.02,1.63,2.93,0.0438,0.0041,0.0365,0.0841,0
0.09,97.75,93.0,85.02,1.63,2.93,0.0438,0.0041,0.047,0.0843,0
0.09,97.75,93.0,85.02,1.63,2.93,0.0438,0.0041,0.0525,0.0846,0
0.08,97.75,93.0,85.02,1.32,2.94,0.0084,0.0042,0.0231,0.0843,0
0.08,97.75,93.0,85.02,1.32,2.94,0.0084,0.0042,0.0268,0.0845,0
0.08,97.75,93.0,85.02,1.32,2.94,0.0084,0.0042,0.0426,0.0846,0
0.08,98.5,94.0,85.02,1.32,2.94,0.0088,0.0044,0.0639,0.0972,0
0.08,98.5,94.0,85.02,1.32,2.94,0.0088,0.0044,0.0706,0.0974,0
0.08,98.5,94.0,85.02,1.32,2.94,0.0088,0.0044,0.0817,0.0975,0
0.08,98.5,94.0,85.02,1.32,2.94,0.0618,0.0043,0.0847,0.0969,0
0.08,98.5,94.0,85.02,1.32,2.94,0.0618,0.0043,0.0945,0.0971,0
0.08,98.5,94.0,85.02,1.32,2.94,0.0618,0.0043,0.1068,0.0972,1
0.08,98.5,94.0,85.02,1.32,2.94,0.0088,0.0044,0.0557,0.0869,0
0.08,98.5,94.0,85.02,1.32,2.94,0.0088,0.0044,0.0601,0.0871,0
0.08,98.5,94.0,85.02,1.32,2.94,0.0088,0.0044,0.0627,0.0886,0
0.08,98.5,94.0,85.02,1.32,2.94,0.0086,0.0043,0.0177,0.0747,0
0.08,98.5,94.0,85.02,1.32,2.94,0.0086,0.0043,0.0205,0.075,0
0.08,98.5,94.0,85.02,1.32,2.94,0.0086,0.0043,0.0233,0.0751,0
0.08,97.75,99.0,84.66,1.32,2.94,0.0602,0.0045,0.0234,0.1268,0
0.08,97.75,99.0,84.66,1.32,2.94,0.0602,0.0045,0.039,0.127,0
0.08,97.75,99.0,84.66,1.32,2.94,0.0602,0.0045,0.0415,0.1272,0
0.08,97.75,99.0,84.66,1.32,2.94,0.0083,0.0042,0.0212,0.0724,0
0.08,97.75,99.0,84.66,1.32,2.94,0.0083,0.0042,0.0394,0.0726,0
0.08,97.75,99.0,84.66,1.32,2.94,0.0083,0.0042,0.0443,0.0727,0
0.08,97.75,99.0,84.66,1.32,2.94,0.0089,0.0045,0.0722,0.1189,0
0.08,97.75,99.0,84.66,1.32,2.94,0.0089,0.0045,0.0775,0.1191,0
0.08,97.75,99.0,84.66,1.32,2.94,0.0089,0.0045,0.08,0.1192,0
0.08,99.25,89.0,84.59,1.32,2.94,0.0921,0.0041,0.032,0.1128,0
0.08,99.25,89.0,84.59,1.32,2.94,0.0921,0.0041,0.0408,0.113,0
0.08,99.25,89.0,84.59,1.32,2.94,0.0921,0.0041,0.0479,0.1132,0
0.12,99.25,89.0,84.59,1.16,2.49,0.0083,0.0042,0.0359,0.1188,0
0.12,99.25,89.0,84.59,1.16,2.49,0.0083,0.0042,0.0416,0.1202,0
0.12,99.25,89.0,84.59,1.16,2.49,0.0083,0.0042,0.0443,0.1205,0
0.12,99.25,89.0,84.59,1.16,2.49,0.0085,0.0043,0.0244,0.1029,0
0.12,99.25,89.0,84.59,1.16,2.49,0.0085,0.0043,0.0412,0.1032,0
0.12,99.25,89.0,84.59,1.16,2.49,0.0085,0.0043,0.0493,0.1064,0
0.12,98.5,97.0,84.59,1.16,2.49,0.1193,0.0044,0.0409,0.1449,0
0.12,98.5,97.0,84.59,1.16,2.49,0.1193,0.0044,0.0541,0.1452,0
0.12,98.5,97.0,84.59,1.16,2.49,0.1193,0.0044,0.0598,0.1453,0
0.12,98.5,97.0,84.59,1.16,2.49,0.0092,0.0046,0.0195,0.11,0
0.12,98.5,97.0,84.59,1.16,2.49,0.0092,0.0046,0.0369,0.1102,0
0.12,98.5,97.0,84.59,1.16,2.49,0.0092,0.0046,0.0503,0.1103,0
0.12,98.5,97.0,84.59,1.16,2.49,0.0095,0.0048,0.0313,0.1057,0
0.12,98.5,97.0,84.59,1.16,2.49,0.0095,0.0048,0.04,0.1059,0
0.12,98.5,97.0,84.59,1.16,2.49,0.0095,0.0048,0.045,0.1061,0
0.12,98.5,97.0,84.59,1.16,2.49,0.0947,0.0046,0.0249,0.0917,0
0.12,98.5,97.0,84.59,1.16,2.49,0.0947,0.0046,0.0586,0.092,0
0.12,98.5,97.0,84.59,1.16,2.49,0.0947,0.0046,0.0893,0.0936,0
0.12,98.25,96.0,84.56,1.16,2.49,0.0088,0.0044,0.1379,0.0823,1
0.12,98.25,96.0,84.56,1.16,2.49,0.0088,0.0044,0.1577,0.0825,1
0.12,98.25,96.0,84.56,1.16,2.49,0.0088,0.0044,0.1606,0.0827,1
0.12,98.25,96.0,84.56,1.16,2.49,0.01,0.005,0.0996,0.0645,1
0.12,98.25,96.0,84.56,1.16,2.49,0.01,0.005,0.1181,0.0647,1
0.12,98.25,96.0,84.56,1.16,2.49,0.01,0.005,0.1208,0.0648,1
0.12,98.25,96.0,84.56,1.16,2.49,0.06,0.0045,0.0603,0.0719,0
0.12,98.25,96.0,84.56,1.16,2.49,0.06,0.0045,0.0798,0.0721,1
0.12,98.25,96.0,84.56,1.16,2.49,0.06,0.0045,0.0918,0.0722,1
0.12,98.25,96.0,84.56,1.16,2.49,0.009,0.0045,0.0252,0.0944,0
0.12,98.25,96.0,84.56,1.16,2.49,0.009,0.0045,0.0316,0.0947,0
0.12,98.25,96.0,84.56,1.16,2.49,0.009,0.0045,0.0381,0.0951,0
0.12,99.25,63.0,84.56,1.16,2.49,0.0098,0.0049,0.0228,0.0862,0
0.12,99.25,63.0,84.56,1.16,2.49,0.0098,0.0049,0.0306,0.0864,0
0.08,99.25,63.0,84.56,1.86,2.32,0.0098,0.0049,0.0387,0.0866,0
0.08,99.25,63.0,84.56,1.86,2.32,0.0625,0.0043,0.0303,0.0917,0
0.08,99.25,63.0,84.56,1.86,2.32,0.0625,0.0043,0.0351,0.094,0
0.08,99.25,63.0,84.56,1.86,2.32,0.0625,0.0043,0.0549,0.0941,0
0.08,99.25,63.0,84.56,1.86,2.32,0.0086,0.0043,0.0282,0.0994,0
0.08,99.25,63.0,84.56,1.86,2.32,0.0086,0.0043,0.0463,0.0997,0
0.08,99.25,63.0,84.56,1.86,2.32,0.0086,0.0043,0.0546,0.1041,0
0.08,98.5,94.0,85.02,1.86,2.32,0.0086,0.0043,0.0282,0.0916,0
0.08,98.5,94.0,85.02,1.86,2.32,0.0086,0.0043,0.0322,0.0918,0
0.08,98.5,94.0,85.02,1.86,2.32,0.0086,0.0043,0.0514,0.0925,0
0.08,98.5,94.0,85.02,1.86,2.32,0.0691,0.0043,0.0246,0.0969,0
0.08,98.5,94.0,85.02,1.86,2.32,0.0691,0.0043,0.032,0.0971,0
0.08,98.5,94.0,85.02,1.86,2.32,0.0691,0.0043,0.0341,0.0973,0
0.08,98.5,94.0,85.02,1.86,2.32,0.0086,0.0043,0.025,0.0935,0
0.08,98.5,94.0,85.02,1.86,2.32,0.0086,0.0043,0.0425,0.0937,0
0.08,98.5,94.0,85.02,1.86,2.32,0.0086,0.0043,0.0479,0.0938,0
0.08,98.5,94.0,85.02,1.86,2.32,0.0096,0.0048,0.0212,0.083,0
0.08,98.5,94.0,85.02,1.86,2.32,0.0096,0.0048,0.0232,0.0833,0
0.08,98.5,94.0,85.02,1.86,2.32,0.0096,0.0048,0.0307,0.0836,0
0.08,98.5,99.0,84.59,1.86,2.32,0.0646,0.0049,0.0423,0.1339,0
0.08,98.5,99.0,84.59,1.86,2.32,0.0646,0.0049,0.0478,0.1341,0
0.08,98.5,99.0,84.59,1.86,2.32,0.0646,0.0049,0.0746,0.1342,0
0.08,98.5,99.0,84.59,1.86,2.32,0.0092,0.0046,0.0488,0.0951,0
0.08,98.5,99.0,84.59,1.86,2.32,0.0092,0.0046,0.073,0.0953,0
0.08,98.5,99.0,84.59,1.86,2.32,0.0092,0.0046,0.0771,0.0954,0
0.08,98.5,99.0,84.59,1.86,2.32,0.0092,0.0046,0.033,0.2141,0
0.08,98.5,99.0,84.59,1.86,2.32,0.0092,0.0046,0.0369,0.2143,0
0.08,98.5,99.0,84.59,1.86,2.32,0.0092,0.0046,0.0614,0.2144,0
0.08,99.0,94.0,84.59,1.86,2.32,0.0639,0.0049,0.0651,0.1857,0
0.08,99.0,94.0,84.59,1.86,2.32,0.0639,0.0049,0.072,0.1859,0
0.08,99.0,94.0,84.59,1.86,2.32,0.0639,0.0049,0.0835,0.1861,0
0.08,99.0,94.0,84.59,1.44,2.11,0.0096,0.0048,0.0212,0.096,0
0.08,99.0,94.0,84.59,1.44,2.11,0.0096,0.0048,0.0295,0.0974,0
0.08,99.0,94.0,84.59,1.44,2.11,0.0096,0.0048,0.0532,0.0976,0
0.08,99.0,94.0,84.59,1.44,2.11,0.009,0.0045,0.0196,0.1436,0
0.08,99.0,94.0,84.59,1.44,2.11,0.009,0.0045,0.0219,0.1483,0
0.08,99.0,94.0,84.59,1.44,2.11,0.009,0.0045,0.0494,0.1484,0
0.08,99.0,94.0,84.59,1.44,2.11,0.075,0.0043,0.0201,0.1775,0
0.08,99.0,94.0,84.59,1.44,2.11,0.075,0.0043,0.0283,0.1777,0
0.08,99.0,94.0,84.59,1.44,2.11,0.075,0.0043,0.0395,0.1781,0
0.08,99.25,97.0,85.14,1.44,2.11,0.0086,0.0043,0.0246,0.2156,0
0.08,99.25,97.0,85.14,1.44,2.11,0.0086,0.0043,0.0449,0.2158,0
0.08,99.25,97.0,85.14,1.44,2.11,0.0086,0.0043,0.0519,0.216,0
0.08,99.25,97.0,85.14,1.44,2.11,0.0084,0.0042,0.0359,0.2014,0
0.08,99.25,97.0,85.14,1.44,2.11,0.0084,0.0042,0.0409,0.2016,0
0.08,99.25,97.0,85.14,1.44,2.11,0.0084,0.0042,0.0514,0.2017,0
0.08,99.25,97.0,85.14,1.44,2.11,0.0701,0.0044,0.023,0.2517,0
0.08,99.25,97.0,85.14,1.44,2.11,0.0701,0.0044,0.0304,0.2519,0
0.08,99.25,97.0,85.14,1.44,2.11,0.0701,0.0044,0.0336,0.252,0
0.08,100.0,94.0,84.89,1.44,2.11,0.0092,0.0046,0.0525,0.1516,0
0.08,100.0,94.0,84.89,1.44,2.11,0.0092,0.0046,0.061,0.1519,0
0.08,100.0,94.0,84.89,1.44,2.11,0.0092,0.0046,0.0636,0.152,0
0.08,100.0,94.0,84.89,1.44,2.11,0.009,0.0045,0.0231,0.1095,0
0.08,100.0,94.0,84.89,1.44,2.11,0.009,0.0045,0.0383,0.128,0
0.08,100.0,94.0,84.89,1.44,2.11,0.009,0.0045,0.045,0.1282,0
0.08,100.0,94.0,84.89,1.44,2.11,0.0721,0.0047,0.0257,0.0983,0
0.08,100.0,94.0,84.89,1.44,2.11,0.0721,0.0047,0.0286,0.0985,0
0.08,100.0,94.0,84.89,1.44,2.11,0.0721,0.0047,0.0322,0.0987,0
0.08,100.0,94.0,84.89,1.44,2.11,0.009,0.0045,0.0228,0.0881,0
0.08,100.0,94.0,84.89,1.44,2.11,0.009,0.0045,0.0285,0.0883,0
0.08,100.0,94.0,84.89,1.44,2.11,0.009,0.0045,0.0325,0.0884,0
0.08,96.25,99.0,84.54,1.22,1.2,0.0096,0.0048,0.0352,0.1311,0
0.08,96.25,99.0,84.54,1.22,1.2,0.0096,0.0048,0.0588,0.1313,0
0.08,96.25,99.0,84.54,1.22,1.2,0.0096,0.0048,0.0725,0.1316,0
0.08,96.25,99.0,84.54,1.22,1.2,0.0552,0.0047,0.029,0.1566,0
0.08,96.25,99.0,84.54,1.22,1.2,0.0552,0.0047,0.0545,0.1568,0
0.08,96.25,99.0,84.54,1.22,1.2,0.0552,0.0047,0.0607,0.1569,0
0.08,96.25,99.0,84.54,1.22,1.2,0.0087,0.0044,0.0204,0.1661,0
0.08,96.25,99.0,84.54,1.22,1.2,0.0087,0.0044,0.031,0.1663,0
0.08,96.25,99.0,84.54,1.22,1.2,0.0087,0.0044,0.0355,0.1665,0
0.08,97.75,97.0,84.56,1.22,1.2,0.0089,0.0044,0.0226,0.1583,0
0.08,97.75,97.0,84.56,1.22,1.2,0.0089,0.0044,0.0355,0.1585,0
0.08,97.75,97.0,84.56,1.22,1.2,0.0089,0.0044,0.0435,0.1586,0
0.08,97.75,97.0,84.56,1.22,1.2,0.0687,0.0044,0.0269,0.1987,0
0.08,97.75,97.0,84.56,1.22,1.2,0.0687,0.0044,0.03,0.1989,0
0.08,97.75,97.0,84.56,1.22,1.2,0.0687,0.0044,0.204,0.1991,1
0.08,97.75,97.0,84.56,1.22,1.2,0.0094,0.0047,0.1137,0.1909,0
0.08,97.75,97.0,84.56,1.22,1.2,0.0094,0.0047,0.1248,0.1915,0
0.08,97.75,97.0,84.56,1.22,1.2,0.0094,0.0047,0.1271,0.1924,0
0.08,97.0,96.0,85.07,1.22,1.2,0.0086,0.0043,0.0704,0.1885,0
0.08,97.0,96.0,85.07,1.22,1.2,0.0086,0.0043,0.0755,0.1887,0
0.08,97.0,96.0,85.07,1.22,1.2,0.0086,0.0043,0.078,0.1888,0
0.08,97.0,96.0,85.07,1.22,1.2,0.0692,0.0043,0.0364,0.2089,0
0.08,97.0,96.0,85.07,1.22,1.2,0.0692,0.0043,0.041,0.2094,0
0.08,97.0,96.0,85.07,1.22,1.2,0.0692,0.0043,0.0449,0.2096,0
0.08,97.0,96.0,85.07,1.22,1.2,0.0079,0.0039,0.026,0.2238,0
0.08,97.0,96.0,85.07,1.49,0.52,0.0079,0.0039,0.0439,0.224,0
0.08,97.0,96.0,85.07,1.49,0.52,0.0079,0.0039,0.0613,0.2241,0
0.08,98.5,99.0,84.49,1.49,0.52,0.0083,0.0042,0.0243,0.225,0
0.08,98.5,99.0,84.49,1.49,0.52,0.0083,0.0042,0.0286,0.2253,0
0.08,98.5,99.0,84.49,1.49,0.52,0.0083,0.0042,0.0328,0.2254,0
0.08,98.5,99.0,84.49,1.49,0.52,0.0601,0.0043,0.0287,0.2296,0
0.08,98.5,99.0,84.49,1.49,0.52,0.0601,0.0043,0.0481,0.2298,0
0.08,98.5,99.0,84.49,1.49,0.52,0.0601,0.0043,0.0539,0.2299,0
0.08,98.5,99.0,84.49,1.49,0.52,0.0096,0.0048,0.0256,0.2014,0
0.08,98.5,99.0,84.49,1.49,0.52,0.0096,0.0048,0.0307,0.2017,0
0.08,98.5,99.0,84.49,1.49,0.52,0.0096,0.0048,0.0347,0.2018,0
0.08,98.5,99.0,84.49,1.49,0.52,0.0089,0.0044,0.0229,0.1814,0
0.08,98.5,99.0,84.49,1.49,0.52,0.0089,0.0044,0.0296,0.1816,0
0.08,98.5,99.0,84.49,1.49,0.52,0.0089,0.0044,0.0414,0.1818,0
0.08,98.5,91.0,84.49,1.49,0.52,0.0531,0.0045,0.0204,0.2457,0
0.08,98.5,91.0,84.49,1.49,0.52,0.0531,0.0045,0.0332,0.246,0
0.08,98.5,91.0,84.49,1.49,0.52,0.0531,0.0045,0.0453,0.2462,0
0.08,98.5,91.0,84.49,1.49,0.52,0.009,0.0045,0.0182,0.1774,0
0.08,98.5,91.0,84.49,1.49,0.52,0.009,0.0045,0.0242,0.1776,0
0.08,98.5,91.0,84.49,1.49,0.52,0.009,0.0045,0.0278,0.1777,0
0.08,98.5,91.0,84.49,1.49,0.52,0.0086,0.0043,0.0595,0.1273,0
0.08,98.5,91.0,84.49,1.49,0.52,0.0086,0.0043,0.0678,0.1277,0
0.08,98.5,91.0,84.49,1.49,0.52,0.0086,0.0043,0.0839,0.128,0
0.08,97.75,97.0,85.02,1.49,0.52,0.0764,0.0049,0.0739,0.1214,0
0.08,97.75,97.0,85.02,1.49,0.52,0.0764,0.0049,0.0827,0.1217,0
0.08,97.75,97.0,85.02,1.49,0.52,0.0764,0.0049,0.1041,0.1219,0
0.08,97.75,97.0,85.02,1.49,0.52,0.0097,0.0049,0.0253,0.0931,0
0.08,97.75,97.0,85.02,1.49,0.52,0.0097,0.0049,0.036,0.0933,0
0.08,97.75,97.0,85.02,1.49,0.52,0.0097,0.0049,0.0392,0.0934,0
0.08,97.75,97.0,85.02,1.28,0.33,0.0093,0.0047,0.0439,0.0992,0
0.08,97.75,97.0,85.02,1.28,0.33,0.0093,0.0047,0.0626,0.0994,0
0.08,97.75,97.0,85.02,1.28,0.33,0.0093,0.0047,0.0878,0.0995,0
0.08,97.75,97.0,85.02,1.28,0.33,0.08,0.0045,0.0425,0.1055,0
0.08,97.75,97.0,85.02,1.28,0.33,0.08,0.0045,0.06,0.1062,0
0.08,97.75,97.0,85.02,1.28,0.33,0.08,0.0045,0.0675,0.1063,0
0.08,97.5,96.0,84.66,1.28,0.33,0.008,0.004,0.0465,0.0711,0
0.08,97.5,96.0,84.66,1.28,0.33,0.008,0.004,0.0537,0.0712,0
0.08,97.5,96.0,84.66,1.28,0.33,0.008,0.004,0.0712,0.0714,0
0.08,97.5,96.0,84.66,1.28,0.33,0.0088,0.0044,0.0309,0.0831,0
0.08,97.5,96.0,84.66,1.28,0.33,0.0088,0.0044,0.0387,0.0833,0
0.08,97.5,96.0,84.66,1.28,0.33,0.0088,0.0044,0.0529,0.0834,0
0.08,97.5,96.0,84.66,1.28,0.33,0.0726,0.004,0.0406,0.0817,0
0.08,97.5,96.0,84.66,1.28,0.33,0.0726,0.004,0.0495,0.0819,0
0.08,97.5,96.0,84.66,1.28,0.33,0.0726,0.004,0.0652,0.0821,0
0.08,97.75,93.0,84.56,1.28,0.33,0.0085,0.0042,0.0182,0.087,0
0.08,97.75,93.0,84.56,1.28,0.33,0.0085,0.0042,0.0209,0.0873,0
0.08,97.75,93.0,84.56,1.28,0.33,0.0085,0.0042,0.026,0.0876,0
0.08,97.75,93.0,84.56,1.28,0.33,0.0078,0.0039,0.0309,0.0657,0
0.08,97.75,93.0,84.56,1.28,0.33,0.0078,0.0039,0.0355,0.0659,0
0.08,97.75,93.0,84.56,1.28,0.33,0.0078,0.0039,0.0501,0.0662,0
0.08,97.75,93.0,84.56,1.28,0.33,0.065,0.0041,0.0281,0.0961,0
0.08,97.75,93.0,84.56,1.28,0.33,0.065,0.0041,0.0398,0.0962,0
0.08,97.75,93.0,84.56,1.28,0.33,0.065,0.0041,0.0425,0.0964,0
0.08,97.75,93.0,84.56,1.28,0.33,0.0089,0.0044,0.048,0.0794,0
0.08,97.75,93.0,84.56,1.28,0.33,0.0089,0.0044,0.0573,0.0796,0
0.08,97.75,93.0,84.56,1.28,0.33,0.0089,0.0044,0.0889,0.0797,1
0.08,98.5,89.0,84.51,1.28,0.33,0.0081,0.004,0.0481,0.1311,0
0.08,98.5,89.0,84.51,1.28,0.33,0.0081,0.004,0.0529,0.1313,0
0.08,98.5,89.0,84.51,1.28,0.33,0.0081,0.004,0.0671,0.1316,0
0.08,98.5,89.0,84.51,2.12,0.39,0.0741,0.0046,0.0621,0.0834,0
0.08,98.5,89.0,84.51,2.12,0.39,0.0741,0.0046,0.0714,0.0836,0
0.08,98.5,89.0,84.51,2.12,0.39,0.0741,0.0046,0.0773,0.0838,0
0.08,98.5,89.0,84.51,2.12,0.39,0.0086,0.0043,0.0459,0.0804,0
0.08,98.5,89.0,84.51,2.12,0.39,0.0086,0.0043,0.0533,0.0806,0
0.08,98.5,89.0,84.51,2.12,0.39,0.0086,0.0043,0.0724,0.0808,0
0.08,99.25,96.0,85.02,2.12,0.39,0.0085,0.0043,0.0282,0.0837,0
0.08,99.25,96.0,85.02,2.12,0.39,0.0085,0.0043,0.0326,0.0885,0
0.08,99.25,96.0,85.02,2.12,0.39,0.0085,0.0043,0.0516,0.0887,0
0.08,99.25,96.0,85.02,2.12,0.39,0.085,0.0045,0.0204,0.0843,0
0.08,99.25,96.0,85.02,2.12,0.39,0.085,0.0045,0.0227,0.0846,0
0.08,99.25,96.0,85.02,2.12,0.39,0.085,0.0045,0.0301,0.0847,0
0.08,99.25,96.0,85.02,2.12,0.39,0.0093,0.0047,0.018,0.0861,0
0.08,99.25,96.0,85.02,2.12,0.39,0.0093,0.0047,0.0382,0.0863,0
0.08,99.25,96.0,85.02,2.12,0.39,0.0093,0.0047,0.0485,0.0864,0
0.08,100.0,99.0,84.64,2.12,0.39,0.0088,0.0044,0.0391,0.077,0
0.08,100.0,99.0,84.64,2.12,0.39,0.0088,0.0044,0.0565,0.0772,0
0.08,100.0,99.0,84.64,2.12,0.39,0.0088,0.0044,0.0712,0.0775,0
0.08,100.0,99.0,84.64,2.12,0.39,0.0694,0.0043,0.0635,0.1346,0
0.08,100.0,99.0,84.64,2.12,0.39,0.0694,0.0043,0.0671,0.1348,0
0.08,100.0,99.0,84.64,2.12,0.39,0.0694,0.0043,0.0957,0.1349,0
0.08,100.0,99.0,84.64,2.12,0.39,0.0088,0.0044,0.1053,0.1284,0
0.08,100.0,99.0,84.64,2.12,0.39,0.0088,0.0044,0.11,0.1286,0
0.08,100.0,99.0,84.64,2.12,0.39,0.0088,0.0044,0.1211,0.1288,0
0.08,100.0,99.0,84.64,2.12,0.39,0.0087,0.0044,0.0748,0.0825,0
0.08,100.0,99.0,84.64,2.12,0.39,0.0087,0.0044,0.0843,0.0827,1
0.08,100.0,99.0,84.64,2.12,0.39,0.0087,0.0044,0.1046,0.0828,1
0.08,100.0,42.0,85.14,2.12,0.39,0.0752,0.0042,0.0951,0.0852,1
0.08,100.0,42.0,85.14,2.12,0.39,0.0752,0.0042,0.1004,0.0854,1
0.08,100.0,42.0,85.14,2.12,0.39,0.0752,0.0042,0.1156,0.0856,1
0.07,100.0,42.0,85.14,7.82,0.9,0.0092,0.0046,0.0742,0.0914,0
0.07,100.0,42.0,85.14,7.82,0.9,0.0092,0.0046,0.0945,0.0922,1
0.07,100.0,42.0,85.14,7.82,0.9,0.0092,0.0046,0.1169,0.0924,1
0.07,100.0,42.0,85.14,7.82,0.9,0.009,0.0045,0.0909,0.2014,0
0.07,100.0,42.0,85.14,7.82,0.9,0.009,0.0045,0.1038,0.2016,0
0.07,100.0,42.0,85.14,7.82,0.9,0.009,0.0045,0.1194,0.2017,0
0.07,100.0,42.0,85.14,7.82,0.9,0.0897,0.005,0.0479,0.0995,0
0.07,100.0,42.0,85.14,7.82,0.9,0.0897,0.005,0.064,0.0997,0
0.07,100.0,42.0,85.14,7.82,0.9,0.0897,0.005,0.0835,0.0998,0
0.07,99.25,75.0,85.09,7.82,0.9,0.0099,0.0049,0.0635,0.1063,0
0.07,99.25,75.0,85.09,7.82,0.9,0.0099,0.0049,0.0791,0.1064,0
0.07,99.25,75.0,85.09,7.82,0.9,0.0099,0.0049,0.1049,0.1066,0
0.07,99.25,75.0,85.09,7.82,0.9,0.0091,0.0046,0.0572,0.1055,0
0.07,99.25,75.0,85.09,7.82,0.9,0.0091,0.0046,0.06,0.1057,0
0.07,99.25,75.0,85.09,7.82,0.9,0.0091,0.0046,0.0695,0.1059,0
0.07,99.25,75.0,85.09,7.82,0.9,0.077,0.0046,0.0602,0.0914,0
0.07,99.25,75.0,85.09,7.82,0.9,0.077,0.0046,0.0815,0.0916,0
0.07,99.25,75.0,85.09,7.82,0.9,0.077,0.0046,0.088,0.0917,0
0.07,99.25,75.0,85.09,7.82,0.9,0.0095,0.0047,0.0433,0.0672,0
0.07,99.25,75.0,85.09,7.82,0.9,0.0095,0.0047,0.0513,0.0793,0
0.07,99.25,75.0,85.09,7.82,0.9,0.0095,0.0047,0.0539,0.0794,0
0.07,100.0,94.0,85.54,7.82,0.9,0.0086,0.0043,0.0633,0.0752,0
0.07,100.0,94.0,85.54,7.82,0.9,0.0086,0.0043,0.0657,0.0754,0
0.07,100.0,94.0,85.54,7.82,0.9,0.0086,0.0043,0.1032,0.0756,1
0.07,100.0,94.0,85.54,7.82,0.9,0.0805,0.0044,0.0845,0.0883,0
0.07,100.0,94.0,85.54,7.82,0.9,0.0805,0.0044,0.1014,0.0885,1
0.07,100.0,94.0,85.54,7.82,0.9,0.0805,0.0044,0.1183,0.0886,1
0.07,100.0,94.0,85.54,7.82,0.9,0.0091,0.0046,0.0945,0.1577,0
0.07,100.0,94.0,85.54,7.82,0.9,0.0091,0.0046,0.1048,0.1579,0
0.07,100.0,94.0,85.54,7.82,0.9,0.0091,0.0046,0.1364,0.1581,0
0.07,99.25,72.0,85.82,7.82,0.9,0.0091,0.0045,0.0688,0.1512,0
0.07,99.25,72.0,85.82,7.82,0.9,0.0091,0.0045,0.0759,0.1514,0
0.07,99.25,72.0,85.82,1.21,1.43,0.0091,0.0045,0.0973,0.1515,0
0.07,99.25,72.0,85.82,1.21,1.43,0.0892,0.0044,0.0372,0.0805,0
0.07,99.25,72.0,85.82,1.21,1.43,0.0892,0.0044,0.0481,0.0809,0
0.07,99.25,72.0,85.82,1.21,1.43,0.0892,0.0044,0.0508,0.0811,0
0.07,99.25,72.0,85.82,1.21,1.43,0.009,0.0045,0.0648,0.0976,0
0.07,99.25,72.0,85.82,1.21,1.43,0.009,0.0045,0.0808,0.0978,0
0.07,99.25,72.0,85.82,1.21,1.43,0.009,0.0045,0.1051,0.0979,1
0.07,99.25,94.0,86.23,1.21,1.43,0.0094,0.0047,0.0757,0.0912,0
0.07,99.25,94.0,86.23,1.21,1.43,0.0094,0.0047,0.1002,0.0947,1
0.07,99.25,94.0,86.23,1.21,1.43,0.0094,0.0047,0.1089,0.0949,1
0.07,99.25,94.0,86.23,1.21,1.43,0.0783,0.0043,0.1205,0.0803,1
0.07,99.25,94.0,86.23,1.21,1.43,0.0783,0.0043,0.1387,0.0806,1
0.07,99.25,94.0,86.23,1.21,1.43,0.0783,0.0043,0.1662,0.0807,1
0.07,99.25,94.0,86.23,1.21,1.43,0.0088,0.0044,0.0837,0.0779,1
0.07,99.25,94.0,86.23,1.21,1.43,0.0088,0.0044,0.0957,0.0781,1
0.07,99.25,94.0,86.23,1.21,1.43,0.0088,0.0044,0.1095,0.0782,1
0.07,99.25,94.0,86.23,1.21,1.43,0.0092,0.0046,0.0566,0.0784,0
0.07,99.25,94.0,86.23,1.21,1.43,0.0092,0.0046,0.0773,0.0786,0
0.07,99.25,94.0,86.23,1.21,1.43,0.0092,0.0046,0.2911,0.079,1
0.06,100.0,94.0,86.38,2.34,1.51,0.0746,0.0048,0.3531,0.143,1
0.06,100.0,94.0,86.38,2.34,1.51,0.0746,0.0048,0.3752,0.1432,1
0.06,100.0,94.0,86.38,2.34,1.51,0.0746,0.0048,0.386,0.1433,1
0.06,100.0,94.0,86.53,2.34,1.51,0.0104,0.0052,0.2877,0.1153,1
0.06,100.0,94.0,86.53,2.34,1.51,0.0104,0.0052,0.298,0.1155,1
0.06,100.0,94.0,86.53,2.34,1.51,0.0104,0.0052,0.3064,0.1156,1
0.06,100.0,94.0,86.53,2.34,1.51,0.0101,0.005,0.231,0.0769,1
0.06,100.0,94.0,86.53,2.34,1.51,0.0101,0.005,0.2366,0.0772,1
0.06,100.0,94.0,86.53,2.34,1.51,0.0101,0.005,0.2403,0.0774,1
0.06,100.0,94.0,86.53,2.34,1.51,0.0637,0.0045,0.2085,0.1028,1
0.06,100.0,94.0,86.53,2.34,1.51,0.0637,0.0045,0.2191,0.103,1
0.06,100.0,94.0,86.53,2.34,1.51,0.0637,0.0045,0.2362,0.1039,1
0.06,100.0,76.0,84.86,2.34,1.51,0.0087,0.0044,0.1691,0.0847,1
0.06,100.0,76.0,84.86,2.34,1.51,0.0087,0.0044,0.1793,0.0849,1
0.06,100.0,76.0,84.86,2.34,1.51,0.0087,0.0044,0.1851,0.0852,1
0.06,100.0,76.0,84.86,2.34,1.51,0.009,0.0045,0.0406,0.0762,0
0.06,100.0,76.0,84.86,2.34,1.51,0.009,0.0045,0.0457,0.0764,0
0.06,100.0,76.0,84.86,2.34,1.51,0.009,0.0045,0.0524,0.0765,0
0.06,100.0,76.0,84.86,2.34,1.51,0.0785,0.0044,0.0192,0.0834,0
0.06,100.0,76.0,84.86,2.34,1.51,0.0785,0.0044,0.0221,0.0836,0
0.06,100.0,76.0,84.86,2.34,1.51,0.0785,0.0044,0.0371,0.0843,0
0.06,97.75,95.0,84.96,2.34,1.51,0.0087,0.0044,0.0233,0.0884,0
0.06,97.75,95.0,84.96,2.34,1.51,0.0087,0.0044,0.0293,0.0886,0
0.06,97.75,95.0,84.96,2.34,1.51,0.0087,0.0044,0.0419,0.0887,0
0.06,97.75,95.0,84.96,2.34,1.51,0.0093,0.0046,0.022,0.0841,0
0.06,97.75,95.0,84.96,2.34,1.51,0.0093,0.0046,0.0313,0.0843,0
0.06,97.75,95.0,84.96,2.34,1.51,0.0093,0.0046,0.0346,0.0844,0
0.06,97.75,95.0,84.96,2.34,1.51,0.0498,0.0046,0.0276,0.0987,0
0.06,97.75,95.0,84.96,2.34,1.51,0.0498,0.0046,0.0533,0.0989,0
0.06,97.75,95.0,84.96,2.34,1.51,0.0498,0.0046,0.0581,0.099,0
0.07,97.75,95.0,84.96,4.28,1.66,0.0085,0.0042,0.0602,0.1065,0
0.07,97.75,95.0,84.96,4.28,1.66,0.0085,0.0042,0.064,0.1068,0
0.07,97.75,95.0,84.96,4.28,1.66,0.0085,0.0042,0.0742,0.107,0
0.07,98.25,97.0,84.64,4.28,1.66,0.0082,0.0041,0.0238,0.0912,0
0.07,98.25,97.0,84.64,4.28,1.66,0.0082,0.0041,0.0273,0.0914,0
0.07,98.25,97.0,84.64,4.28,1.66,0.0082,0.0041,0.053,0.0915,0
0.07,98.25,97.0,84.64,4.28,1.66,0.0656,0.0042,0.0381,0.0704,0
0.07,98.25,97.0,84.64,4.28,1.66,0.0656,0.0042,0.0403,0.0706,0
0.07,98.25,97.0,84.64,4.28,1.66,0.0656,0.0042,0.0548,0.0708,0
0.07,98.25,97.0,84.64,4.28,1.66,0.0089,0.0045,0.0499,0.1332,0
0.07,98.25,97.0,84.64,4.28,1.66,0.0089,0.0045,0.0594,0.1334,0
0.07,98.25,97.0,84.64,4.28,1.66,0.0089,0.0045,0.0781,0.1335,0
0.07,99.25,90.0,85.22,4.28,1.66,0.0087,0.0044,0.0316,0.0933,0
0.07,99.25,90.0,85.22,4.28,1.66,0.0087,0.0044,0.0435,0.0936,0
0.07,99.25,90.0,85.22,4.28,1.66,0.0087,0.0044,0.046,0.0938,0
0.07,99.25,90.0,85.22,4.28,1.66,0.0656,0.0041,0.0226,0.1012,0
0.07,99.25,90.0,85.22,4.28,1.66,0.0656,0.0041,0.0377,0.1013,0
0.07,99.25,90.0,85.22,4.28,1.66,0.0656,0.0041,0.0399,0.1015,0
0.07,99.25,90.0,85.22,4.28,1.66,0.0075,0.0038,0.0146,0.0747,0
0.07,99.25,90.0,85.22,4.28,1.66,0.0075,0.0038,0.0225,0.075,0
0.07,99.25,90.0,85.22,4.28,1.66,0.0075,0.0038,0.0285,0.0753,0
0.07,99.25,90.0,85.22,4.28,1.66,0.0079,0.004,0.0232,0.0882,0
0.07,99.25,90.0,85.22,4.28,1.66,0.0079,0.004,0.0574,0.0884,0
0.07,99.25,90.0,85.22,4.28,1.66,0.0079,0.004,0.0781,0.0885,0
0.07,97.75,93.0,85.07,4.28,1.66,0.0539,0.0045,0.0457,0.1032,0
0.07,97.75,93.0,85.07,4.28,1.66,0.0539,0.0045,0.053,0.1034,0
0.07,97.75,93.0,85.07,4.28,1.66,0.0539,0.0045,0.0706,0.1035,0
0.07,97.75,93.0,85.07,4.28,1.66,0.0089,0.0044,0.031,0.098,0
0.07,97.75,93.0,85.07,4.28,1.66,0.0089,0.0044,0.0495,0.0982,0
0.07,97.75,93.0,85.07,4.28,1.66,0.0089,0.0044,0.0528,0.0983,0
0.08,97.75,93.0,85.07,1.13,1.93,0.0091,0.0045,0.0522,0.0719,0
0.08,97.75,93.0,85.07,1.13,1.93,0.0091,0.0045,0.055,0.0721,0
0.08,97.75,93.0,85.07,1.13,1.93,0.0091,0.0045,0.0617,0.0722,0
0.08,97.75,93.0,85.07,1.13,1.93,0.0524,0.0046,0.0279,0.0944,0
0.08,97.75,93.0,85.07,1.13,1.93,0.0524,0.0046,0.0426,0.0946,0
0.08,97.75,93.0,85.07,1.13,1.93,0.0524,0.0046,0.0531,0.0949,0
0.08,97.0,99.0,84.59,1.13,1.93,0.0086,0.0043,0.0485,0.1002,0
0.08,97.0,99.0,84.59,1.13,1.93,0.0086,0.0043,0.0723,0.1004,0
0.08,97.0,99.0,84.59,1.13,1.93,0.0086,0.0043,0.0813,0.1005,0
0.08,97.0,99.0,84.59,1.13,1.93,0.0086,0.0043,0.0371,0.0747,0
0.08,97.0,99.0,84.59,1.13,1.93,0.0086,0.0043,0.0452,0.0749,0
0.08,97.0,99.0,84.59,1.13,1.93,0.0086,0.0043,0.0586,0.075,0
0.08,97.0,99.0,84.59,1.13,1.93,0.0557,0.0044,0.0315,0.0807,0
0.08,97.0,99.0,84.59,1.13,1.93,0.0557,0.0044,0.0347,0.0809,0
0.08,97.0,99.0,84.59,1.13,1.93,0.0557,0.0044,0.0511,0.081,0
0.08,98.5,94.0,84.64,1.13,1.93,0.0095,0.0048,0.0228,0.0654,0
0.08,98.5,94.0,84.64,1.13,1.93,0.0095,0.0048,0.0291,0.0657,0
0.08,98.5,94.0,84.64,1.13,1.93,0.0095,0.0048,0.0382,0.0658,0
0.08,98.5,94.0,84.64,1.13,1.93,0.0088,0.0044,0.0298,0.0794,0
0.08,98.5,94.0,84.64,1.13,1.93,0.0088,0.0044,0.038,0.0891,0
0.08,98.5,94.0,84.64,1.13,1.93,0.0088,0.0044,0.0523,0.0893,0
0.08,98.5,94.0,84.64,1.13,1.93,0.0516,0.0044,0.0293,0.1026,0
0.08,98.5,94.0,84.64,1.13,1.93,0.0516,0.0044,0.0353,0.1028,0
0.08,98.5,94.0,84.64,1.13,1.93,0.0516,0.0044,0.0454,0.1029,0
0.08,98.5,94.0,84.64,1.13,1.93,0.0081,0.0041,0.0193,0.0981,0
0.08,98.5,94.0,84.64,1.13,1.93,0.0081,0.0041,0.0235,0.0983,0
0.08,98.5,94.0,84.64,1.13,1.93,0.0081,0.0041,0.0261,0.1043,0
0.08,99.25,96.0,84.61,1.13,1.93,0.0084,0.0042,0.0282,0.0993,0
0.08,99.25,96.0,84.61,1.13,1.93,0.0084,0.0042,0.0346,0.1,0
0.08,99.25,96.0,84.61,1.13,1.93,0.0084,0.0042,0.0426,0.1002,0
0.09,99.25,96.0,84.61,1.21,1.87,0.0446,0.0045,0.0449,0.0961,0
0.09,99.25,96.0,84.61,1.21,1.87,0.0446,0.0045,0.057,0.0965,0
0.09,99.25,96.0,84.61,1.21,1.87,0.0446,0.0045,0.0834,0.0967,0
0.09,99.25,96.0,84.61,1.21,1.87,0.009,0.0045,0.0493,0.0936,0
0.09,99.25,96.0,84.61,1.21,1.87,0.009,0.0045,0.0538,0.0939,0
0.09,99.25,96.0,84.61,1.21,1.87,0.009,0.0045,0.065,0.0942,0
0.09,97.0,94.0,85.17,1.21,1.87,0.0087,0.0043,0.0234,0.0843,0
0.09,97.0,94.0,85.17,1.21,1.87,0.0087,0.0043,0.0267,0.0845,0
0.09,97.0,94.0,85.17,1.21,1.87,0.0087,0.0043,0.0296,0.0846,0
0.09,97.0,94.0,85.17,1.21,1.87,0.0572,0.0044,0.0484,0.0923,0
0.09,97.0,94.0,85.17,1.21,1.87,0.0572,0.0044,0.0523,0.0925,0
0.09,97.0,94.0,85.17,1.21,1.87,0.0572,0.0044,0.0608,0.0926,0
0.09,97.0,94.0,85.17,1.21,1.87,0.0093,0.0047,0.019,0.148,0
0.09,97.0,94.0,85.17,1.21,1.87,0.0093,0.0047,0.0226,0.1482,0
0.09,97.0,94.0,85.17,1.21,1.87,0.0093,0.0047,0.0274,0.1483,0
0.09,97.0,94.0,85.17,1.21,1.87,0.0089,0.0045,0.0211,0.0926,0
0.09,97.0,94.0,85.17,1.21,1.87,0.0089,0.0045,0.0311,0.0931,0
0.09,97.0,94.0,85.17,1.21,1.87,0.0089,0.0045,0.039,0.0932,0
0.09,98.5,90.0,84.64,1.21,1.87,0.0655,0.0043,0.0445,0.2104,0
0.09,98.5,90.0,84.64,1.21,1.87,0.0655,0.0043,0.0471,0.2106,0
0.09,98.5,90.0,84.64,1.21,1.87,0.0655,0.0043,0.0561,0.211,0
0.09,98.5,90.0,84.64,1.21,1.87,0.0087,0.0043,0.0271,0.2074,0
0.09,98.5,90.0,84.64,1.21,1.87,0.0087,0.0043,0.0341,0.2077,0
0.09,98.5,90.0,84.64,1.21,1.87,0.0087,0.0043,0.0435,0.2081,0
0.09,98.5,90.0,84.64,1.21,1.87,0.0081,0.0041,0.0199,0.0984,0
0.09,98.5,90.0,84.64,1.21,1.87,0.0081,0.0041,0.0249,0.0986,0
0.09,98.5,90.0,84.64,1.21,1.87,0.0081,0.0041,0.0297,0.0987,0
0.09,98.5,90.0,84.64,1.21,1.87,0.0718,0.0042,0.0419,0.1108,0
0.09,98.5,90.0,84.64,1.21,1.87,0.0718,0.0042,0.0523,0.1112,0
0.09,98.5,90.0,84.64,1.21,1.87,0.0718,0.0042,0.0608,0.1114,0
0.09,98.25,97.0,84.59,1.21,1.87,0.0087,0.0044,0.0278,0.0907,0
0.08,98.25,97.0,84.59,1.38,1.85,0.0087,0.0044,0.039,0.0909,0
0.08,98.25,97.0,84.59,1.38,1.85,0.0087,0.0044,0.0426,0.0911,0
0.08,98.25,97.0,84.59,1.38,1.85,0.009,0.0045,0.0302,0.0807,0
0.08,98.25,97.0,84.59,1.38,1.85,0.009,0.0045,0.0328,0.081,0
0.08,98.25,97.0,84.59,1.38,1.85,0.009,0.0045,0.0586,0.0813,0
0.08,98.25,97.0,84.59,1.38,1.85,0.0646,0.0043,0.0255,0.0952,0
0.08,98.25,97.0,84.59,1.38,1.85,0.0646,0.0043,0.0501,0.0956,0
0.08,98.25,97.0,84.59,1.38,1.85,0.0646,0.0043,0.054,0.0957,0
0.08,99.25,92.0,85.14,1.38,1.85,0.0091,0.0045,0.0311,0.1035,0
0.08,99.25,92.0,85.14,1.38,1.85,0.0091,0.0045,0.0336,0.1037,0
0.08,99.25,92.0,85.14,1.38,1.85,0.0091,0.0045,0.0417,0.1038,0
0.08,99.25,92.0,85.14,1.38,1.85,0.0087,0.0044,0.026,0.0757,0
0.08,99.25,92.0,85.14,1.38,1.85,0.0087,0.0044,0.0303,0.076,0
0.08,99.25,92.0,85.14,1.38,1.85,0.0087,0.0044,0.0372,0.0772,0
0.08,99.25,92.0,85.14,1.38,1.85,0.048,0.0042,0.0228,0.094,0
0.08,99.25,92.0,85.14,1.38,1.85,0.048,0.0042,0.0257,0.0942,0
0.08,99.25,92.0,85.14,1.38,1.85,0.048,0.0042,0.0298,0.0943,0
0.08,99.25,92.0,85.14,1.38,1.85,0.0081,0.0041,0.0215,0.0942,0
0.08,99.25,92.0,85.14,1.38,1.85,0.0081,0.0041,0.0262,0.0944,0
0.08,99.25,92.0,85.14,1.38,1.85,0.0081,0.0041,0.0326,0.0945,0
0.08,97.75,90.0,84.61,1.38,1.85,0.0093,0.0046,0.0232,0.1179,0
0.08,97.75,90.0,84.61,1.38,1.85,0.0093,0.0046,0.0271,0.1182,0
0.08,97.75,90.0,84.61,1.38,1.85,0.0093,0.0046,0.0441,0.1184,0
0.08,97.75,90.0,84.61,1.38,1.85,0.0516,0.005,0.0486,0.128,0
0.08,97.75,90.0,84.61,1.38,1.85,0.0516,0.005,0.0597,0.1285,0
0.08,97.75,90.0,84.61,1.38,1.85,0.0516,0.005,0.073,0.1287,0
0.09,99.25,89.0,84.64,1.28,1.84,0.0093,0.0046,0.1171,0.0706,1
0.09,99.25,89.0,84.64,1.28,1.84,0.0093,0.0046,0.1193,0.0708,1
0.09,99.25,89.0,84.64,1.28,1.84,0.0093,0.0046,0.1485,0.0709,1
0.09,99.25,89.0,84.64,1.28,1.84,0.0095,0.0047,0.0509,0.1008,0
0.09,99.25,89.0,84.64,1.28,1.84,0.0095,0.0047,0.054,0.1015,0
0.09,99.25,89.0,84.64,1.28,1.84,0.0095,0.0047,0.0621,0.1016,0
0.09,99.25,89.0,84.64,1.28,1.84,0.0556,0.0045,0.0319,0.0972,0
0.09,99.25,89.0,84.64,1.28,1.84,0.0556,0.0045,0.0367,0.0974,0
0.09,99.25,89.0,84.64,1.28,1.84,0.0556,0.0045,0.0423,0.0975,0
0.09,97.75,95.0,84.51,1.28,1.84,0.0085,0.0043,0.0225,0.107,0
0.09,97.75,95.0,84.51,1.28,1.84,0.0085,0.0043,0.0304,0.1071,0
0.09,97.75,95.0,84.51,1.28,1.84,0.0085,0.0043,0.0333,0.1073,0
0.09,97.75,95.0,84.51,1.28,1.84,0.0085,0.0042,0.0299,0.1085,0
0.09,97.75,95.0,84.51,1.28,1.84,0.0085,0.0042,0.0341,0.1087,0
0.09,97.75,95.0,84.51,1.28,1.84,0.0085,0.0042,0.0367,0.1088,0
0.09,97.75,95.0,84.51,1.28,1.84,0.0501,0.0044,0.0322,0.1085,0
0.09,97.75,95.0,84.51,1.28,1.84,0.0501,0.0044,0.0521,0.1088,0
0.09,97.75,95.0,84.51,1.28,1.84,0.0501,0.0044,0.0619,0.1089,0
0.09,97.75,95.0,84.51,1.28,1.84,0.0084,0.0042,0.0278,0.0948,0
0.09,97.75,95.0,84.51,1.28,1.84,0.0084,0.0042,0.0359,0.0949,0
0.09,97.75,95.0,84.51,1.28,1.84,0.0084,0.0042,0.0483,0.0952,0
0.09,99.25,93.0,85.12,1.28,1.84,0.0091,0.0045,0.0192,0.0875,0
0.09,99.25,93.0,85.12,1.28,1.84,0.0091,0.0045,0.0326,0.0921,0
0.09,99.25,93.0,85.12,1.28,1.84,0.0091,0.0045,0.0454,0.0923,0
0.09,99.25,93.0,85.12,1.28,1.84,0.0536,0.0047,0.0261,0.0875,0
0.09,99.25,93.0,85.12,1.28,1.84,0.0536,0.0047,0.0358,0.0878,0
0.09,99.25,93.0,85.12,1.28,1.84,0.0536,0.0047,0.0465,0.0881,0
0.09,99.25,93.0,85.12,1.28,1.84,0.0096,0.0048,0.0242,0.1061,0
0.09,99.25,93.0,85.12,1.28,1.84,0.0096,0.0048,0.0273,0.1072,0
0.09,99.25,93.0,85.12,1.28,1.84,0.0096,0.0048,0.0332,0.1073,0
0.08,97.75,87.0,85.07,4.88,2.14,0.0094,0.0047,0.0295,0.0794,0
0.08,97.75,87.0,85.07,4.88,2.14,0.0094,0.0047,0.0493,0.0796,0
0.08,97.75,87.0,85.07,4.88,2.14,0.0094,0.0047,0.0657,0.08,0
0.08,97.75,87.0,85.07,4.88,2.14,0.047,0.0043,0.076,0.0809,0
0.08,97.75,87.0,85.07,4.88,2.14,0.047,0.0043,0.0801,0.0811,0
0.08,97.75,87.0,85.07,4.88,2.14,0.047,0.0043,0.0842,0.0813,1
0.08,97.75,87.0,85.07,4.88,2.14,0.0077,0.0039,0.0618,0.0961,0
0.08,97.75,87.0,85.07,4.88,2.14,0.0077,0.0039,0.0724,0.0963,0
0.08,97.75,87.0,85.07,4.88,2.14,0.0077,0.0039,0.0747,0.0964,0
0.08,97.75,97.0,84.54,4.88,2.14,0.0087,0.0043,0.0327,0.0698,0
0.08,97.75,97.0,84.54,4.88,2.14,0.0087,0.0043,0.035,0.07,0
0.08,97.75,97.0,84.54,4.88,2.14,0.0087,0.0043,0.0373,0.0701,0
0.08,97.75,97.0,84.54,4.88,2.14,0.0524,0.004,0.0407,0.1265,0
0.08,97.75,97.0,84.54,4.88,2.14,0.0524,0.004,0.0526,0.1267,0
0.08,97.75,97.0,84.54,4.88,2.14,0.0524,0.004,0.0647,0.1268,0
0.08,97.75,97.0,84.54,4.88,2.14,0.0084,0.0042,0.0381,0.1082,0
0.08,97.75,97.0,84.54,4.88,2.14,0.0084,0.0042,0.0539,0.1104,0
0.08,97.75,97.0,84.54,4.88,2.14,0.0084,0.0042,0.061,0.1106,0
0.08,97.75,97.0,84.54,4.88,2.14,0.0087,0.0043,0.0349,0.1547,0
0.08,97.75,97.0,84.54,4.88,2.14,0.0087,0.0043,0.0453,0.1556,0
0.08,97.75,97.0,84.54,4.88,2.14,0.0087,0.0043,0.0677,0.1558,0
0.08,100.0,94.0,84.54,4.88,2.14,0.0638,0.0045,0.0263,0.0996,0
0.08,100.0,94.0,84.54,4.88,2.14,0.0638,0.0045,0.0299,0.0998,0
0.08,100.0,94.0,84.54,4.88,2.14,0.0638,0.0045,0.0334,0.0999,0
0.08,100.0,94.0,84.54,4.88,2.14,0.0087,0.0043,0.0223,0.1067,0
0.08,100.0,94.0,84.54,4.88,2.14,0.0087,0.0043,0.0257,0.1069,0
0.08,100.0,94.0,84.54,4.88,2.14,0.0087,0.0043,0.033,0.1074,0
0.08,100.0,94.0,84.54,4.88,2.14,0.0086,0.0043,0.0211,0.0662,0
0.08,100.0,94.0,84.54,4.88,2.14,0.0086,0.0043,0.025,0.0664,0
0.08,100.0,94.0,84.54,4.88,2.14,0.0086,0.0043,0.0273,0.0668,0
0.09,100.0,94.0,84.54,1.16,2.46,0.0441,0.0043,0.0395,0.0929,0
0.09,100.0,94.0,84.54,1.16,2.46,0.0441,0.0043,0.0444,0.0932,0
0.09,100.0,94.0,84.54,1.16,2.46,0.0441,0.0043,0.0468,0.0934,0
0.09,97.0,93.0,84.86,1.16,2.46,0.008,0.004,0.0255,0.0816,0
0.09,97.0,93.0,84.86,1.16,2.46,0.008,0.004,0.0282,0.0821,0
0.09,97.0,93.0,84.86,1.16,2.46,0.008,0.004,0.0421,0.0824,0
0.09,97.0,93.0,84.86,1.16,2.46,0.0086,0.0043,0.0171,0.0716,0
0.09,97.0,93.0,84.86,1.16,2.46,0.0086,0.0043,0.0195,0.073,0
0.09,97.0,93.0,84.86,1.16,2.46,0.0086,0.0043,0.0303,0.0731,0
0.09,97.0,93.0,84.86,1.16,2.46,0.0542,0.0042,0.0324,0.0858,0
0.09,97.0,93.0,84.86,1.16,2.46,0.0542,0.0042,0.0347,0.0861,0
0.09,97.0,93.0,84.86,1.16,2.46,0.0542,0.0042,0.0375,0.0862,0
0.09,97.75,99.0,84.59,1.16,2.46,0.009,0.0045,0.0227,0.0876,0
0.09,97.75,99.0,84.59,1.16,2.46,0.009,0.0045,0.03,0.0893,0
0.09,97.75,99.0,84.59,1.16,2.46,0.009,0.0045,0.0407,0.0895,0
0.09,97.75,99.0,84.59,1.16,2.46,0.0087,0.0044,0.0215,0.1017,0
0.09,97.75,99.0,84.59,1.16,2.46,0.0087,0.0044,0.0263,0.1019,0
0.09,97.75,99.0,84.59,1.16,2.46,0.0087,0.0044,0.0429,0.102,0
0.09,97.75,99.0,84.59,1.16,2.46,0.0615,0.0043,0.0267,0.0912,0
0.09,97.75,99.0,84.59,1.16,2.46,0.0615,0.0043,0.038,0.0914,0
0.09,97.75,99.0,84.59,1.16,2.46,0.0615,0.0043,0.0467,0.0916,0
0.09,97.75,99.0,84.59,1.16,2.46,0.0091,0.0045,0.0184,0.1039,0
0.09,97.75,99.0,84.59,1.16,2.46,0.0091,0.0045,0.0575,0.1042,0
0.09,97.75,99.0,84.59,1.16,2.46,0.0091,0.0045,0.0612,0.1043,0
0.09,99.25,94.0,84.61,1.16,2.46,0.0091,0.0045,0.0347,0.0888,0
0.09,99.25,94.0,84.61,1.16,2.46,0.0091,0.0045,0.047,0.0891,0
0.09,99.25,94.0,84.61,1.16,2.46,0.0091,0.0045,0.0553,0.0892,0
0.09,99.25,94.0,84.61,1.16,2.46,0.0592,0.0041,0.0303,0.0895,0
0.09,99.25,94.0,84.61,1.16,2.46,0.0592,0.0041,0.0338,0.0897,0
0.09,99.25,94.0,84.61,1.16,2.46,0.0592,0.0041,0.0473,0.09,0
0.09,99.25,94.0,84.61,1.16,2.46,0.0081,0.004,0.0281,0.0883,0
0.09,99.25,94.0,84.61,1.16,2.46,0.0081,0.004,0.0306,0.0885,0
0.07,99.25,94.0,84.61,1.38,2.4,0.0081,0.004,0.0409,0.0886,0
0.07,99.25,94.0,84.61,1.38,2.4,0.0089,0.0044,0.026,0.0906,0
0.07,99.25,94.0,84.61,1.38,2.4,0.0089,0.0044,0.0414,0.0908,0
0.07,99.25,94.0,84.61,1.38,2.4,0.0089,0.0044,0.0527,0.0909,0
0.07,99.25,93.0,84.54,1.38,2.4,0.0617,0.0041,0.0557,0.1007,0
0.07,99.25,93.0,84.54,1.38,2.4,0.0617,0.0041,0.0597,0.1014,0
0.07,99.25,93.0,84.54,1.38,2.4,0.0617,0.0041,0.07,0.1015,0
0.07,99.25,93.0,84.54,1.38,2.4,0.0079,0.0039,0.0256,0.0764,0
0.07,99.25,93.0,84.54,1.38,2.4,0.0079,0.0039,0.0433,0.0767,0
0.07,99.25,93.0,84.54,1.38,2.4,0.0079,0.0039,0.054,0.0768,0
0.07,99.25,93.0,84.54,1.38,2.4,0.0082,0.0041,0.0285,0.0936,0
0.07,99.25,93.0,84.54,1.38,2.4,0.0082,0.0041,0.033,0.0939,0
0.07,99.25,93.0,84.54,1.38,2.4,0.0082,0.0041,0.0353,0.0941,0
0.07,98.5,97.0,84.59,1.38,2.4,0.052,0.004,0.0616,0.1016,0
0.07,98.5,97.0,84.59,1.38,2.4,0.052,0.004,0.0798,0.1018,0
0.07,98.5,97.0,84.59,1.38,2.4,0.052,0.004,0.0826,0.1019,0
0.07,98.5,97.0,84.59,1.38,2.4,0.0087,0.0044,0.0185,0.0839,0
0.07,98.5,97.0,84.59,1.38,2.4,0.0087,0.0044,0.0215,0.0841,0
0.07,98.5,97.0,84.59,1.38,2.4,0.0087,0.0044,0.0261,0.0844,0
0.07,98.5,97.0,84.59,1.38,2.4,0.0083,0.0042,0.0411,0.11,0
0.07,98.5,97.0,84.59,1.38,2.4,0.0083,0.0042,0.0492,0.1102,0
0.07,98.5,97.0,84.59,1.38,2.4,0.0083,0.0042,0.0559,0.1103,0
0.07,98.5,97.0,84.59,1.38,2.4,0.0529,0.0043,0.0197,0.1388,0
0.07,98.5,97.0,84.59,1.38,2.4,0.0529,0.0043,0.0217,0.1391,0
0.07,98.5,97.0,84.59,1.38,2.4,0.0529,0.0043,0.0428,0.1394,0
0.07,98.5,94.0,84.74,1.38,2.4,0.0084,0.0042,0.0446,0.1889,0
0.07,98.5,94.0,84.74,1.38,2.4,0.0084,0.0042,0.0568,0.1891,0
0.07,98.5,94.0,84.74,1.38,2.4,0.0084,0.0042,0.0669,0.1893,0
0.07,98.5,94.0,84.74,1.38,2.4,0.0088,0.0044,0.0241,0.1648,0
0.07,98.5,94.0,84.74,1.38,2.4,0.0088,0.0044,0.0269,0.1651,0
0.07,98.5,94.0,84.74,1.38,2.4,0.0088,0.0044,0.0314,0.1653,0
0.09,98.5,94.0,84.74,1.16,1.9,0.0512,0.0042,0.0446,0.0838,0
0.09,98.5,94.0,84.74,1.16,1.9,0.0512,0.0042,0.0605,0.0841,0
0.09,98.5,94.0,84.74,1.16,1.9,0.0512,0.0042,0.0628,0.0843,0
0.09,98.5,94.0,84.74,1.16,1.9,0.0093,0.0046,0.0502,0.0802,0
0.09,98.5,94.0,84.74,1.16,1.9,0.0093,0.0046,0.0609,0.0804,0
0.09,98.5,94.0,84.74,1.16,1.9,0.0093,0.0046,0.0843,0.0805,1
0.09,99.25,99.0,84.66,1.16,1.9,0.0089,0.0044,0.0333,0.0865,0
0.09,99.25,99.0,84.66,1.16,1.9,0.0089,0.0044,0.0475,0.0867,0
0.09,99.25,99.0,84.66,1.16,1.9,0.0089,0.0044,0.0604,0.0868,0
0.09,99.25,99.0,84.66,1.16,1.9,0.0472,0.0044,0.0287,0.1013,0
0.09,99.25,99.0,84.66,1.16,1.9,0.0472,0.0044,0.031,0.1015,0
0.09,99.25,99.0,84.66,1.16,1.9,0.0472,0.0044,0.0355,0.1017,0
0.09,99.25,99.0,84.66,1.16,1.9,0.009,0.0045,0.0211,0.0778,0
0.09,99.25,99.0,84.66,1.16,1.9,0.009,0.0045,0.032,0.078,0
0.09,99.25,99.0,84.66,1.16,1.9,0.009,0.0045,0.043,0.0781,0
0.09,98.25,99.0,84.66,1.16,1.9,0.0084,0.0042,0.0286,0.0627,0
0.09,98.25,99.0,84.66,1.16,1.9,0.0084,0.0042,0.0463,0.0629,0
0.09,98.25,99.0,84.66,1.16,1.9,0.0084,0.0042,0.0498,0.063,0
0.09,98.25,99.0,84.66,1.16,1.9,0.059,0.0039,0.0334,0.0938,0
0.09,98.25,99.0,84.66,1.16,1.9,0.059,0.0039,0.0482,0.094,0
0.09,98.25,99.0,84.66,1.16,1.9,0.059,0.0039,0.0636,0.0942,0
0.09,98.25,99.0,84.66,1.16,1.9,0.0085,0.0042,0.0192,0.0848,0
0.09,98.25,99.0,84.66,1.16,1.9,0.0085,0.0042,0.0225,0.085,0
0.09,98.25,99.0,84.66,1.16,1.9,0.0085,0.0042,0.0421,0.0851,0
0.09,98.25,99.0,84.66,1.16,1.9,0.0092,0.0046,0.0262,0.0848,0
0.09,98.25,99.0,84.66,1.16,1.9,0.0092,0.0046,0.0426,0.085,0
0.09,98.25,99.0,84.66,1.16,1.9,0.0092,0.0046,0.0464,0.0851,0
0.09,98.5,96.0,84.61,1.16,1.9,0.0468,0.0047,0.0266,0.0899,0
0.09,98.5,96.0,84.61,1.16,1.9,0.0468,0.0047,0.0335,0.0902,0
0.08,98.5,96.0,84.61,1.52,1.34,0.0468,0.0047,0.0498,0.0903,0
0.08,98.5,96.0,84.61,1.52,1.34,0.0075,0.0037,0.1175,0.0823,1
0.08,98.5,96.0,84.61,1.52,1.34,0.0075,0.0037,0.1196,0.0825,1
0.08,98.5,96.0,84.61,1.52,1.34,0.0075,0.0037,0.1225,0.0826,1
0.08,97.75,93.0,84.61,1.52,1.34,0.008,0.004,0.018,0.0822,0
0.08,97.75,93.0,84.61,1.52,1.34,0.008,0.004,0.0216,0.0828,0
0.08,97.75,93.0,84.61,1.52,1.34,0.008,0.004,0.0242,0.0829,0
0.08,97.75,93.0,84.61,1.52,1.34,0.0576,0.0043,0.0285,0.096,0
0.08,97.75,93.0,84.61,1.52,1.34,0.0576,0.0043,0.0404,0.0962,0
0.08,97.75,93.0,84.61,1.52,1.34,0.0576,0.0043,0.0533,0.0963,0
0.08,97.75,93.0,84.61,1.52,1.34,0.0088,0.0044,0.0164,0.0857,0
0.08,97.75,93.0,84.61,1.52,1.34,0.0088,0.0044,0.0187,0.086,0
0.08,97.75,93.0,84.61,1.52,1.34,0.0088,0.0044,0.0255,0.0861,0
0.08,98.5,91.0,84.61,1.52,1.34,0.0088,0.0044,0.0284,0.083,0
0.08,98.5,91.0,84.61,1.52,1.34,0.0088,0.0044,0.0417,0.0832,0
0.08,98.5,91.0,84.61,1.52,1.34,0.0088,0.0044,0.0577,0.0833,0
0.08,98.5,91.0,84.61,1.52,1.34,0.0488,0.0045,0.0608,0.0885,0
0.08,98.5,91.0,84.61,1.52,1.34,0.0488,0.0045,0.0723,0.0887,0
0.08,98.5,91.0,84.61,1.52,1.34,0.0488,0.0045,0.0971,0.0888,1
0.08,98.5,91.0,84.61,1.52,1.34,0.0092,0.0046,0.0395,0.0723,0
0.08,98.5,91.0,84.61,1.52,1.34,0.0092,0.0046,0.0484,0.0725,0
0.08,98.5,91.0,84.61,1.52,1.34,0.0092,0.0046,0.0583,0.0726,0
0.08,98.5,91.0,84.61,1.52,1.34,0.0082,0.0041,0.0232,0.0901,0
0.08,98.5,91.0,84.61,1.52,1.34,0.0082,0.0041,0.0284,0.0903,0
0.08,98.5,91.0,84.61,1.52,1.34,0.0082,0.0041,0.0387,0.0924,0
0.08,98.5,75.0,85.09,1.18,1.26,0.06,0.0043,0.0582,0.0953,0
0.08,98.5,75.0,85.09,1.18,1.26,0.06,0.0043,0.0777,0.0955,0
0.08,98.5,75.0,85.09,1.18,1.26,0.06,0.0043,0.0818,0.0957,0
0.08,98.5,75.0,85.09,1.18,1.26,0.0093,0.0046,0.0282,0.0775,0
0.08,98.5,75.0,85.09,1.18,1.26,0.0093,0.0046,0.033,0.0777,0
0.08,98.5,75.0,85.09,1.18,1.26,0.0093,0.0046,0.0411,0.0778,0
0.08,98.5,75.0,85.09,1.18,1.26,0.0089,0.0045,0.02,0.0812,0
0.08,98.5,75.0,85.09,1.18,1.26,0.0089,0.0045,0.027,0.0815,0
0.08,98.5,75.0,85.09,1.18,1.26,0.0089,0.0045,0.0299,0.0816,0
0.08,97.75,94.0,84.61,1.18,1.26,0.0731,0.0041,0.0369,0.086,0
0.08,97.75,94.0,84.61,1.18,1.26,0.0731,0.0041,0.0394,0.0862,0
0.08,97.75,94.0,84.61,1.18,1.26,0.0731,0.0041,0.0565,0.0866,0
0.08,97.75,94.0,84.61,1.18,1.26,0.0094,0.0047,0.0209,0.0924,0
0.08,97.75,94.0,84.61,1.18,1.26,0.0094,0.0047,0.0295,0.0926,0
0.08,97.75,94.0,84.61,1.18,1.26,0.0094,0.0047,0.0321,0.0928,0
0.08,97.75,94.0,84.61,1.18,1.26,0.0087,0.0043,0.0363,0.0942,0
0.08,97.75,94.0,84.61,1.18,1.26,0.0087,0.0043,0.0549,0.0945,0
0.08,97.75,94.0,84.61,1.18,1.26,0.0087,0.0043,0.0687,0.0948,0
0.08,97.75,94.0,84.61,1.18,1.26,0.0583,0.0042,0.0475,0.068,0
0.08,97.75,94.0,84.61,1.18,1.26,0.0583,0.0042,0.0503,0.0682,0
0.08,97.75,94.0,84.61,1.18,1.26,0.0583,0.0042,0.0565,0.0685,0
0.08,98.5,91.0,85.17,1.18,1.26,0.009,0.0045,0.0503,0.0875,0
0.08,98.5,91.0,85.17,1.18,1.26,0.009,0.0045,0.0534,0.0892,0
0.08,98.5,91.0,85.17,1.18,1.26,0.009,0.0045,0.0611,0.0893,0
0.08,98.5,91.0,85.17,1.18,1.26,0.0084,0.0042,0.0278,0.0652,0
0.08,98.5,91.0,85.17,1.18,1.26,0.0084,0.0042,0.0298,0.0655,0
0.08,98.5,91.0,85.17,1.18,1.26,0.0084,0.0042,0.0322,0.0657,0
0.08,98.5,91.0,85.17,1.18,1.26,0.0519,0.0043,0.0544,0.1016,0
0.08,98.5,91.0,85.17,1.18,1.26,0.0519,0.0043,0.0638,0.1032,0
0.08,98.5,91.0,85.17,1.18,1.26,0.0519,0.0043,0.0708,0.1034,0
0.07,99.25,94.0,85.14,3.84,1.33,0.0075,0.0037,0.0441,0.0805,0
0.07,99.25,94.0,85.14,3.84,1.33,0.0075,0.0037,0.0544,0.0807,0
0.07,99.25,94.0,85.14,3.84,1.33,0.0075,0.0037,0.0694,0.0808,0
0.07,99.25,94.0,85.14,3.84,1.33,0.0083,0.0041,0.0232,0.0824,0
0.07,99.25,94.0,85.14,3.84,1.33,0.0083,0.0041,0.0397,0.0826,0
0.07,99.25,94.0,85.14,3.84,1.33,0.0083,0.0041,0.0445,0.0827,0
0.07,99.25,94.0,85.14,3.84,1.33,0.0469,0.0041,0.0304,0.0868,0
0.07,99.25,94.0,85.14,3.84,1.33,0.0469,0.0041,0.0395,0.087,0
0.07,99.25,94.0,85.14,3.84,1.33,0.0469,0.0041,0.0513,0.0871,0
0.07,99.25,94.0,85.14,3.84,1.33,0.0088,0.0044,0.0655,0.104,0
0.07,99.25,94.0,85.14,3.84,1.33,0.0088,0.0044,0.0698,0.1042,0
0.07,99.25,94.0,85.14,3.84,1.33,0.0088,0.0044,0.0775,0.1044,0
0.07,97.75,94.0,84.59,3.84,1.33,0.0089,0.0044,0.0198,0.0789,0
0.07,97.75,94.0,84.59,3.84,1.33,0.0089,0.0044,0.0245,0.0792,0
0.07,97.75,94.0,84.59,3.84,1.33,0.0089,0.0044,0.0273,0.0793,0
0.07,97.75,94.0,84.59,3.84,1.33,0.0565,0.0043,0.0272,0.0939,0
0.07,97.75,94.0,84.59,3.84,1.33,0.0565,0.0043,0.0311,0.0941,0
0.07,97.75,94.0,84.59,3.84,1.33,0.0565,0.0043,0.0535,0.0943,0
0.07,97.75,94.0,84.59,3.84,1.33,0.0081,0.0041,0.0193,0.0662,0
0.07,97.75,94.0,84.59,3.84,1.33,0.0081,0.0041,0.0235,0.0665,0
0.07,97.75,94.0,84.59,3.84,1.33,0.0081,0.0041,0.0273,0.0668,0
0.07,97.75,94.0,84.59,3.84,1.33,0.0081,0.004,0.0246,0.088,0
0.07,97.75,94.0,84.59,3.84,1.33,0.0081,0.004,0.0428,0.0882,0
0.07,97.75,94.0,84.59,3.84,1.33,0.0081,0.004,0.0481,0.0883,0
0.07,97.0,95.0,84.64,3.84,1.33,0.0566,0.0041,0.0442,0.0824,0
0.07,97.0,95.0,84.64,3.84,1.33,0.0566,0.0041,0.0526,0.0828,0
0.07,97.0,95.0,84.64,3.84,1.33,0.0566,0.0041,0.056,0.0829,0
0.07,97.0,95.0,84.64,3.84,1.33,0.0089,0.0044,0.0217,0.0948,0
0.07,97.0,95.0,84.64,3.84,1.33,0.0089,0.0044,0.0391,0.095,0
0.07,97.0,95.0,84.64,3.84,1.33,0.0089,0.0044,0.0496,0.0952,0
0.08,97.0,95.0,84.64,4.56,1.11,0.0089,0.0045,0.0635,0.0904,0
0.08,97.0,95.0,84.64,4.56,1.11,0.0089,0.0045,0.0724,0.0906,0
0.08,97.0,95.0,84.64,4.56,1.11,0.0089,0.0045,0.0796,0.091,0
0.08,100.0,93.0,84.56,4.56,1.11,0.051,0.0046,0.0511,0.0788,0
0.08,100.0,93.0,84.56,4.56,1.11,0.051,0.0046,0.0721,0.079,0
0.08,100.0,93.0,84.56,4.56,1.11,0.051,0.0046,0.0804,0.0792,1
0.08,100.0,93.0,84.56,4.56,1.11,0.0099,0.0049,0.0202,0.0745,0
0.08,100.0,93.0,84.56,4.56,1.11,0.0099,0.0049,0.0387,0.0748,0
0.08,100.0,93.0,84.56,4.56,1.11,0.0099,0.0049,0.041,0.0751,0
0.08,100.0,93.0,84.56,4.56,1.11,0.0093,0.0047,0.0218,0.0938,0
0.08,100.0,93.0,84.56,4.56,1.11,0.0093,0.0047,0.041,0.094,0
0.08,100.0,93.0,84.56,4.56,1.11,0.0093,0.0047,0.0588,0.0942,0
0.08,100.0,93.0,84.56,4.56,1.11,0.0632,0.0038,0.0318,0.1067,0
0.08,100.0,93.0,84.56,4.56,1.11,0.0632,0.0038,0.0339,0.1069,0
0.08,100.0,93.0,84.56,4.56,1.11,0.0632,0.0038,0.0542,0.1071,0
0.08,97.5,94.0,85.14,4.56,1.11,0.0092,0.0046,0.0312,0.0819,0
0.08,97.5,94.0,85.14,4.56,1.11,0.0092,0.0046,0.051,0.0821,0
0.08,97.5,94.0,85.14,4.56,1.11,0.0092,0.0046,0.0535,0.0822,0
0.08,97.5,94.0,85.14,4.56,1.11,0.0091,0.0045,0.0288,0.0757,0
0.08,97.5,94.0,85.14,4.56,1.11,0.0091,0.0045,0.0333,0.0765,0
0.08,97.5,94.0,85.14,4.56,1.11,0.0091,0.0045,0.0464,0.0766,0
0.08,97.5,94.0,85.14,4.56,1.11,0.0572,0.0045,0.0293,0.1009,0
0.08,97.5,94.0,85.14,4.56,1.11,0.0572,0.0045,0.0318,0.1011,0
0.08,97.5,94.0,85.14,4.56,1.11,0.0572,0.0045,0.0465,0.1012,0
0.08,97.0,94.0,84.81,4.56,1.11,0.0084,0.0042,0.0312,0.0904,0
0.08,97.0,94.0,84.81,4.56,1.11,0.0084,0.0042,0.037,0.0907,0
0.08,97.0,94.0,84.81,4.56,1.11,0.0084,0.0042,0.0561,0.0909,0
0.08,97.0,94.0,84.81,4.56,1.11,0.0081,0.004,0.0366,0.0565,0
0.08,97.0,94.0,84.81,4.56,1.11,0.0081,0.004,0.0428,0.0567,0
0.08,97.0,94.0,84.81,4.56,1.11,0.0081,0.004,0.0498,0.0568,0
0.08,97.0,94.0,84.81,4.56,1.11,0.0564,0.0045,0.0264,0.2663,0
0.08,97.0,94.0,84.81,4.56,1.11,0.0564,0.0045,0.029,0.2665,0
0.08,97.0,94.0,84.81,4.56,1.11,0.0564,0.0045,0.0316,0.2667,0
0.08,97.0,94.0,84.81,2.12,1.32,0.0092,0.0046,0.0319,0.2506,0
0.08,97.0,94.0,84.81,2.12,1.32,0.0092,0.0046,0.0342,0.2508,0
0.08,97.0,94.0,84.81,2.12,1.32,0.0092,0.0046,0.0368,0.2512,0
0.08,99.25,91.0,84.51,2.12,1.32,0.0089,0.0045,0.0283,0.1814,0
0.08,99.25,91.0,84.51,2.12,1.32,0.0089,0.0045,0.0394,0.1815,0
0.08,99.25,91.0,84.51,2.12,1.32,0.0089,0.0045,0.0449,0.1817,0
0.08,99.25,91.0,84.51,2.12,1.32,0.0679,0.0046,0.0677,0.1969,0
0.08,99.25,91.0,84.51,2.12,1.32,0.0679,0.0046,0.088,0.1971,0
0.08,99.25,91.0,84.51,2.12,1.32,0.0679,0.0046,0.1011,0.1972,0
0.08,99.25,91.0,84.51,2.12,1.32,0.0099,0.005,0.1103,0.1616,0
0.08,99.25,91.0,84.51,2.12,1.32,0.0099,0.005,0.1133,0.1628,0
0.08,99.25,91.0,84.51,2.12,1.32,0.0099,0.005,0.1167,0.163,0
0.08,99.25,91.0,84.51,2.12,1.32,0.0091,0.0045,0.0547,0.125,0
0.08,99.25,91.0,84.51,2.12,1.32,0.0091,0.0045,0.0574,0.1252,0
0.08,99.25,91.0,84.51,2.12,1.32,0.0091,0.0045,0.0726,0.1255,0
0.08,98.5,96.0,84.66,2.12,1.32,0.046,0.0044,0.0324,0.0938,0
0.08,98.5,96.0,84.66,2.12,1.32,0.046,0.0044,0.0554,0.0941,0
0.08,98.5,96.0,84.66,2.12,1.32,0.046,0.0044,0.064,0.0943,0
0.08,98.5,96.0,84.66,2.12,1.32,0.0087,0.0044,0.0425,0.0694,0
0.08,98.5,96.0,84.66,2.12,1.32,0.0087,0.0044,0.0495,0.0696,0
0.08,98.5,96.0,84.66,2.12,1.32,0.0087,0.0044,0.0558,0.0697,0
0.08,98.5,96.0,84.66,2.12,1.32,0.008,0.004,0.0162,0.1003,0
0.08,98.5,96.0,84.66,2.12,1.32,0.008,0.004,0.0186,0.1005,0
0.08,98.5,96.0,84.66,2.12,1.32,0.008,0.004,0.0211,0.1006,0
0.08,97.5,92.0,84.66,2.12,1.32,0.0467,0.0045,0.0316,0.0991,0
0.08,97.5,92.0,84.66,2.12,1.32,0.0467,0.0045,0.044,0.0993,0
0.08,97.5,92.0,84.66,2.12,1.32,0.0467,0.0045,0.0564,0.0994,0
0.08,97.5,92.0,84.66,2.12,1.32,0.009,0.0045,0.0265,0.0664,0
0.08,97.5,92.0,84.66,2.12,1.32,0.009,0.0045,0.029,0.0666,0
0.08,97.5,92.0,84.66,1.48,1.36,0.009,0.0045,0.0429,0.0667,0
0.08,97.5,92.0,84.66,1.48,1.36,0.0089,0.0044,0.017,0.113,0
0.08,97.5,92.0,84.66,1.48,1.36,0.0089,0.0044,0.0245,0.1132,0
0.08,97.5,92.0,84.66,1.48,1.36,0.0089,0.0044,0.0318,0.1134,0
0.08,97.5,92.0,84.66,1.48,1.36,0.0537,0.0041,0.0264,0.0778,0
0.08,97.5,92.0,84.66,1.48,1.36,0.0537,0.0041,0.0368,0.0795,0
0.08,97.5,92.0,84.66,1.48,1.36,0.0537,0.0041,0.0457,0.0797,0
0.08,97.75,92.0,85.07,1.48,1.36,0.0082,0.0041,0.1312,0.078,1
0.08,97.75,92.0,85.07,1.48,1.36,0.0082,0.0041,0.1584,0.0782,1
0.08,97.75,92.0,85.07,1.48,1.36,0.0082,0.0041,0.162,0.0783,1
0.08,97.75,92.0,85.07,1.48,1.36,0.0084,0.0042,0.0211,0.0937,0
0.08,97.75,92.0,85.07,1.48,1.36,0.0084,0.0042,0.0271,0.0939,0
0.08,97.75,92.0,85.07,1.48,1.36,0.0084,0.0042,0.0329,0.094,0
0.08,97.75,92.0,85.07,1.48,1.36,0.0558,0.0044,0.0312,0.0808,0
0.08,97.75,92.0,85.07,1.48,1.36,0.0558,0.0044,0.0535,0.081,0
0.08,97.75,92.0,85.07,1.48,1.36,0.0558,0.0044,0.0561,0.0811,0
0.08,99.25,70.0,84.81,1.48,1.36,0.0081,0.0041,0.0163,0.0964,0
0.08,99.25,70.0,84.81,1.48,1.36,0.0081,0.0041,0.0201,0.0966,0
0.08,99.25,70.0,84.81,1.48,1.36,0.0081,0.0041,0.0246,0.0968,0
0.08,99.25,70.0,84.81,1.48,1.36,0.0097,0.0048,0.0225,0.0894,0
0.08,99.25,70.0,84.81,1.48,1.36,0.0097,0.0048,0.0402,0.0896,0
0.08,99.25,70.0,84.81,1.48,1.36,0.0097,0.0048,0.0445,0.0897,0
0.08,99.25,70.0,84.81,1.48,1.36,0.0539,0.0043,0.0365,0.0948,0
0.08,99.25,70.0,84.81,1.48,1.36,0.0539,0.0043,0.0467,0.095,0
0.08,99.25,70.0,84.81,1.48,1.36,0.0539,0.0043,0.0505,0.0951,0
0.08,97.0,99.0,84.66,1.48,1.36,0.0081,0.0041,0.0259,0.0712,0
0.08,97.0,99.0,84.66,1.48,1.36,0.0081,0.0041,0.0343,0.0715,0
0.08,97.0,99.0,84.66,1.48,1.36,0.0081,0.0041,0.0408,0.0763,0
0.08,97.0,99.0,84.66,5.54,1.72,0.0084,0.0042,0.0305,0.0681,0
0.08,97.0,99.0,84.66,5.54,1.72,0.0084,0.0042,0.0582,0.0688,0
0.08,97.0,99.0,84.66,5.54,1.72,0.0084,0.0042,0.0639,0.069,0
0.08,97.0,99.0,84.66,5.54,1.72,0.0627,0.0042,0.0457,0.1194,0
0.08,97.0,99.0,84.66,5.54,1.72,0.0627,0.0042,0.0527,0.1196,0
0.08,97.0,99.0,84.66,5.54,1.72,0.0627,0.0042,0.0581,0.1197,0
0.08,97.0,99.0,84.66,5.54,1.72,0.0082,0.0041,0.0208,0.1033,0
0.08,97.0,99.0,84.66,5.54,1.72,0.0082,0.0041,0.0232,0.1036,0
0.08,97.0,99.0,84.66,5.54,1.72,0.0082,0.0041,0.0263,0.1041,0
0.08,97.75,92.0,84.49,5.54,1.72,0.008,0.004,0.0193,0.0822,0
0.08,97.75,92.0,84.49,5.54,1.72,0.008,0.004,0.0268,0.0824,0
0.08,97.75,92.0,84.49,5.54,1.72,0.008,0.004,0.0321,0.0825,0
0.08,97.75,92.0,84.49,5.54,1.72,0.064,0.0041,0.0723,0.0921,0
0.08,97.75,92.0,84.49,5.54,1.72,0.064,0.0041,0.0912,0.0923,0
0.08,97.75,92.0,84.49,5.54,1.72,0.064,0.0041,0.095,0.0925,1
0.08,97.75,92.0,84.49,5.54,1.72,0.0085,0.0042,0.0582,0.0808,0
0.08,97.75,92.0,84.49,5.54,1.72,0.0085,0.0042,0.0609,0.081,0
0.08,97.75,92.0,84.49,5.54,1.72,0.0085,0.0042,0.0683,0.0811,0
0.08,97.75,92.0,84.49,5.54,1.72,0.0079,0.004,0.0249,0.081,0
0.08,97.75,92.0,84.49,5.54,1.72,0.0079,0.004,0.0378,0.0812,0
0.08,97.75,92.0,84.49,5.54,1.72,0.0079,0.004,0.0438,0.0814,0
0.08,97.75,94.0,84.54,5.54,1.72,0.0597,0.0048,0.0356,0.0964,0
0.08,97.75,94.0,84.54,5.54,1.72,0.0597,0.0048,0.0378,0.0966,0
0.08,97.75,94.0,84.54,5.54,1.72,0.0597,0.0048,0.0446,0.0969,0
0.08,97.75,94.0,84.54,5.54,1.72,0.009,0.0045,0.0566,0.0861,0
0.08,97.75,94.0,84.54,5.54,1.72,0.009,0.0045,0.0625,0.0863,0
0.08,97.75,94.0,84.54,5.54,1.72,0.009,0.0045,0.0658,0.0864,0
0.08,97.75,94.0,84.54,5.54,1.72,0.0092,0.0046,0.0208,0.0865,0
0.08,97.75,94.0,84.54,5.54,1.72,0.0092,0.0046,0.037,0.0867,0
0.08,97.75,94.0,84.54,5.54,1.72,0.0092,0.0046,0.0399,0.087,0
0.08,98.25,94.0,84.54,5.54,1.72,0.0512,0.0048,0.0369,0.079,0
0.08,98.25,94.0,84.54,5.54,1.72,0.0512,0.0048,0.0421,0.0792,0
0.08,98.25,94.0,84.54,1.16,1.8,0.0512,0.0048,0.0557,0.0793,0
0.08,98.25,94.0,84.54,1.16,1.8,0.0081,0.004,0.0182,0.0934,0
0.08,98.25,94.0,84.54,1.16,1.8,0.0081,0.004,0.0588,0.0937,0
0.08,98.25,94.0,84.54,1.16,1.8,0.0081,0.004,0.0647,0.0938,0
0.08,98.25,94.0,84.54,1.16,1.8,0.0083,0.0041,0.0458,0.1269,0
0.08,98.25,94.0,84.54,1.16,1.8,0.0083,0.0041,0.0519,0.1271,0
0.08,98.25,94.0,84.54,1.16,1.8,0.0083,0.0041,0.0645,0.1274,0
0.08,98.25,94.0,84.54,1.16,1.8,0.0534,0.0045,0.0247,0.094,0
0.08,98.25,94.0,84.54,1.16,1.8,0.0534,0.0045,0.0329,0.0942,0
0.08,98.25,94.0,84.54,1.16,1.8,0.0534,0.0045,0.0634,0.0944,0
0.08,99.25,93.0,84.64,1.16,1.8,0.0097,0.0048,0.0267,0.0861,0
0.08,99.25,93.0,84.64,1.16,1.8,0.0097,0.0048,0.03,0.0863,0
0.08,99.25,93.0,84.64,1.16,1.8,0.0097,0.0048,0.0449,0.0865,0
0.08,99.25,93.0,84.64,1.16,1.8,0.0088,0.0044,0.0412,0.0946,0
0.08,99.25,93.0,84.64,1.16,1.8,0.0088,0.0044,0.0476,0.0947,0
0.08,99.25,93.0,84.64,1.16,1.8,0.0088,0.0044,0.059,0.0949,0
0.08,99.25,93.0,84.64,1.16,1.8,0.0562,0.004,0.0318,0.0951,0
0.08,99.25,93.0,84.64,1.16,1.8,0.0562,0.004,0.0391,0.0954,0
0.08,99.25,93.0,84.64,1.16,1.8,0.0562,0.004,0.0443,0.0958,0
0.08,99.25,93.0,84.64,1.16,1.8,0.0093,0.0046,0.029,0.1026,0
0.08,99.25,93.0,84.64,1.16,1.8,0.0093,0.0046,0.0334,0.1028,0
0.08,99.25,93.0,84.64,1.16,1.8,0.0093,0.0046,0.0392,0.103,0
0.08,96.25,62.0,84.66,1.16,1.8,0.0089,0.0044,0.0274,0.1049,0
0.08,96.25,62.0,84.66,1.16,1.8,0.0089,0.0044,0.0312,0.1051,0
0.08,96.25,62.0,84.66,1.16,1.8,0.0089,0.0044,0.0401,0.1052,0
0.08,96.25,62.0,84.66,1.16,1.8,0.0733,0.0041,0.029,,1
0.08,96.25,62.0,84.66,1.16,1.8,0.0733,0.0041,0.0437,,1
0.08,96.25,62.0,84.66,1.16,1.8,0.0733,0.0041,0.0494,,1
0.08,96.25,62.0,84.66,1.16,1.8,0.0087,0.0043,0.0361,,1
0.08,96.25,62.0,84.66,1.16,1.8,0.0087,0.0043,0.0399,,1
0.08,96.25,62.0,84.66,1.16,1.8,0.0087,0.0043,0.0493,,1
0.08,97.75,94.0,84.64,9.8,2.24,0.0089,0.0044,0.0216,0.0708,0
0.08,97.75,94.0,84.64,9.8,2.24,0.0089,0.0044,0.0238,0.0711,0
0.08,97.75,94.0,84.64,9.8,2.24,0.0089,0.0044,0.0336,0.0761,0
0.08,97.75,94.0,84.64,9.8,2.24,0.0661,0.0038,0.0265,0.1457,0
0.08,97.75,94.0,84.64,9.8,2.24,0.0661,0.0038,0.0306,0.146,0
0.08,97.75,94.0,84.64,9.8,2.24,0.0661,0.0038,0.0382,0.1461,0
0.08,97.75,94.0,84.64,9.8,2.24,0.008,0.004,0.043,0.1163,0
0.08,97.75,94.0,84.64,9.8,2.24,0.008,0.004,0.0535,0.1165,0
0.08,97.75,94.0,84.64,9.8,2.24,0.008,0.004,0.0634,0.1167,0
0.08,97.75,94.0,84.64,9.8,2.24,0.0091,0.0046,0.0454,0.0711,0
0.08,97.75,94.0,84.64,9.8,2.24,0.0091,0.0046,0.0669,0.0713,0
0.08,97.75,94.0,84.64,9.8,2.24,0.0091,0.0046,0.0882,0.0715,1
0.08,98.5,91.0,84.64,9.8,2.24,0.051,0.0041,0.0668,0.089,0
0.08,98.5,91.0,84.64,9.8,2.24,0.051,0.0041,0.0853,0.0893,0
0.08,98.5,91.0,84.64,9.8,2.24,0.051,0.0041,0.0998,0.0897,1
0.08,98.5,91.0,84.64,9.8,2.24,0.008,0.004,0.0707,0.091,0
0.08,98.5,91.0,84.64,9.8,2.24,0.008,0.004,0.0819,0.0912,0
0.08,98.5,91.0,84.64,9.8,2.24,0.008,0.004,0.0955,0.0913,1
0.08,98.5,91.0,84.64,9.8,2.24,0.0089,0.0044,0.0447,0.0907,0
0.08,98.5,91.0,84.64,9.8,2.24,0.0089,0.0044,0.0472,0.0909,0
0.08,98.5,91.0,84.64,9.8,2.24,0.0089,0.0044,0.0547,0.091,0
0.08,98.5,91.0,84.64,9.8,2.24,0.0559,0.0046,0.0432,0.104,0
0.08,98.5,91.0,84.64,9.8,2.24,0.0559,0.0046,0.0579,0.1042,0
0.08,98.5,91.0,84.64,9.8,2.24,0.0559,0.0046,0.0646,0.1044,0
0.08,98.5,96.0,85.12,9.8,2.24,0.0088,0.0044,0.0278,0.0672,0
0.08,98.5,96.0,85.12,9.8,2.24,0.0088,0.0044,0.0324,0.0675,0
0.08,98.5,96.0,85.12,9.8,2.24,0.0088,0.0044,0.0446,0.0677,0
0.08,98.5,96.0,85.12,9.8,2.24,0.0087,0.0043,0.0279,0.0868,0
0.08,98.5,96.0,85.12,9.8,2.24,0.0087,0.0043,0.032,0.087,0
0.08,98.5,96.0,85.12,9.8,2.24,0.0087,0.0043,0.0455,0.0871,0
0.08,98.5,96.0,85.12,1.32,2.99,0.0491,0.0047,0.0316,0.0922,0
0.08,98.5,96.0,85.12,1.32,2.99,0.0491,0.0047,0.0432,0.0924,0
0.08,98.5,96.0,85.12,1.32,2.99,0.0491,0.0047,0.0541,0.0926,0
0.08,97.75,94.0,85.14,1.32,2.99,0.0093,0.0046,,0.0945,1
0.08,97.75,94.0,85.14,1.32,2.99,0.0093,0.0046,,0.0948,1
0.08,97.75,94.0,85.14,1.32,2.99,0.0093,0.0046,,0.0949,1
0.08,97.75,94.0,85.14,1.32,2.99,0.0086,0.0043,0.0204,0.1765,0
0.08,97.75,94.0,85.14,1.32,2.99,0.0086,0.0043,0.0246,0.1768,0
0.08,97.75,94.0,85.14,1.32,2.99,0.0086,0.0043,0.0416,0.1769,0
0.08,97.75,94.0,85.14,1.32,2.99,0.0535,0.0043,0.0312,0.1109,0
0.08,97.75,94.0,85.14,1.32,2.99,0.0535,0.0043,0.0353,0.1112,0
0.08,97.75,94.0,85.14,1.32,2.99,0.0535,0.0043,0.0382,0.1115,0
0.08,97.75,94.0,85.14,1.32,2.99,0.0093,0.0046,0.0235,0.0875,0
0.08,97.75,94.0,85.14,1.32,2.99,0.0093,0.0046,0.026,0.0878,0
0.08,97.75,94.0,85.14,1.32,2.99,0.0093,0.0046,0.0285,0.088,0
0.08,98.5,94.0,84.94,1.32,2.99,0.0086,0.0043,0.0277,0.0989,0
0.08,98.5,94.0,84.94,1.32,2.99,0.0086,0.0043,0.0389,0.0991,0
0.08,98.5,94.0,84.94,1.32,2.99,0.0086,0.0043,0.0504,0.0993,0
0.08,98.5,94.0,84.94,1.32,2.99,0.0548,0.0042,0.0339,0.085,0
0.08,98.5,94.0,84.94,1.32,2.99,0.0548,0.0042,0.0403,0.0852,0
0.08,98.5,94.0,84.94,1.32,2.99,0.0548,0.0042,0.0456,0.0854,0
0.08,98.5,94.0,84.94,1.32,2.99,0.0091,0.0045,0.0253,0.101,0
0.08,98.5,94.0,84.94,1.32,2.99,0.0091,0.0045,0.0401,0.1012,0
0.08,98.5,94.0,84.94,1.32,2.99,0.0091,0.0045,0.0471,0.1013,0
0.08,96.25,99.0,84.66,1.32,2.99,0.0087,0.0044,0.0382,0.0732,0
0.08,96.25,99.0,84.66,1.32,2.99,0.0087,0.0044,0.0486,0.0734,0
0.08,96.25,99.0,84.66,1.32,2.99,0.0087,0.0044,0.0556,0.0736,0
0.08,96.25,99.0,84.66,1.32,2.99,0.0615,0.004,0.0385,0.1173,0
0.08,96.25,99.0,84.66,1.32,2.99,0.0615,0.004,0.0454,0.1175,0
0.08,96.25,99.0,84.66,1.32,2.99,0.0615,0.004,0.0621,0.1177,0
0.08,96.25,99.0,84.66,11.59,3.91,0.0085,0.0042,0.029,0.1115,0
0.08,96.25,99.0,84.66,11.59,3.91,0.0085,0.0042,0.0314,0.1117,0
0.08,96.25,99.0,84.66,11.59,3.91,0.0085,0.0042,0.0341,0.1125,0
0.08,96.25,99.0,84.66,11.59,3.91,0.0078,0.0039,0.0209,0.1053,0
0.08,96.25,99.0,84.66,11.59,3.91,0.0078,0.0039,0.0306,0.1055,0
0.08,96.25,99.0,84.66,11.59,3.91,0.0078,0.0039,0.0355,0.1056,0
0.08,98.5,96.0,84.66,11.59,3.91,0.0484,0.0043,0.032,0.095,0
0.08,98.5,96.0,84.66,11.59,3.91,0.0484,0.0043,0.0469,0.0951,0
0.08,98.5,96.0,84.66,11.59,3.91,0.0484,0.0043,0.0583,0.0954,0
0.08,98.5,96.0,84.66,11.59,3.91,0.0085,0.0042,0.047,0.0742,0
0.08,98.5,96.0,84.66,11.59,3.91,0.0085,0.0042,0.0502,0.0744,0
0.08,98.5,96.0,84.66,11.59,3.91,0.0085,0.0042,0.0644,0.0747,0
0.08,100.0,93.0,84.66,11.59,3.91,0.0082,0.0041,0.1304,0.0946,1
0.08,100.0,93.0,84.66,11.59,3.91,0.0082,0.0041,0.1482,0.0949,1
0.08,100.0,93.0,84.66,11.59,3.91,0.0082,0.0041,0.1507,0.095,1
0.08,100.0,93.0,84.66,11.59,3.91,0.0533,0.0045,0.0981,0.0865,1
0.08,100.0,93.0,84.66,11.59,3.91,0.0533,0.0045,0.1174,0.0868,1
0.08,100.0,93.0,84.66,11.59,3.91,0.0533,0.0045,0.1288,0.087,1
0.08,100.0,93.0,84.66,11.59,3.91,0.009,0.0045,0.0255,0.0623,0
0.08,100.0,93.0,84.66,11.59,3.91,0.009,0.0045,0.0315,0.0625,0
0.08,100.0,93.0,84.66,11.59,3.91,0.009,0.0045,0.0355,0.0626,0
0.08,100.0,93.0,84.66,11.59,3.91,0.0076,0.0038,0.0224,0.0772,0
0.08,100.0,93.0,84.66,11.59,3.91,0.0076,0.0038,0.0362,0.0779,0
0.08,100.0,93.0,84.66,11.59,3.91,0.0076,0.0038,0.0388,0.0782,0
0.08,99.25,94.0,84.66,11.59,3.91,0.0594,0.0044,0.0319,0.1041,0
0.08,99.25,94.0,84.66,11.59,3.91,0.0594,0.0044,0.0344,0.1044,0
0.08,99.25,94.0,84.66,11.59,3.91,0.0594,0.0044,0.0554,0.1045,0
0.09,99.25,94.0,84.66,1.14,4.83,0.0093,0.0047,0.025,0.0781,0
0.09,99.25,94.0,84.66,1.14,4.83,0.0093,0.0047,0.0332,0.0783,0
0.09,99.25,94.0,84.66,1.14,4.83,0.0093,0.0047,0.0366,0.0784,0
0.09,99.25,94.0,84.66,1.14,4.83,0.0092,0.0046,0.0204,0.0701,0
0.09,99.25,94.0,84.66,1.14,4.83,0.0092,0.0046,0.0251,0.0704,0
0.09,99.25,94.0,84.66,1.14,4.83,0.0092,0.0046,0.0322,0.0706,0
0.09,97.0,73.0,84.66,1.14,4.83,0.0531,0.0039,0.021,0.1016,0
0.09,97.0,73.0,84.66,1.14,4.83,0.0531,0.0039,0.0284,0.1019,0
0.09,97.0,73.0,84.66,1.14,4.83,0.0531,0.0039,0.0347,0.102,0
0.09,97.0,73.0,84.66,1.14,4.83,0.0086,0.0043,0.0322,0.0952,0
0.09,97.0,73.0,84.66,1.14,4.83,0.0086,0.0043,0.0352,0.0954,0
0.09,97.0,73.0,84.66,1.14,4.83,0.0086,0.0043,0.046,0.0955,0
0.09,97.0,73.0,84.66,1.14,4.83,0.0086,0.0043,0.0202,0.0859,0
0.09,97.0,73.0,84.66,1.14,4.83,0.0086,0.0043,0.0274,0.0861,0
0.09,97.0,73.0,84.66,1.14,4.83,0.0086,0.0043,0.0398,0.0864,0
0.09,97.0,73.0,84.66,1.14,4.83,0.0581,0.0038,0.0277,0.0879,0
0.09,97.0,73.0,84.66,1.14,4.83,0.0581,0.0038,0.0385,0.0886,0
0.09,97.0,73.0,84.66,1.14,4.83,0.0581,0.0038,0.0603,0.0887,0
0.09,98.25,94.0,85.14,1.14,4.83,0.009,0.0045,0.0373,0.0852,0
0.09,98.25,94.0,85.14,1.14,4.83,0.009,0.0045,0.0422,0.0855,0
0.09,98.25,94.0,85.14,1.14,4.83,0.009,0.0045,0.0479,0.0856,0
0.09,98.25,94.0,85.14,1.14,4.83,0.0086,0.0043,0.0212,0.0848,0
0.09,98.25,94.0,85.14,1.14,4.83,0.0086,0.0043,0.0273,0.085,0
0.09,98.25,94.0,85.14,1.14,4.83,0.0086,0.0043,0.035,0.0852,0
0.09,98.25,94.0,85.14,1.14,4.83,0.0606,0.0043,0.0364,0.0708,0
0.09,98.25,94.0,85.14,1.14,4.83,0.0606,0.0043,0.0401,0.071,0
0.09,98.25,94.0,85.14,1.14,4.83,0.0606,0.0043,0.0532,0.0712,0
0.09,97.75,94.0,85.17,1.14,4.83,0.0095,0.0047,0.0234,0.0786,0
0.09,97.75,94.0,85.17,1.14,4.83,0.0095,0.0047,0.0257,0.0788,0
0.09,97.75,94.0,85.17,1.14,4.83,0.0095,0.0047,0.0281,0.079,0
0.08,97.75,94.0,85.17,1.87,4.86,0.0086,0.0043,0.0147,0.0933,0
0.08,97.75,94.0,85.17,1.87,4.86,0.0086,0.0043,0.0172,0.0935,0
0.08,97.75,94.0,85.17,1.87,4.86,0.0086,0.0043,0.021,0.0937,0
0.08,97.75,94.0,85.17,1.87,4.86,0.0555,0.0042,0.0443,0.0852,0
0.08,97.75,94.0,85.17,1.87,4.86,0.0555,0.0042,0.049,0.0853,0
0.08,97.75,94.0,85.17,1.87,4.86,0.0555,0.0042,0.0553,0.0854,0
0.08,97.75,94.0,85.17,1.87,4.86,0.0086,0.0043,0.0414,0.1157,0
0.08,97.75,94.0,85.17,1.87,4.86,0.0086,0.0043,0.0446,0.1159,0
0.08,97.75,94.0,85.17,1.87,4.86,0.0086,0.0043,0.0568,0.1231,0
0.08,98.5,94.0,84.66,1.87,4.86,0.0078,0.0039,0.021,0.0712,0
0.08,98.5,94.0,84.66,1.87,4.86,0.0078,0.0039,0.0243,0.0713,0
0.08,98.5,94.0,84.66,1.87,4.86,0.0078,0.0039,0.0307,0.0715,0
0.08,98.5,94.0,84.66,1.87,4.86,0.0502,0.0045,0.0471,0.1046,0
0.08,98.5,94.0,84.66,1.87,4.86,0.0502,0.0045,0.0496,0.1049,0
0.08,98.5,94.0,84.66,1.87,4.86,0.0502,0.0045,0.0576,0.1051,0
0.08,98.5,94.0,84.66,1.87,4.86,0.008,0.004,0.0183,0.0856,0
0.08,98.5,94.0,84.66,1.87,4.86,0.008,0.004,0.0263,0.0858,0
0.08,98.5,94.0,84.66,1.87,4.86,0.008,0.004,0.0521,0.086,0
0.08,97.75,92.0,84.64,1.87,4.86,0.0078,0.0039,0.0602,0.0662,0
0.08,97.75,92.0,84.64,1.87,4.86,0.0078,0.0039,0.0629,0.0664,0
0.08,97.75,92.0,84.64,1.87,4.86,0.0078,0.0039,0.0677,0.0665,1
0.08,97.75,92.0,84.64,1.87,4.86,0.0598,0.0043,0.0327,0.0863,0
0.08,97.75,92.0,84.64,1.87,4.86,0.0598,0.0043,0.0351,0.0865,0
0.08,97.75,92.0,84.64,1.87,4.86,0.0598,0.0043,0.0375,0.0868,0
0.08,97.75,92.0,84.64,1.87,4.86,0.0085,0.0042,0.0188,0.0826,0
0.08,97.75,92.0,84.64,1.87,4.86,0.0085,0.0042,0.023,0.0828,0
0.08,97.75,92.0,84.64,1.87,4.86,0.0085,0.0042,0.0404,0.0829,0
0.08,97.75,92.0,84.64,1.87,4.86,0.0081,0.0041,0.017,0.0693,0
0.08,97.75,92.0,84.64,1.87,4.86,0.0081,0.0041,0.0202,0.0695,0
0.08,97.75,92.0,84.64,1.87,4.86,0.0081,0.0041,0.026,0.0696,0
0.08,98.5,96.0,85.04,1.21,4.68,0.0475,0.0041,0.0222,0.1021,0
0.08,98.5,96.0,85.04,1.21,4.68,0.0475,0.0041,0.0337,0.1023,0
0.08,98.5,96.0,85.04,1.21,4.68,0.0475,0.0041,0.0507,0.1025,0
0.08,98.5,96.0,85.04,1.21,4.68,0.009,0.0045,0.0197,0.0919,0
0.08,98.5,96.0,85.04,1.21,4.68,0.009,0.0045,0.0277,0.0921,0
0.08,98.5,96.0,85.04,1.21,4.68,0.009,0.0045,0.0423,0.0922,0
0.08,98.5,96.0,85.04,1.21,4.68,0.0082,0.0041,0.0237,0.0968,0
0.08,98.5,96.0,85.04,1.21,4.68,0.0082,0.0041,0.0264,0.097,0
0.08,98.5,96.0,85.04,1.21,4.68,0.0082,0.0041,0.0302,0.0973,0
0.08,99.25,97.0,84.89,1.21,4.68,0.0472,0.0043,0.04,0.0821,0
0.08,99.25,97.0,84.89,1.21,4.68,0.0472,0.0043,0.043,0.0822,0
0.08,99.25,97.0,84.89,1.21,4.68,0.0472,0.0043,0.0567,0.0824,0
0.08,99.25,97.0,84.89,1.21,4.68,0.0085,0.0043,0.0349,0.0696,0
0.08,99.25,97.0,84.89,1.21,4.68,0.0085,0.0043,0.0382,0.0698,0
0.08,99.25,97.0,84.89,1.21,4.68,0.0085,0.0043,0.0419,0.0699,0
0.08,99.25,97.0,84.89,1.21,4.68,0.0088,0.0044,0.0186,0.0946,0
0.08,99.25,97.0,84.89,1.21,4.68,0.0088,0.0044,0.0246,0.0949,0
0.08,99.25,97.0,84.89,1.21,4.68,0.0088,0.0044,0.0284,0.0951,0
0.08,99.25,97.0,84.89,1.21,4.68,0.0487,0.0043,0.0326,0.0777,0
0.08,99.25,97.0,84.89,1.21,4.68,0.0487,0.0043,0.0399,0.078,0
0.08,99.25,97.0,84.89,1.21,4.68,0.0487,0.0043,0.0531,0.0781,0
0.08,97.5,99.0,84.81,1.21,4.68,0.0096,0.0048,0.0298,0.0834,0
0.08,97.5,99.0,84.81,1.21,4.68,0.0096,0.0048,0.0392,0.0836,0
0.08,97.5,99.0,84.81,1.21,4.68,0.0096,0.0048,0.0515,0.0838,0
0.08,97.5,99.0,84.81,1.21,4.68,0.0089,0.0044,0.0198,0.0867,0
0.08,97.5,99.0,84.81,1.21,4.68,0.0089,0.0044,0.0219,0.087,0
0.08,97.5,99.0,84.81,1.21,4.68,0.0089,0.0044,0.0336,0.0872,0
0.08,97.5,99.0,84.81,1.21,4.68,0.0619,0.0044,0.0209,0.0765,0
0.08,97.5,99.0,84.81,1.21,4.68,0.0619,0.0044,0.0304,0.0767,0
0.08,97.5,99.0,84.81,1.21,4.68,0.0619,0.0044,0.0421,0.0769,0
0.08,97.5,99.0,84.81,7.83,5.22,0.0087,0.0044,0.0185,0.1049,0
0.08,97.5,99.0,84.81,7.83,5.22,0.0087,0.0044,0.0259,0.1051,0
0.08,97.5,99.0,84.81,7.83,5.22,0.0087,0.0044,0.0292,0.1052,0
0.08,98.5,99.0,84.76,7.83,5.22,0.0089,0.0044,0.0274,0.082,0
0.08,98.5,99.0,84.76,7.83,5.22,0.0089,0.0044,0.0314,0.0822,0
0.08,98.5,99.0,84.76,7.83,5.22,0.0089,0.0044,0.0364,0.0824,0
0.08,98.5,99.0,84.76,7.83,5.22,0.0597,0.0045,0.042,0.1114,0
0.08,98.5,99.0,84.76,7.83,5.22,0.0597,0.0045,0.0502,0.1116,0
0.08,98.5,99.0,84.76,7.83,5.22,0.0597,0.0045,0.0642,0.1118,0
0.08,98.5,99.0,84.76,7.83,5.22,0.009,0.0045,0.0389,0.1955,0
0.08,98.5,99.0,84.76,7.83,5.22,0.009,0.0045,0.0533,0.1957,0
0.08,98.5,99.0,84.76,7.83,5.22,0.009,0.0045,0.0621,0.1958,0
0.08,97.0,99.0,84.59,7.83,5.22,0.0083,0.0042,0.0379,0.1745,0
0.08,97.0,99.0,84.59,7.83,5.22,0.0083,0.0042,0.0464,0.1747,0
0.08,97.0,99.0,84.59,7.83,5.22,0.0083,0.0042,0.0537,0.1748,0
0.08,97.0,99.0,84.59,7.83,5.22,0.0531,0.0041,0.0322,0.0993,0
0.08,97.0,99.0,84.59,7.83,5.22,0.0531,0.0041,0.0651,0.0994,0
0.08,97.0,99.0,84.59,7.83,5.22,0.0531,0.0041,0.0685,0.0996,0
0.08,97.0,99.0,84.59,7.83,5.22,0.0091,0.0045,0.0205,0.0654,0
0.08,97.0,99.0,84.59,7.83,5.22,0.0091,0.0045,0.0233,0.0656,0
0.08,97.0,99.0,84.59,7.83,5.22,0.0091,0.0045,0.0289,0.0657,0
0.08,97.0,99.0,84.59,7.83,5.22,0.0083,0.0041,0.0614,0.073,0
0.08,97.0,99.0,84.59,7.83,5.22,0.0083,0.0041,0.0644,0.0732,0
0.08,97.0,99.0,84.59,7.83,5.22,0.0083,0.0041,0.069,0.0847,0
0.08,98.5,94.0,84.56,7.83,5.22,0.0555,0.0045,0.0505,0.0951,0
0.08,98.5,94.0,84.56,7.83,5.22,0.0555,0.0045,0.0665,0.0953,0
0.08,98.5,94.0,84.56,7.83,5.22,0.0555,0.0045,0.074,0.0954,0
0.08,98.5,94.0,84.56,7.83,5.22,0.0094,0.0047,0.0405,0.0787,0
0.08,98.5,94.0,84.56,7.83,5.22,0.0094,0.0047,0.0552,0.0789,0
0.08,98.5,94.0,84.56,7.83,5.22,0.0094,0.0047,0.0577,0.0791,0
0.08,98.5,94.0,84.56,7.83,5.22,0.0087,0.0043,0.027,0.0814,0
0.08,98.5,94.0,84.56,7.83,5.22,0.0087,0.0043,0.0332,0.0816,0
0.08,98.5,94.0,84.56,7.83,5.22,0.0087,0.0043,0.0412,0.0818,0
0.08,97.0,94.0,84.61,1.24,5.59,0.0694,0.0043,0.0373,0.0786,0
0.08,97.0,94.0,84.61,1.24,5.59,0.0694,0.0043,0.0545,0.0788,0
0.08,97.0,94.0,84.61,1.24,5.59,0.0694,0.0043,0.0594,0.0789,0
0.08,97.0,94.0,84.61,1.24,5.59,0.009,0.0045,0.0248,0.0692,0
0.08,97.0,94.0,84.61,1.24,5.59,0.009,0.0045,0.0314,0.0694,0
0.08,97.0,94.0,84.61,1.24,5.59,0.009,0.0045,0.0545,0.0695,0
0.08,97.0,94.0,84.61,1.24,5.59,0.0084,0.0042,0.0268,0.0818,0
0.08,97.0,94.0,84.61,1.24,5.59,0.0084,0.0042,0.0344,0.0821,0
0.08,97.0,94.0,84.61,1.24,5.59,0.0084,0.0042,0.0437,0.0824,0
0.08,97.0,94.0,84.61,1.24,5.59,0.0511,0.0044,0.0679,0.14,0
0.08,97.0,94.0,84.61,1.24,5.59,0.0511,0.0044,0.0764,0.147,0
0.08,97.0,94.0,84.61,1.24,5.59,0.0511,0.0044,0.0832,0.1474,0
0.08,97.5,89.0,84.46,1.24,5.59,0.008,0.004,0.0293,0.1305,0
0.08,97.5,89.0,84.46,1.24,5.59,0.008,0.004,0.0598,0.1307,0
0.08,97.5,89.0,84.46,1.24,5.59,0.008,0.004,0.063,0.1308,0
0.08,97.5,89.0,84.46,1.24,5.59,0.0085,0.0043,0.0668,0.119,0
0.08,97.5,89.0,84.46,1.24,5.59,0.0085,0.0043,0.0831,0.1192,0
0.08,97.5,89.0,84.46,1.24,5.59,0.0085,0.0043,0.0892,0.1193,0
0.08,99.25,96.0,85.17,1.24,5.59,0.0532,0.0045,0.0327,0.0987,0
0.08,99.25,96.0,85.17,1.24,5.59,0.0532,0.0045,0.0399,0.0989,0
0.08,99.25,96.0,85.17,1.24,5.59,0.0532,0.0045,0.0503,0.099,0
0.08,99.25,96.0,85.17,1.24,5.59,0.0095,0.0047,0.0349,0.0674,0
0.08,99.25,96.0,85.17,1.24,5.59,0.0095,0.0047,0.0409,0.0676,0
0.08,99.25,96.0,85.17,1.24,5.59,0.0095,0.0047,0.0438,0.0816,0
0.08,99.25,96.0,85.17,1.22,5.54,0.0093,0.0046,0.0257,0.0903,0
0.08,99.25,96.0,85.17,1.22,5.54,0.0093,0.0046,0.0356,0.0905,0
0.08,99.25,96.0,85.17,1.22,5.54,0.0093,0.0046,0.0426,0.0908,0
0.08,99.25,96.0,85.17,1.22,5.54,0.0534,0.0044,0.0393,0.0866,0
0.08,99.25,96.0,85.17,1.22,5.54,0.0534,0.0044,0.0569,0.0868,0
0.08,99.25,96.0,85.17,1.22,5.54,0.0534,0.0044,0.0622,0.0869,0
0.08,97.75,93.0,84.99,1.22,5.54,0.0086,0.0043,0.0248,0.0969,0
0.08,97.75,93.0,84.99,1.22,5.54,0.0086,0.0043,0.035,0.0971,0
0.08,97.75,93.0,84.99,1.22,5.54,0.0086,0.0043,0.0488,0.0973,0
0.08,97.75,93.0,84.99,1.22,5.54,0.0089,0.0044,0.0263,0.1016,0
0.08,97.75,93.0,84.99,1.22,5.54,0.0089,0.0044,0.0295,0.1018,0
0.08,97.75,93.0,84.99,1.22,5.54,0.0089,0.0044,0.033,0.1019,0
0.08,97.75,93.0,84.99,1.22,5.54,0.0591,0.0045,0.0492,0.0986,0
0.08,97.75,93.0,84.99,1.22,5.54,0.0591,0.0045,0.0561,0.0988,0
0.08,97.75,93.0,84.99,1.22,5.54,0.0591,0.0045,0.0633,0.0991,0
0.08,98.5,96.0,84.66,1.22,5.54,0.0082,0.0041,0.0623,0.0813,0
0.08,98.5,96.0,84.66,1.22,5.54,0.0082,0.0041,0.0668,0.0815,0
0.08,98.5,96.0,84.66,1.22,5.54,0.0082,0.0041,0.0978,0.0817,1
0.08,98.5,96.0,84.66,1.22,5.54,0.0081,0.004,0.0335,0.0758,0
0.08,98.5,96.0,84.66,1.22,5.54,0.0081,0.004,0.048,0.076,0
0.08,98.5,96.0,84.66,1.22,5.54,0.0081,0.004,0.0564,0.0761,0
0.08,98.5,96.0,84.66,1.22,5.54,0.0652,0.0042,0.0221,0.0971,0
0.08,98.5,96.0,84.66,1.22,5.54,0.0652,0.0042,0.0686,0.0973,0
0.08,98.5,96.0,84.66,1.22,5.54,0.0652,0.0042,0.0815,0.0975,0
0.08,98.5,96.0,84.66,1.22,5.54,0.0086,0.0043,0.0564,0.1543,0
0.08,98.5,96.0,84.66,1.22,5.54,0.0086,0.0043,0.0604,0.1545,0
0.08,98.5,96.0,84.66,1.22,5.54,0.0086,0.0043,0.0645,0.1548,0
0.08,98.5,93.0,84.71,1.22,5.54,0.0082,0.0041,0.0304,0.1858,0
0.08,98.5,93.0,84.71,1.22,5.54,0.0082,0.0041,0.0526,0.186,0
0.08,98.5,93.0,84.71,1.22,5.54,0.0082,0.0041,0.0564,0.1862,0
0.08,98.5,93.0,84.71,1.22,5.54,0.0437,0.0042,0.0304,0.1333,0
0.09,98.5,93.0,84.71,1.07,5.18,0.0437,0.0042,0.0514,0.1335,0
0.09,98.5,93.0,84.71,1.07,5.18,0.0437,0.0042,0.0571,0.1336,0
0.09,98.5,93.0,84.71,1.07,5.18,0.0087,0.0044,0.0281,0.1235,0
0.09,98.5,93.0,84.71,1.07,5.18,0.0087,0.0044,0.036,0.1237,0
0.09,98.5,93.0,84.71,1.07,5.18,0.0087,0.0044,0.0467,0.1239,0
0.09,98.5,93.0,84.71,1.07,5.18,0.0087,0.0044,0.0211,0.0991,0
0.09,98.5,93.0,84.71,1.07,5.18,0.0087,0.0044,0.042,0.0993,0
0.09,98.5,93.0,84.71,1.07,5.18,0.0087,0.0044,0.0473,0.0995,0
0.09,97.75,97.0,84.64,1.07,5.18,0.0504,0.0043,0.0307,0.1022,0
0.09,97.75,97.0,84.64,1.07,5.18,0.0504,0.0043,0.036,0.1024,0
0.09,97.75,97.0,84.64,1.07,5.18,0.0504,0.0043,0.0532,0.1025,0
0.09,97.75,97.0,84.64,1.07,5.18,0.0081,0.0041,0.0251,0.1548,0
0.09,97.75,97.0,84.64,1.07,5.18,0.0081,0.0041,0.0276,0.155,0
0.09,97.75,97.0,84.64,1.07,5.18,0.0081,0.0041,0.0432,0.1551,0
0.09,97.75,97.0,84.64,1.07,5.18,0.0091,0.0045,0.0303,0.1292,0
0.09,97.75,97.0,84.64,1.07,5.18,0.0091,0.0045,0.0344,0.1295,0
0.09,97.75,97.0,84.64,1.07,5.18,0.0091,0.0045,0.0447,0.1297,0
0.09,98.5,96.0,85.07,1.07,5.18,0.0542,0.0042,0.0275,0.1251,0
0.09,98.5,96.0,85.07,1.07,5.18,0.0542,0.0042,0.0353,0.1254,0
0.09,98.5,96.0,85.07,1.07,5.18,0.0542,0.0042,0.047,0.1255,0
0.09,98.5,96.0,85.07,1.07,5.18,0.0084,0.0042,0.0297,0.1209,0
0.09,98.5,96.0,85.07,1.07,5.18,0.0084,0.0042,0.0351,0.1212,0
0.09,98.5,96.0,85.07,1.07,5.18,0.0084,0.0042,0.0375,0.1214,0
0.09,98.5,96.0,85.07,1.07,5.18,0.0085,0.0043,0.0249,0.12,0
0.09,98.5,96.0,85.07,1.07,5.18,0.0085,0.0043,0.0289,0.1203,0
0.09,98.5,96.0,85.07,1.07,5.18,0.0085,0.0043,0.0434,0.1214,0
0.09,98.5,96.0,85.07,1.07,5.18,0.0536,0.0042,0.0272,0.1307,0
0.09,98.5,96.0,85.07,1.07,5.18,0.0536,0.0042,0.0311,0.1309,0
0.09,98.5,96.0,85.07,1.07,5.18,0.0536,0.0042,0.0492,0.1336,0
0.09,99.0,82.0,84.64,1.07,5.18,0.0089,0.0044,0.034,0.1388,0
0.08,99.0,82.0,84.64,1.29,4.8,0.0089,0.0044,0.0465,0.139,0
0.08,99.0,82.0,84.64,1.29,4.8,0.0089,0.0044,0.0584,0.1392,0
0.08,99.0,82.0,84.64,1.29,4.8,0.0087,0.0044,0.0385,0.1879,0
0.08,99.0,82.0,84.64,1.29,4.8,0.0087,0.0044,0.049,0.1881,0
0.08,99.0,82.0,84.64,1.29,4.8,0.0087,0.0044,0.0516,0.1882,0
0.08,99.0,82.0,84.64,1.29,4.8,0.0578,0.0042,0.0517,0.1825,0
0.08,99.0,82.0,84.64,1.29,4.8,0.0578,0.0042,0.0552,0.1826,0
0.08,99.0,82.0,84.64,1.29,4.8,0.0578,0.0042,0.0575,0.1828,0
0.08,99.0,82.0,84.64,1.29,4.8,0.0078,0.0039,0.0311,0.2582,0
0.08,99.0,82.0,84.64,1.29,4.8,0.0078,0.0039,0.0435,0.2584,0
0.08,99.0,82.0,84.64,1.29,4.8,0.0078,0.0039,0.0457,0.2585,0
0.08,97.5,96.0,84.59,1.29,4.8,0.0075,0.0038,0.0585,0.3013,0
0.08,97.5,96.0,84.59,1.29,4.8,0.0075,0.0038,0.061,0.3016,0
0.08,97.5,96.0,84.59,1.29,4.8,0.0075,0.0038,0.0799,0.3025,0
0.08,97.5,96.0,84.59,1.29,4.8,0.054,0.0042,0.0645,0.3476,0
0.08,97.5,96.0,84.59,1.29,4.8,0.054,0.0042,0.0704,0.3478,0
0.08,97.5,96.0,84.59,1.29,4.8,0.054,0.0042,0.1028,0.3479,0
0.08,97.5,96.0,84.59,1.29,4.8,0.0093,0.0046,0.0575,0.2191,0
0.08,97.5,96.0,84.59,1.29,4.8,0.0093,0.0046,0.0614,0.2195,0
0.08,97.5,96.0,84.59,1.29,4.8,0.0093,0.0046,0.0949,0.2197,0
0.08,98.5,95.0,84.61,1.29,4.8,0.0092,0.0046,0.0351,0.1902,0
0.08,98.5,95.0,84.61,1.29,4.8,0.0092,0.0046,0.0589,0.1905,0
0.08,98.5,95.0,84.61,1.29,4.8,0.0092,0.0046,0.0626,0.1906,0
0.08,98.5,95.0,84.61,1.29,4.8,0.045,0.0042,0.0291,0.1928,0
0.08,98.5,95.0,84.61,1.29,4.8,0.045,0.0042,0.0344,0.193,0
0.08,98.5,95.0,84.61,1.29,4.8,0.045,0.0042,0.0749,0.1931,0
0.08,98.5,95.0,84.61,1.29,4.8,0.0084,0.0042,0.0855,0.1656,0
0.08,98.5,95.0,84.61,1.29,4.8,0.0084,0.0042,0.089,0.1658,0
0.08,98.5,95.0,84.61,1.29,4.8,0.0084,0.0042,0.0931,0.1659,0
0.08,98.5,95.0,84.61,1.29,4.8,0.0078,0.0039,0.0603,0.1505,0
0.08,98.5,95.0,84.61,1.29,4.8,0.0078,0.0039,0.0643,0.1506,0
0.08,98.5,95.0,84.61,1.29,4.8,0.0078,0.0039,0.0735,0.1508,0
0.09,98.5,97.0,85.22,10.45,4.85,0.0561,0.0042,0.0263,0.1192,0
0.09,98.5,97.0,85.22,10.45,4.85,0.0561,0.0042,0.0289,0.1196,0
0.09,98.5,97.0,85.22,10.45,4.85,0.0561,0.0042,0.0324,0.1208,0
0.09,98.5,97.0,85.22,10.45,4.85,0.0085,0.0043,0.03,0.0985,0
0.09,98.5,97.0,85.22,10.45,4.85,0.0085,0.0043,0.0323,0.0987,0
0.09,98.5,97.0,85.22,10.45,4.85,0.0085,0.0043,0.0476,0.0989,0
0.09,98.5,97.0,85.22,10.45,4.85,0.0082,0.0041,0.0192,0.0981,0
0.09,98.5,97.0,85.22,10.45,4.85,0.0082,0.0041,0.0304,0.0983,0
0.09,98.5,97.0,85.22,10.45,4.85,0.0082,0.0041,0.0521,0.0985,0
0.09,98.5,97.0,85.22,10.45,4.85,0.0516,0.0041,0.0241,0.1789,0
0.09,98.5,97.0,85.22,10.45,4.85,0.0516,0.0041,0.0308,0.1792,0
0.09,98.5,97.0,85.22,10.45,4.85,0.0516,0.0041,0.0339,0.1793,0
0.09,98.5,92.0,84.79,10.45,4.85,0.0076,0.0038,0.0328,0.1708,0
0.09,98.5,92.0,84.79,10.45,4.85,0.0076,0.0038,0.039,0.1711,0
0.09,98.5,92.0,84.79,10.45,4.85,0.0076,0.0038,0.0468,0.1712,0
0.09,98.5,92.0,84.79,10.45,4.85,0.0082,0.0041,0.0284,0.1035,0
0.09,98.5,92.0,84.79,10.45,4.85,0.0082,0.0041,0.0356,0.1037,0
0.09,98.5,92.0,84.79,10.45,4.85,0.0082,0.0041,0.0424,0.1038,0
0.09,98.5,92.0,84.79,10.45,4.85,0.0632,0.0043,0.0284,0.105,0
0.09,98.5,92.0,84.79,10.45,4.85,0.0632,0.0043,0.0372,0.1051,0
0.09,98.5,92.0,84.79,10.45,4.85,0.0632,0.0043,0.0402,0.1053,0
0.09,97.0,99.0,84.66,10.45,4.85,0.009,0.0045,0.0377,0.0741,0
0.09,97.0,99.0,84.66,10.45,4.85,0.009,0.0045,0.0409,0.0742,0
0.09,97.0,99.0,84.66,10.45,4.85,0.009,0.0045,0.0483,0.0743,0
0.09,97.0,99.0,84.66,10.45,4.85,0.0089,0.0044,0.0205,0.0846,0
0.09,97.0,99.0,84.66,10.45,4.85,0.0089,0.0044,0.0257,0.0849,0
0.09,97.0,99.0,84.66,10.45,4.85,0.0089,0.0044,0.028,0.0851,0
0.09,97.0,99.0,84.66,10.45,4.85,0.0627,0.0043,0.0337,0.0694,0
0.09,97.0,99.0,84.66,10.45,4.85,0.0627,0.0043,0.0397,0.0696,0
0.09,97.0,99.0,84.66,10.45,4.85,0.0627,0.0043,0.0498,0.0698,0
0.07,97.0,99.0,84.66,1.17,4.92,0.0079,0.004,0.0179,0.0611,0
0.07,97.0,99.0,84.66,1.17,4.92,0.0079,0.004,0.0208,0.0614,0
0.07,97.0,99.0,84.66,1.17,4.92,0.0079,0.004,0.029,0.0621,0
0.07,99.25,92.0,84.69,1.17,4.92,0.0087,0.0044,0.0204,0.0786,0
0.07,99.25,92.0,84.69,1.17,4.92,0.0087,0.0044,0.0227,0.079,0
0.07,99.25,92.0,84.69,1.17,4.92,0.0087,0.0044,0.0266,0.0793,0
0.07,99.25,92.0,84.69,1.17,4.92,0.0493,0.0042,0.0212,0.0839,0
0.07,99.25,92.0,84.69,1.17,4.92,0.0493,0.0042,0.0255,0.0841,0
0.07,99.25,92.0,84.69,1.17,4.92,0.0493,0.0042,0.0338,0.0843,0
0.07,99.25,92.0,84.69,1.17,4.92,0.0083,0.0042,0.0233,0.0787,0
0.07,99.25,92.0,84.69,1.17,4.92,0.0083,0.0042,0.0282,0.0789,0
0.07,99.25,92.0,84.69,1.17,4.92,0.0083,0.0042,0.0377,0.0791,0
0.07,98.5,97.0,85.17,1.17,4.92,0.0079,0.004,0.0308,0.0984,0
0.07,98.5,97.0,85.17,1.17,4.92,0.0079,0.004,0.033,0.0986,0
0.07,98.5,97.0,85.17,1.17,4.92,0.0079,0.004,0.041,0.0987,0
0.07,98.5,97.0,85.17,1.17,4.92,0.0524,0.0043,0.023,0.0741,0
0.07,98.5,97.0,85.17,1.17,4.92,0.0524,0.0043,0.0254,0.0743,0
0.07,98.5,97.0,85.17,1.17,4.92,0.0524,0.0043,0.0356,0.0744,0
0.07,98.5,97.0,85.17,1.17,4.92,0.0084,0.0042,0.0257,0.1097,0
0.07,98.5,97.0,85.17,1.17,4.92,0.0084,0.0042,0.0316,0.1098,0
0.07,98.5,97.0,85.17,1.17,4.92,0.0084,0.0042,0.0389,0.11,0
0.07,98.5,97.0,85.17,1.17,4.92,0.0086,0.0043,0.0837,0.0842,0
0.07,98.5,97.0,85.17,1.17,4.92,0.0086,0.0043,0.0861,0.0844,1
0.07,98.5,97.0,85.17,1.17,4.92,0.0086,0.0043,0.0959,0.0845,1
0.07,98.5,94.0,84.76,5.53,4.39,0.0436,0.0042,0.3457,0.0607,1
0.07,98.5,94.0,84.76,5.53,4.39,0.0436,0.0042,0.363,0.0608,1
0.07,98.5,94.0,84.76,5.53,4.39,0.0436,0.0042,0.3691,0.061,1
0.07,99.25,88.0,84.86,5.53,4.39,0.0093,0.0046,0.3598,0.0772,1
0.07,99.25,88.0,84.86,5.53,4.39,0.0093,0.0046,0.3742,0.0774,1
0.07,99.25,88.0,84.86,5.53,4.39,0.0093,0.0046,0.383,0.0775,1
0.07,99.25,88.0,84.86,5.53,4.39,0.0081,0.0041,0.0703,0.0877,0
0.07,99.25,88.0,84.86,5.53,4.39,0.0081,0.0041,0.095,0.0879,1
0.07,99.25,88.0,84.86,5.53,4.39,0.0081,0.0041,0.1203,0.0881,1
0.07,99.25,88.0,84.86,5.53,4.39,0.0618,0.004,0.1168,0.073,1
0.07,99.25,88.0,84.86,5.53,4.39,0.0618,0.004,0.1366,0.0732,1
0.07,99.25,88.0,84.86,5.53,4.39,0.0618,0.004,0.1468,0.0733,1
0.07,98.5,96.0,85.22,5.53,4.39,0.0084,0.0042,0.1088,0.0783,1
0.07,98.5,96.0,85.22,5.53,4.39,0.0084,0.0042,0.122,0.0785,1
0.07,98.5,96.0,85.22,5.53,4.39,0.0084,0.0042,0.1384,0.0787,1
0.07,98.5,96.0,85.22,5.53,4.39,0.0082,0.0041,0.0855,0.068,1
0.07,98.5,96.0,85.22,5.53,4.39,0.0082,0.0041,0.0892,0.0683,1
0.07,98.5,96.0,85.22,5.53,4.39,0.0082,0.0041,0.1248,0.0685,1
0.07,98.5,96.0,85.22,5.53,4.39,0.058,0.0043,0.0876,0.0928,0
0.07,98.5,96.0,85.22,5.53,4.39,0.058,0.0043,0.0954,0.093,1
0.07,98.5,96.0,85.22,5.53,4.39,0.058,0.0043,0.1218,0.0931,1
0.07,98.5,96.0,85.22,5.53,4.39,0.0087,0.0043,0.0916,0.1016,0
0.07,98.5,96.0,85.22,5.53,4.39,0.0087,0.0043,0.112,0.1019,1
0.07,98.5,96.0,85.22,5.53,4.39,0.0087,0.0043,0.1145,0.102,1
0.07,100.0,97.0,85.85,5.53,4.39,0.0088,0.0044,0.1415,0.0828,1
0.07,100.0,97.0,85.85,5.53,4.39,0.0088,0.0044,0.161,0.083,1
0.07,100.0,97.0,85.85,5.53,4.39,0.0088,0.0044,0.18,0.0831,1
0.07,100.0,97.0,85.85,1.27,3.82,0.0573,0.0044,0.1136,0.1075,1
0.07,100.0,97.0,85.85,1.27,3.82,0.0573,0.0044,0.1209,0.1077,1
0.07,100.0,97.0,85.85,1.27,3.82,0.0573,0.0044,0.1313,0.1078,1
0.07,100.0,97.0,85.85,1.27,3.82,0.0092,0.0046,0.0813,0.0905,0
0.07,100.0,97.0,85.85,1.27,3.82,0.0092,0.0046,0.0838,0.0907,0
0.07,100.0,97.0,85.85,1.27,3.82,0.0092,0.0046,0.1091,0.0909,1
0.07,100.0,94.0,86.48,1.27,3.82,0.009,0.0045,0.0502,0.0965,0
0.07,100.0,94.0,86.48,1.27,3.82,0.009,0.0045,0.0563,0.0967,0
0.07,100.0,94.0,86.48,1.27,3.82,0.009,0.0045,0.0661,0.0971,0
0.07,100.0,94.0,86.48,1.27,3.82,0.0516,0.0045,0.0925,0.0866,1
0.07,100.0,94.0,86.48,1.27,3.82,0.0516,0.0045,0.0956,0.0868,1
0.07,100.0,94.0,86.48,1.27,3.82,0.0516,0.0045,0.1015,0.087,1
0.07,100.0,94.0,86.48,1.27,3.82,0.009,0.0045,0.053,0.0952,0
0.07,100.0,94.0,86.48,1.27,3.82,0.009,0.0045,0.0582,0.096,0
0.07,100.0,94.0,86.48,1.27,3.82,0.009,0.0045,0.0626,0.0962,0
0.07,100.0,94.0,86.48,1.27,3.82,0.0083,0.0041,0.0421,0.0973,0
0.07,100.0,94.0,86.48,1.27,3.82,0.0083,0.0041,0.0455,0.0975,0
0.07,100.0,94.0,86.48,1.27,3.82,0.0083,0.0041,0.0573,0.0976,0
0.07,98.5,94.0,86.02,1.27,3.82,0.0643,0.0042,0.0722,0.0859,0
0.07,98.5,94.0,86.02,1.27,3.82,0.0643,0.0042,0.0955,0.0861,1
0.07,98.5,94.0,86.02,1.27,3.82,0.0643,0.0042,0.1224,0.0862,1
0.07,98.5,94.0,86.02,1.27,3.82,0.0078,0.0039,0.0844,0.0769,1
0.07,98.5,94.0,86.02,1.27,3.82,0.0078,0.0039,0.1105,0.0771,1
0.07,98.5,94.0,86.02,1.27,3.82,0.0078,0.0039,0.1267,0.0772,1
0.07,98.5,94.0,86.02,1.27,3.82,0.009,0.0045,0.0652,0.1383,0
0.07,98.5,94.0,86.02,1.27,3.82,0.009,0.0045,0.0687,0.1385,0
0.07,98.5,94.0,86.02,1.27,3.82,0.009,0.0045,0.0761,0.1386,0
0.07,98.5,94.0,86.02,1.27,3.82,0.0564,0.0047,0.0247,0.1308,0
0.07,98.5,94.0,86.02,1.27,3.82,0.0564,0.0047,0.0318,0.1311,0
0.07,98.5,94.0,86.02,1.27,3.82,0.0564,0.0047,0.0427,0.1312,0
0.07,100.0,78.0,86.53,1.27,3.82,0.0085,0.0042,0.02,0.082,0
0.07,100.0,78.0,86.53,1.27,3.82,0.0085,0.0042,0.0229,0.0828,0
0.07,100.0,78.0,86.53,1.27,3.82,0.0085,0.0042,0.0276,0.083,0
0.06,100.0,78.0,86.53,1.26,3.76,0.0082,0.0041,0.1989,0.0982,1
0.06,100.0,78.0,86.53,1.26,3.76,0.0082,0.0041,0.214,0.0984,1
0.06,100.0,78.0,86.53,1.26,3.76,0.0082,0.0041,0.2262,0.0987,1
0.06,100.0,52.0,86.71,1.26,3.76,0.0465,0.0043,0.2147,0.0894,1
0.06,100.0,52.0,86.71,1.26,3.76,0.0465,0.0043,0.2658,0.0896,1
0.06,100.0,52.0,86.71,1.26,3.76,0.0465,0.0043,0.2874,0.0898,1
0.06,100.0,52.0,86.71,1.26,3.76,0.0089,0.0045,0.1888,0.0857,1
0.06,100.0,52.0,86.71,1.26,3.76,0.0089,0.0045,0.2066,0.0859,1
0.06,100.0,52.0,86.71,1.26,3.76,0.0089,0.0045,0.2186,0.0861,1
0.06,100.0,52.0,86.71,1.26,3.76,0.0091,0.0045,0.1576,0.0852,1
0.06,100.0,52.0,86.71,1.26,3.76,0.0091,0.0045,0.1696,0.0853,1
0.06,100.0,52.0,86.71,1.26,3.76,0.0091,0.0045,0.1803,0.0855,1
0.06,100.0,93.0,85.42,1.26,3.76,0.0505,0.0042,0.1165,0.097,1
0.06,100.0,93.0,85.42,1.26,3.76,0.0505,0.0042,0.1233,0.0972,1
0.06,100.0,93.0,85.42,1.26,3.76,0.0505,0.0042,0.1281,0.0973,1
0.06,100.0,93.0,85.42,1.26,3.76,0.0097,0.0048,0.0294,0.0938,0
0.06,100.0,93.0,85.42,1.26,3.76,0.0097,0.0048,0.0337,0.0942,0
0.06,100.0,93.0,85.42,1.26,3.76,0.0097,0.0048,0.0403,0.0963,0
0.06,100.0,93.0,85.42,1.26,3.76,0.0088,0.0044,0.0265,0.1111,0
0.06,100.0,93.0,85.42,1.26,3.76,0.0088,0.0044,0.0323,0.1114,0
0.06,100.0,93.0,85.42,1.26,3.76,0.0088,0.0044,0.0464,0.1119,0
0.06,100.0,93.0,85.42,1.26,3.76,0.0613,0.0043,0.035,0.0853,0
0.06,100.0,93.0,85.42,1.26,3.76,0.0613,0.0043,0.0397,0.0854,0
0.06,100.0,93.0,85.42,1.26,3.76,0.0613,0.0043,0.0684,0.0855,0
0.08,98.5,99.0,85.22,1.12,3.71,0.0085,0.0043,0.0359,0.0781,0
0.08,98.5,99.0,85.22,1.12,3.71,0.0085,0.0043,0.0424,0.0786,0
0.08,98.5,99.0,85.22,1.12,3.71,0.0085,0.0043,0.0595,0.0787,0
0.08,98.5,99.0,85.22,1.12,3.71,0.0092,0.0046,0.0427,0.1082,0
0.08,98.5,99.0,85.22,1.12,3.71,0.0092,0.0046,0.045,0.1084,0
0.08,98.5,99.0,85.22,1.12,3.71,0.0092,0.0046,0.0571,0.1085,0
0.08,98.5,99.0,85.22,1.12,3.71,0.0592,0.0046,0.031,0.1392,0
0.08,98.5,99.0,85.22,1.12,3.71,0.0592,0.0046,0.0391,0.1395,0
0.08,98.5,99.0,85.22,1.12,3.71,0.0592,0.0046,0.0473,0.1396,0
0.08,99.25,94.0,85.27,1.12,3.71,0.0093,0.0047,0.0342,0.1133,0
0.08,99.25,94.0,85.27,1.12,3.71,0.0093,0.0047,0.0445,0.1135,0
0.08,99.25,94.0,85.27,1.12,3.71,0.0093,0.0047,0.05,0.1136,0
0.08,99.25,94.0,85.27,1.12,3.71,0.0086,0.0043,0.025,0.0813,0
0.08,99.25,94.0,85.27,1.12,3.71,0.0086,0.0043,0.0275,0.0815,0
0.08,99.25,94.0,85.27,1.12,3.71,0.0086,0.0043,0.0322,0.0816,0
0.08,99.25,94.0,85.27,1.12,3.71,0.0653,0.0043,0.0419,0.0823,0
0.08,99.25,94.0,85.27,1.12,3.71,0.0653,0.0043,0.0571,0.0827,0
0.08,99.25,94.0,85.27,1.12,3.71,0.0653,0.0043,0.0643,0.0828,0
0.08,99.25,94.0,85.27,1.12,3.71,0.0093,0.0046,0.0543,0.0793,0
0.08,99.25,94.0,85.27,1.12,3.71,0.0093,0.0046,0.06,0.0795,0
0.08,99.25,94.0,85.27,1.12,3.71,0.0093,0.0046,0.0714,0.0796,0
0.08,99.0,96.0,84.89,1.12,3.71,0.0092,0.0046,0.0277,0.1008,0
0.08,99.0,96.0,84.89,1.12,3.71,0.0092,0.0046,0.0356,0.101,0
0.08,99.0,96.0,84.89,1.12,3.71,0.0092,0.0046,0.0383,0.1011,0
0.08,99.0,96.0,84.89,1.12,3.71,0.0683,0.0047,0.0252,0.2182,0
0.08,99.0,96.0,84.89,1.12,3.71,0.0683,0.0047,0.0279,0.2184,0
0.08,99.0,96.0,84.89,1.12,3.71,0.0683,0.0047,0.0304,0.2186,0
0.08,99.0,96.0,84.89,1.12,3.71,0.0089,0.0044,0.0162,0.1464,0
0.08,99.0,96.0,84.89,1.12,3.71,0.0089,0.0044,0.025,0.1466,0
0.08,99.0,96.0,84.89,1.12,3.71,0.0089,0.0044,0.0319,0.147,0
0.09,98.5,99.0,84.66,1.26,3.12,0.0079,0.0039,0.017,0.101,0
0.09,98.5,99.0,84.66,1.26,3.12,0.0079,0.0039,0.0228,0.1012,0
0.09,98.5,99.0,84.66,1.26,3.12,0.0079,0.0039,0.0256,0.1013,0
0.09,98.5,99.0,84.66,1.26,3.12,0.0699,0.0046,0.0896,0.0845,1
0.09,98.5,99.0,84.66,1.26,3.12,0.0699,0.0046,0.1109,0.0847,1
0.09,98.5,99.0,84.66,1.26,3.12,0.0699,0.0046,0.1139,0.0848,1
0.09,98.5,99.0,84.66,1.26,3.12,0.009,0.0045,0.0675,0.0864,0
0.09,98.5,99.0,84.66,1.26,3.12,0.009,0.0045,0.0737,0.0866,0
0.09,98.5,99.0,84.66,1.26,3.12,0.009,0.0045,0.0919,0.0867,1
0.09,98.5,99.0,84.66,1.26,3.12,0.0087,0.0044,0.0269,0.0975,0
0.09,98.5,99.0,84.66,1.26,3.12,0.0087,0.0044,0.0298,0.0977,0
0.09,98.5,99.0,84.66,1.26,3.12,0.0087,0.0044,0.0353,0.098,0
0.09,97.75,84.0,84.64,1.26,3.12,0.0602,0.0039,0.0415,0.0966,0
0.09,97.75,84.0,84.64,1.26,3.12,0.0602,0.0039,0.0576,0.0968,0
0.09,97.75,84.0,84.64,1.26,3.12,0.0602,0.0039,0.0617,0.097,0
0.09,97.75,84.0,84.64,1.26,3.12,0.008,0.004,0.0395,0.0954,0
0.09,97.75,84.0,84.64,1.26,3.12,0.008,0.004,0.0418,0.0956,0
0.09,97.75,84.0,84.64,1.26,3.12,0.008,0.004,0.0489,0.096,0
0.09,97.75,84.0,84.64,1.26,3.12,0.009,0.0045,0.0158,0.092,0
0.09,97.75,84.0,84.64,1.26,3.12,0.009,0.0045,0.0194,0.0922,0
0.09,97.75,84.0,84.64,1.26,3.12,0.009,0.0045,0.0367,0.0925,0
0.09,99.25,92.0,84.91,1.26,3.12,0.0567,0.0043,0.0262,0.0905,0
0.09,99.25,92.0,84.91,1.26,3.12,0.0567,0.0043,0.031,0.0908,0
0.09,99.25,92.0,84.91,1.26,3.12,0.0567,0.0043,0.0338,0.091,0
0.09,99.25,92.0,84.91,1.26,3.12,0.0086,0.0043,0.0217,0.0656,0
0.09,99.25,92.0,84.91,1.26,3.12,0.0086,0.0043,0.0242,0.0658,0
0.09,99.25,92.0,84.91,1.26,3.12,0.0086,0.0043,0.0357,0.066,0
0.09,99.25,92.0,84.91,1.26,3.12,0.0087,0.0044,0.0366,0.0893,0
0.09,99.25,92.0,84.91,1.26,3.12,0.0087,0.0044,0.0414,0.0895,0
0.09,99.25,92.0,84.91,1.26,3.12,0.0087,0.0044,0.0489,0.0897,0
0.09,97.0,95.0,84.81,4.27,2.8,0.0617,0.0039,0.0687,0.0761,0
0.09,97.0,95.0,84.81,4.27,2.8,0.0617,0.0039,0.0922,0.0763,1
0.09,97.0,95.0,84.81,4.27,2.8,0.0617,0.0039,0.0981,0.0764,1
0.09,97.0,95.0,84.81,4.27,2.8,0.0085,0.0043,0.0617,0.0852,0
0.09,97.0,95.0,84.81,4.27,2.8,0.0085,0.0043,0.0726,0.0854,0
0.09,97.0,95.0,84.81,4.27,2.8,0.0085,0.0043,0.0775,0.0856,0
0.09,97.0,95.0,84.81,4.27,2.8,0.0082,0.0041,0.0293,0.0851,0
0.09,97.0,95.0,84.81,4.27,2.8,0.0082,0.0041,0.0396,0.0853,0
0.09,97.0,95.0,84.81,4.27,2.8,0.0082,0.0041,0.0424,0.0854,0
0.09,97.0,95.0,84.81,4.27,2.8,0.0545,0.0042,0.0217,0.121,0
0.09,97.0,95.0,84.81,4.27,2.8,0.0545,0.0042,0.0377,0.1218,0
0.09,97.0,95.0,84.81,4.27,2.8,0.0545,0.0042,0.0458,0.122,0
0.09,99.25,98.0,84.69,4.27,2.8,0.008,0.004,0.0257,0.0987,0
0.09,99.25,98.0,84.69,4.27,2.8,0.008,0.004,0.0346,0.0989,0
0.09,99.25,98.0,84.69,4.27,2.8,0.008,0.004,0.0456,0.099,0
0.09,99.25,98.0,84.69,4.27,2.8,0.0089,0.0045,0.0263,0.0978,0
0.09,99.25,98.0,84.69,4.27,2.8,0.0089,0.0045,0.0312,0.0982,0
0.09,99.25,98.0,84.69,4.27,2.8,0.0089,0.0045,0.0446,0.0983,0
0.09,99.25,98.0,84.69,4.27,2.8,0.0612,0.0048,0.0242,0.0673,0
0.09,99.25,98.0,84.69,4.27,2.8,0.0612,0.0048,0.0304,0.0676,0
0.09,99.25,98.0,84.69,4.27,2.8,0.0612,0.0048,0.0374,0.0678,0
0.09,97.75,92.0,84.69,4.27,2.8,0.0085,0.0042,0.0212,0.1003,0
0.09,97.75,92.0,84.69,4.27,2.8,0.0085,0.0042,0.0285,0.1005,0
0.09,97.75,92.0,84.69,4.27,2.8,0.0085,0.0042,0.045,0.1006,0
0.09,97.75,92.0,84.69,4.27,2.8,0.0082,0.0041,0.0253,0.099,0
0.09,97.75,92.0,84.69,4.27,2.8,0.0082,0.0041,0.0401,0.0992,0
0.09,97.75,92.0,84.69,4.27,2.8,0.0082,0.0041,0.0498,0.0993,0
0.07,97.75,92.0,84.69,1.17,3.08,0.0586,0.0044,0.0271,0.0865,0
0.07,97.75,92.0,84.69,1.17,3.08,0.0586,0.0044,0.0295,0.0868,0
0.07,97.75,92.0,84.69,1.17,3.08,0.0586,0.0044,0.0384,0.0869,0
0.07,97.75,92.0,84.69,1.17,3.08,0.0089,0.0044,0.042,0.0745,0
0.07,97.75,92.0,84.69,1.17,3.08,0.0089,0.0044,0.0524,0.0747,0
0.07,97.75,92.0,84.69,1.17,3.08,0.0089,0.0044,0.0649,0.0749,0
0.07,97.75,84.0,84.69,1.17,3.08,0.0089,0.0044,0.0742,0.0863,0
0.07,97.75,84.0,84.69,1.17,3.08,0.0089,0.0044,0.087,0.0865,1
0.07,97.75,84.0,84.69,1.17,3.08,0.0089,0.0044,0.1049,0.0866,1
0.07,97.75,84.0,84.69,1.17,3.08,0.0565,0.0043,0.0989,0.0893,1
0.07,97.75,84.0,84.69,1.17,3.08,0.0565,0.0043,0.1053,0.0895,1
0.07,97.75,84.0,84.69,1.17,3.08,0.0565,0.0043,0.1107,0.0896,1
0.07,97.75,84.0,84.69,1.17,3.08,0.0089,0.0044,0.0721,0.0815,0
0.07,97.75,84.0,84.69,1.17,3.08,0.0089,0.0044,0.0809,0.0817,0
0.07,97.75,84.0,84.69,1.17,3.08,0.0089,0.0044,0.0864,0.0818,1
0.07,97.75,84.0,84.69,1.17,3.08,0.0089,0.0044,0.0224,0.0949,0
0.07,97.75,84.0,84.69,1.17,3.08,0.0089,0.0044,0.0248,0.0952,0
0.07,97.75,84.0,84.69,1.17,3.08,0.0089,0.0044,0.0319,0.0955,0
0.07,98.5,97.0,84.79,1.17,3.08,0.0543,0.0044,0.0269,0.0756,0
0.07,98.5,97.0,84.79,1.17,3.08,0.0543,0.0044,0.0368,0.0759,0
0.07,98.5,97.0,84.79,1.17,3.08,0.0543,0.0044,0.0401,0.076,0
0.07,98.5,97.0,84.79,1.17,3.08,0.0095,0.0047,0.0279,0.0704,0
0.07,98.5,97.0,84.79,1.17,3.08,0.0095,0.0047,0.035,0.0706,0
0.07,98.5,97.0,84.79,1.17,3.08,0.0095,0.0047,0.0448,0.0709,0
0.07,98.5,97.0,84.79,1.17,3.08,0.0096,0.0048,0.0187,0.1442,0
0.07,98.5,97.0,84.79,1.17,3.08,0.0096,0.0048,0.0257,0.1444,0
0.07,98.5,97.0,84.79,1.17,3.08,0.0096,0.0048,0.0358,0.1445,0
0.07,98.5,94.0,84.69,1.17,3.08,0.0471,0.0044,0.0325,0.1537,0
0.07,98.5,94.0,84.69,1.17,3.08,0.0471,0.0044,0.0386,0.154,0
0.07,98.5,94.0,84.69,1.17,3.08,0.0471,0.0044,0.0522,0.1542,0
0.07,98.5,94.0,84.69,1.17,3.08,0.0087,0.0044,0.0221,0.1075,0
0.07,98.5,94.0,84.69,1.17,3.08,0.0087,0.0044,0.0346,0.1077,0
0.07,98.5,94.0,84.69,1.17,3.08,0.0087,0.0044,0.0496,0.1078,0
0.08,98.5,94.0,84.69,1.72,3.11,0.0086,0.0043,0.0183,0.0854,0
0.08,98.5,94.0,84.69,1.72,3.11,0.0086,0.0043,0.0315,0.0856,0
0.08,98.5,94.0,84.69,1.72,3.11,0.0086,0.0043,0.0482,0.0857,0
0.08,98.5,94.0,84.69,1.72,3.11,0.0608,0.0045,0.0201,0.0795,0
0.08,98.5,94.0,84.69,1.72,3.11,0.0608,0.0045,0.027,0.0798,0
0.08,98.5,94.0,84.69,1.72,3.11,0.0608,0.0045,0.045,0.08,0
0.08,98.5,88.0,84.69,1.72,3.11,0.0087,0.0043,0.0197,0.0664,0
0.08,98.5,88.0,84.69,1.72,3.11,0.0087,0.0043,0.0233,0.0666,0
0.08,98.5,88.0,84.69,1.72,3.11,0.0087,0.0043,0.0325,0.0668,0
0.08,98.5,88.0,84.69,1.72,3.11,0.0088,0.0044,0.0241,0.0901,0
0.08,98.5,88.0,84.69,1.72,3.11,0.0088,0.0044,0.0274,0.0903,0
0.08,98.5,88.0,84.69,1.72,3.11,0.0088,0.0044,0.0323,0.0905,0
0.08,98.5,88.0,84.69,1.72,3.11,0.0578,0.0044,0.0309,0.1321,0
0.08,98.5,88.0,84.69,1.72,3.11,0.0578,0.0044,0.0464,0.1323,0
0.08,98.5,88.0,84.69,1.72,3.11,0.0578,0.0044,0.0526,0.1324,0
0.08,97.0,91.0,84.94,1.72,3.11,0.0095,0.0047,0.0219,0.1335,0
0.08,97.0,91.0,84.94,1.72,3.11,0.0095,0.0047,0.0363,0.1337,0
0.08,97.0,91.0,84.94,1.72,3.11,0.0095,0.0047,0.0454,0.1339,0
0.08,97.0,91.0,84.94,1.72,3.11,0.0088,0.0044,0.0259,0.0801,0
0.08,97.0,91.0,84.94,1.72,3.11,0.0088,0.0044,0.0298,0.0803,0
0.08,97.0,91.0,84.94,1.72,3.11,0.0088,0.0044,0.0339,0.0805,0
0.08,97.0,91.0,84.94,1.72,3.11,0.0465,0.0041,0.0201,0.0993,0
0.08,97.0,91.0,84.94,1.72,3.11,0.0465,0.0041,0.0375,0.0995,0
0.08,97.0,91.0,84.94,1.72,3.11,0.0465,0.0041,0.045,0.0997,0
0.08,97.0,91.0,84.94,1.72,3.11,0.008,0.004,0.0309,0.1189,0
0.08,97.0,91.0,84.94,1.72,3.11,0.008,0.004,0.0375,0.1191,0
0.08,97.0,91.0,84.94,1.72,3.11,0.008,0.004,0.0695,0.1193,0
0.08,98.5,99.0,84.71,1.72,3.11,0.0089,0.0044,0.0243,0.0934,0
0.08,98.5,99.0,84.71,1.72,3.11,0.0089,0.0044,0.0303,0.0936,0
0.08,98.5,99.0,84.71,1.72,3.11,0.0089,0.0044,0.0327,0.0937,0
0.08,98.5,99.0,84.71,1.13,3.15,0.0524,0.0043,0.0328,0.0736,0
0.08,98.5,99.0,84.71,1.13,3.15,0.0524,0.0043,0.039,0.0738,0
0.08,98.5,99.0,84.71,1.13,3.15,0.0524,0.0043,0.0414,0.0739,0
0.08,98.5,99.0,84.71,1.13,3.15,0.0089,0.0045,0.0246,0.0848,0
0.08,98.5,99.0,84.71,1.13,3.15,0.0089,0.0045,0.0352,0.0849,0
0.08,98.5,99.0,84.71,1.13,3.15,0.0089,0.0045,0.0381,0.0851,0
0.08,98.5,93.0,84.66,1.13,3.15,0.0085,0.0043,0.0468,0.0784,0
0.08,98.5,93.0,84.66,1.13,3.15,0.0085,0.0043,0.0615,0.0786,0
0.08,98.5,93.0,84.66,1.13,3.15,0.0085,0.0043,0.0699,0.0788,0
0.08,98.5,93.0,84.66,1.13,3.15,0.0542,0.0041,0.0311,0.0861,0
0.08,98.5,93.0,84.66,1.13,3.15,0.0542,0.0041,0.0513,0.0863,0
0.08,98.5,93.0,84.66,1.13,3.15,0.0542,0.0041,0.0654,0.0866,0
0.08,98.5,93.0,84.66,1.13,3.15,0.0082,0.0041,0.0226,0.0725,0
0.08,98.5,93.0,84.66,1.13,3.15,0.0082,0.0041,0.032,0.0727,0
0.08,98.5,93.0,84.66,1.13,3.15,0.0082,0.0041,0.0433,0.0728,0
0.08,98.5,93.0,84.66,1.13,3.15,0.0093,0.0046,0.0257,0.0905,0
0.08,98.5,93.0,84.66,1.13,3.15,0.0093,0.0046,0.0497,0.0907,0
0.08,98.5,93.0,84.66,1.13,3.15,0.0093,0.0046,0.0661,0.0908,0
0.08,97.0,94.0,84.69,1.13,3.15,0.0571,0.0046,0.0589,0.0957,0
0.08,97.0,94.0,84.69,1.13,3.15,0.0571,0.0046,0.0652,0.0959,0
0.08,97.0,94.0,84.69,1.13,3.15,0.0571,0.0046,0.0782,0.096,0
0.08,97.0,94.0,84.69,1.13,3.15,0.0089,0.0045,0.0261,0.0917,0
0.08,97.0,94.0,84.69,1.13,3.15,0.0089,0.0045,0.0309,0.0919,0
0.08,97.0,94.0,84.69,1.13,3.15,0.0089,0.0045,0.0381,0.092,0
0.08,97.0,94.0,84.69,1.13,3.15,0.0086,0.0043,0.0251,0.084,0
0.08,97.0,94.0,84.69,1.13,3.15,0.0086,0.0043,0.0415,0.0842,0
0.08,97.0,94.0,84.69,1.13,3.15,0.0086,0.0043,0.0517,0.0844,0
0.08,97.0,94.0,84.69,1.13,3.15,0.0618,0.0043,0.0293,0.1997,0
0.08,97.0,94.0,84.69,1.13,3.15,0.0618,0.0043,0.054,0.1999,0
0.08,97.0,94.0,84.69,1.13,3.15,0.0618,0.0043,0.0759,0.2001,0
0.09,98.25,94.0,84.79,2.72,2.46,0.0094,0.0047,0.0499,0.126,0
0.09,98.25,94.0,84.79,2.72,2.46,0.0094,0.0047,0.0603,0.1262,0
0.09,98.25,94.0,84.79,2.72,2.46,0.0094,0.0047,0.0625,0.1264,0
0.09,98.25,94.0,84.79,2.72,2.46,0.0092,0.0046,0.0258,0.0895,0
0.09,98.25,94.0,84.79,2.72,2.46,0.0092,0.0046,0.0309,0.0897,0
0.09,98.25,94.0,84.79,2.72,2.46,0.0092,0.0046,0.0413,0.0898,0
0.09,98.25,94.0,84.79,2.72,2.46,0.054,0.0043,0.0262,0.0898,0
0.09,98.25,94.0,84.79,2.72,2.46,0.054,0.0043,0.037,0.09,0
0.09,98.25,94.0,84.79,2.72,2.46,0.054,0.0043,0.0481,0.0901,0
0.09,98.5,96.0,84.61,2.72,2.46,0.0087,0.0044,0.0267,0.0961,0
0.09,98.5,96.0,84.61,2.72,2.46,0.0087,0.0044,0.0407,0.0963,0
0.09,98.5,96.0,84.61,2.72,2.46,0.0087,0.0044,0.063,0.0964,0
0.09,98.5,96.0,84.61,2.72,2.46,0.0087,0.0043,0.0311,0.1083,0
0.09,98.5,96.0,84.61,2.72,2.46,0.0087,0.0043,0.0402,0.1086,0
0.09,98.5,96.0,84.61,2.72,2.46,0.0087,0.0043,0.055,0.109,0
0.09,98.5,96.0,84.61,2.72,2.46,0.0522,0.0043,0.0281,0.0933,0
0.09,98.5,96.0,84.61,2.72,2.46,0.0522,0.0043,0.0358,0.0935,0
0.09,98.5,96.0,84.61,2.72,2.46,0.0522,0.0043,0.0434,0.0937,0
0.09,98.5,96.0,84.61,2.72,2.46,0.0086,0.0043,0.0338,0.0968,0
0.09,98.5,96.0,84.61,2.72,2.46,0.0086,0.0043,0.0396,0.097,0
0.09,98.5,96.0,84.61,2.72,2.46,0.0086,0.0043,0.0499,0.0972,0
0.09,97.5,81.0,84.64,2.72,2.46,0.0092,0.0046,0.0212,0.1295,0
0.09,97.5,81.0,84.64,2.72,2.46,0.0092,0.0046,0.0362,0.1298,0
0.09,97.5,81.0,84.64,2.72,2.46,0.0092,0.0046,0.0385,0.1301,0
0.09,97.5,81.0,84.64,2.72,2.46,0.062,0.0046,0.0413,0.1186,0
0.09,97.5,81.0,84.64,2.72,2.46,0.062,0.0046,0.0486,0.1187,0
0.09,97.5,81.0,84.64,2.72,2.46,0.062,0.0046,0.0529,0.1189,0
0.09,97.5,81.0,84.64,2.72,2.46,0.0084,0.0042,0.0275,0.0884,0
0.09,97.5,81.0,84.64,2.72,2.46,0.0084,0.0042,0.0357,0.0886,0
0.09,97.5,81.0,84.64,2.72,2.46,0.0084,0.0042,0.0391,0.0887,0
0.09,97.5,81.0,84.64,2.72,2.46,0.0089,0.0045,0.0286,0.0932,0
0.09,97.5,81.0,84.64,2.72,2.46,0.0089,0.0045,0.0317,0.0934,0
0.08,97.5,81.0,84.64,1.41,1.73,0.0089,0.0045,0.0454,0.0935,0
0.08,97.5,97.0,85.17,1.41,1.73,0.0675,0.004,0.0642,0.0881,0
0.08,97.5,97.0,85.17,1.41,1.73,0.0675,0.004,0.0809,0.0883,0
0.08,97.5,97.0,85.17,1.41,1.73,0.0675,0.004,0.0943,0.0885,1
0.08,97.5,97.0,85.17,1.41,1.73,0.008,0.004,0.131,0.1148,1
0.08,97.5,97.0,85.17,1.41,1.73,0.008,0.004,0.1377,0.115,1
0.08,97.5,97.0,85.17,1.41,1.73,0.008,0.004,0.1535,0.1152,1
0.08,97.5,97.0,85.17,1.41,1.73,0.0081,0.0041,0.1339,0.0978,1
0.08,97.5,97.0,85.17,1.41,1.73,0.0081,0.0041,0.143,0.098,1
0.08,97.5,97.0,85.17,1.41,1.73,0.0081,0.0041,0.1567,0.0981,1
0.08,99.25,94.0,85.27,1.41,1.73,0.067,0.0042,0.0444,0.1087,0
0.08,99.25,94.0,85.27,1.41,1.73,0.067,0.0042,0.0515,0.1089,0
0.08,99.25,94.0,85.27,1.41,1.73,0.067,0.0042,0.0583,0.1098,0
0.08,99.25,94.0,85.27,1.41,1.73,0.0085,0.0043,0.0245,0.089,0
0.08,99.25,94.0,85.27,1.41,1.73,0.0085,0.0043,0.0305,0.0892,0
0.08,99.25,94.0,85.27,1.41,1.73,0.0085,0.0043,0.0459,0.0894,0
0.08,99.25,94.0,85.27,1.41,1.73,0.009,0.0045,0.0528,0.1007,0
0.08,99.25,94.0,85.27,1.41,1.73,0.009,0.0045,0.0585,0.1009,0
0.08,99.25,94.0,85.27,1.41,1.73,0.009,0.0045,0.0636,0.101,0
0.08,99.25,94.0,85.27,1.41,1.73,0.0517,0.0041,0.0523,0.0678,0
0.08,99.25,94.0,85.27,1.41,1.73,0.0517,0.0041,0.0565,0.0681,0
0.08,99.25,94.0,85.27,1.41,1.73,0.0517,0.0041,0.0708,0.0682,1
0.08,98.5,84.0,84.94,1.41,1.73,0.0083,0.0042,0.0301,0.0907,0
0.08,98.5,84.0,84.94,1.41,1.73,0.0083,0.0042,0.0362,0.0909,0
0.08,98.5,84.0,84.94,1.41,1.73,0.0083,0.0042,0.0527,0.0911,0
0.08,98.5,84.0,84.94,1.41,1.73,0.0082,0.0041,0.0261,0.1725,0
0.08,98.5,84.0,84.94,1.41,1.73,0.0082,0.0041,0.0387,0.1726,0
0.08,98.5,84.0,84.94,1.41,1.73,0.0082,0.0041,0.0414,0.1727,0
0.08,98.5,84.0,84.94,1.41,1.73,0.055,0.0042,0.0322,0.0879,0
0.08,98.5,84.0,84.94,1.15,1.36,0.055,0.0042,0.0444,0.0881,0
0.08,98.5,84.0,84.94,1.15,1.36,0.055,0.0042,0.061,0.0882,0
0.08,97.75,99.0,84.76,1.15,1.36,0.0091,0.0045,0.0297,0.0865,0
0.08,97.75,99.0,84.76,1.15,1.36,0.0091,0.0045,0.0323,0.0867,0
0.08,97.75,99.0,84.76,1.15,1.36,0.0091,0.0045,0.0514,0.087,0
0.08,97.75,99.0,84.76,1.15,1.36,0.0091,0.0046,0.0327,0.088,0
0.08,97.75,99.0,84.76,1.15,1.36,0.0091,0.0046,0.0383,0.0882,0
0.08,97.75,99.0,84.76,1.15,1.36,0.0091,0.0046,0.0459,0.0883,0
0.08,97.75,99.0,84.76,1.15,1.36,0.0501,0.0044,0.0534,0.0916,0
0.08,97.75,99.0,84.76,1.15,1.36,0.0501,0.0044,0.0558,0.0919,0
0.08,97.75,99.0,84.76,1.15,1.36,0.0501,0.0044,0.0834,0.0982,0
0.08,97.75,99.0,84.76,1.15,1.36,0.0088,0.0044,0.0267,0.0917,0
0.08,97.75,99.0,84.76,1.15,1.36,0.0088,0.0044,0.0295,0.099,0
0.08,97.75,99.0,84.76,1.15,1.36,0.0088,0.0044,0.0322,0.0992,0
0.08,97.75,94.0,84.69,1.15,1.36,0.0093,0.0047,0.0166,0.0936,0
0.08,97.75,94.0,84.69,1.15,1.36,0.0093,0.0047,0.019,0.0938,0
0.08,97.75,94.0,84.69,1.15,1.36,0.0093,0.0047,0.0214,0.0939,0
0.08,97.75,94.0,84.69,1.15,1.36,0.0707,0.0046,0.0594,0.0759,0
0.08,97.75,94.0,84.69,1.15,1.36,0.0707,0.0046,0.0642,0.0762,0
0.08,97.75,94.0,84.69,1.15,1.36,0.0707,0.0046,0.0684,0.0763,0
0.08,97.75,94.0,84.69,1.15,1.36,0.008,0.004,0.0238,0.0907,0
0.08,97.75,94.0,84.69,1.15,1.36,0.008,0.004,0.0326,0.0909,0
0.08,97.75,94.0,84.69,1.15,1.36,0.008,0.004,0.0495,0.091,0
0.08,98.5,73.0,85.12,1.15,1.36,0.0092,0.0046,0.0232,0.0884,0
0.08,98.5,73.0,85.12,1.15,1.36,0.0092,0.0046,0.0256,0.0887,0
0.08,98.5,73.0,85.12,1.15,1.36,0.0092,0.0046,0.0557,0.0889,0
0.08,98.5,73.0,85.12,1.15,1.36,0.0559,0.0046,0.0472,0.1114,0
0.08,98.5,73.0,85.12,1.15,1.36,0.0559,0.0046,0.0637,0.1116,0
0.08,98.5,73.0,85.12,1.15,1.36,0.0559,0.0046,0.0673,0.1118,0
0.08,98.5,73.0,85.12,1.15,1.36,0.0092,0.0046,0.0351,0.0864,0
0.07,98.5,73.0,85.12,1.2,0.98,0.0092,0.0046,0.0464,0.0866,0
0.07,98.5,73.0,85.12,1.2,0.98,0.0092,0.0046,0.0493,0.0868,0
0.07,98.5,73.0,85.12,1.2,0.98,0.0095,0.0047,0.0564,0.1242,0
0.07,98.5,73.0,85.12,1.2,0.98,0.0095,0.0047,0.0593,0.1244,0
0.07,98.5,73.0,85.12,1.2,0.98,0.0095,0.0047,0.0622,0.1246,0
0.07,98.5,99.0,84.56,1.2,0.98,0.0522,0.0048,0.0579,0.0809,0
0.07,98.5,99.0,84.56,1.2,0.98,0.0522,0.0048,0.0606,0.0812,0
0.07,98.5,99.0,84.56,1.2,0.98,0.0522,0.0048,0.0675,0.0814,0
0.07,98.5,99.0,84.56,1.2,0.98,0.0089,0.0045,0.021,,1
0.07,98.5,99.0,84.56,1.2,0.98,0.0089,0.0045,0.0246,,1
0.07,98.5,99.0,84.56,1.2,0.98,0.0089,0.0045,0.0273,,1
0.07,98.5,99.0,84.56,1.2,0.98,0.009,0.0045,0.0473,0.0579,0
0.07,98.5,99.0,84.56,1.2,0.98,0.009,0.0045,0.0647,0.0581,1
0.07,98.5,99.0,84.56,1.2,0.98,0.009,0.0045,0.0682,0.0582,1
0.07,98.5,99.0,84.56,1.2,0.98,0.0613,0.0047,0.0395,0.0984,0
0.07,98.5,99.0,84.56,1.2,0.98,0.0613,0.0047,0.0579,0.0986,0
0.07,98.5,99.0,84.56,1.2,0.98,0.0613,0.0047,0.0637,0.0987,0
0.07,97.75,63.0,84.64,1.2,0.98,0.0087,0.0044,0.0167,0.1019,0
0.07,97.75,63.0,84.64,1.2,0.98,0.0087,0.0044,0.0216,0.1021,0
0.07,97.75,63.0,84.64,1.2,0.98,0.0087,0.0044,0.0341,0.1022,0
0.07,97.75,63.0,84.64,1.2,0.98,0.0093,0.0046,0.0463,0.0939,0
0.07,97.75,63.0,84.64,1.2,0.98,0.0093,0.0046,0.0534,0.0941,0
0.07,97.75,63.0,84.64,1.2,0.98,0.0093,0.0046,0.0707,0.0942,0
0.07,97.75,63.0,84.64,1.2,0.98,0.0611,0.0046,0.0347,0.0738,0
0.07,97.75,63.0,84.64,1.2,0.98,0.0611,0.0046,0.0584,0.074,0
0.07,97.75,63.0,84.64,1.2,0.98,0.0611,0.0046,0.0613,0.0742,0
0.07,97.75,75.0,84.64,1.2,0.98,0.0089,0.0045,0.0312,0.0789,0
0.07,97.75,75.0,84.64,1.2,0.98,0.0089,0.0045,0.0351,0.0791,0
0.07,97.75,75.0,84.64,1.2,0.98,0.0089,0.0045,0.0471,0.0858,0
0.07,97.75,75.0,84.64,1.2,0.98,0.0082,0.0041,0.0314,0.092,0
0.07,97.75,75.0,84.64,1.2,0.98,0.0082,0.0041,0.0398,0.0922,0
0.07,97.75,75.0,84.64,1.2,0.98,0.0082,0.0041,0.0452,0.0924,0
0.09,97.75,75.0,84.64,9.45,1.73,0.0568,0.0042,0.0387,0.0588,0
0.09,97.75,75.0,84.64,9.45,1.73,0.0568,0.0042,0.058,0.059,0
0.09,97.75,75.0,84.64,9.45,1.73,0.0568,0.0042,0.0648,0.0593,1
0.09,97.75,75.0,84.64,9.45,1.73,0.0085,0.0042,0.022,0.0599,0
0.09,97.75,75.0,84.64,9.45,1.73,0.0085,0.0042,0.0251,0.0601,0
0.09,97.75,75.0,84.64,9.45,1.73,0.0085,0.0042,0.0283,0.0602,0
0.09,98.5,88.0,85.24,9.45,1.73,0.009,0.0045,0.0554,0.0865,0
0.09,98.5,88.0,85.24,9.45,1.73,0.009,0.0045,0.0629,0.0867,0
0.09,98.5,88.0,85.24,9.45,1.73,0.009,0.0045,0.0844,0.0868,0
0.09,98.5,88.0,85.24,9.45,1.73,0.0522,0.0045,0.0291,0.1005,0
0.09,98.5,88.0,85.24,9.45,1.73,0.0522,0.0045,0.0321,0.1007,0
0.09,98.5,88.0,85.24,9.45,1.73,0.0522,0.0045,0.035,0.1015,0
0.09,98.5,88.0,85.24,9.45,1.73,0.0087,0.0044,0.0219,0.09,0
0.09,98.5,88.0,85.24,9.45,1.73,0.0087,0.0044,0.0291,0.0902,0
0.09,98.5,88.0,85.24,9.45,1.73,0.0087,0.0044,0.0342,0.0903,0
0.09,99.0,93.0,85.14,9.45,1.73,0.0093,0.0047,,0.0866,1
0.09,99.0,93.0,85.14,9.45,1.73,0.0093,0.0047,,0.0868,1
0.09,99.0,93.0,85.14,9.45,1.73,0.0093,0.0047,,0.0869,1
0.09,99.0,93.0,85.14,9.45,1.73,0.0472,0.0042,0.0228,0.0897,0
0.09,99.0,93.0,85.14,9.45,1.73,0.0472,0.0042,0.0329,0.0899,0
0.09,99.0,93.0,85.14,9.45,1.73,0.0472,0.0042,0.0355,0.09,0
0.09,99.0,93.0,85.14,9.45,1.73,0.0082,0.0041,0.0245,0.0897,0
0.09,99.0,93.0,85.14,9.45,1.73,0.0082,0.0041,0.0268,0.0899,0
0.09,99.0,93.0,85.14,9.45,1.73,0.0082,0.0041,0.0387,0.09,0
0.09,99.0,93.0,85.14,9.45,1.73,0.0094,0.0047,0.0203,0.0609,0
0.09,99.0,93.0,85.14,9.45,1.73,0.0094,0.0047,0.0348,0.0611,0
0.09,99.0,93.0,85.14,9.45,1.73,0.0094,0.0047,0.0376,0.0612,0
0.09,99.25,95.0,85.19,9.45,1.73,0.0396,0.0042,0.0572,0.2214,0
0.09,99.25,95.0,85.19,9.45,1.73,0.0396,0.0042,0.0618,0.2216,0
0.08,99.25,95.0,85.19,2.78,2.32,0.0396,0.0042,0.0859,0.2217,0
0.08,99.25,95.0,85.19,2.78,2.32,0.008,0.004,0.0447,0.1404,0
0.08,99.25,95.0,85.19,2.78,2.32,0.008,0.004,0.0528,0.1406,0
0.08,99.25,95.0,85.19,2.78,2.32,0.008,0.004,0.055,0.1407,0
0.08,99.25,95.0,85.19,2.78,2.32,0.008,0.004,0.0213,0.0952,0
0.08,99.25,95.0,85.19,2.78,2.32,0.008,0.004,0.0259,0.0956,0
0.08,99.25,95.0,85.19,2.78,2.32,0.008,0.004,0.0304,0.0958,0
0.08,99.25,95.0,85.19,2.78,2.32,0.0521,0.0042,0.0597,0.1023,0
0.08,99.25,95.0,85.19,2.78,2.32,0.0521,0.0042,0.0695,0.1025,0
0.08,99.25,95.0,85.19,2.78,2.32,0.0521,0.0042,0.096,0.1026,0
0.08,97.75,98.0,84.64,2.78,2.32,0.0083,0.0042,0.0398,0.1018,0
0.08,97.75,98.0,84.64,2.78,2.32,0.0083,0.0042,0.0471,0.102,0
0.08,97.75,98.0,84.64,2.78,2.32,0.0083,0.0042,0.057,0.1021,0
0.08,97.75,98.0,84.64,2.78,2.32,0.0086,0.0043,0.0684,0.1007,0
0.08,97.75,98.0,84.64,2.78,2.32,0.0086,0.0043,0.0709,0.1009,0
0.08,97.75,98.0,84.64,2.78,2.32,0.0086,0.0043,0.0923,0.1011,0
0.08,97.75,98.0,84.64,2.78,2.32,0.0685,0.0045,0.0624,0.1062,0
0.08,97.75,98.0,84.64,2.78,2.32,0.0685,0.0045,0.0659,0.1064,0
0.08,97.75,98.0,84.64,2.78,2.32,0.0685,0.0045,0.0699,0.1066,0
0.08,97.75,98.0,84.64,2.78,2.32,0.0093,0.0046,0.0319,0.0826,0
0.08,97.75,98.0,84.64,2.78,2.32,0.0093,0.0046,0.0369,0.0828,0
0.08,97.75,98.0,84.64,2.78,2.32,0.0093,0.0046,0.0415,0.083,0
0.08,100.0,97.0,84.64,2.78,2.32,0.0089,0.0044,0.0353,0.1305,0
0.08,100.0,97.0,84.64,2.78,2.32,0.0089,0.0044,0.0377,0.1309,0
0.08,100.0,97.0,84.64,2.78,2.32,0.0089,0.0044,0.0504,0.1311,0
0.08,100.0,97.0,84.64,2.78,2.32,0.0509,0.0041,0.0325,0.0681,0
0.08,100.0,97.0,84.64,2.78,2.32,0.0509,0.0041,0.0497,0.0683,0
0.08,100.0,97.0,84.64,2.78,2.32,0.0509,0.0041,0.0609,0.0686,0
0.08,100.0,97.0,84.64,2.78,2.32,0.0082,0.0041,0.0294,0.0912,0
0.08,100.0,97.0,84.64,2.78,2.32,0.0082,0.0041,0.0386,0.0914,0
0.08,100.0,97.0,84.64,2.78,2.32,0.0082,0.0041,0.0468,0.0915,0
0.08,99.25,97.0,84.74,2.78,2.32,0.0092,0.0046,0.0177,0.0901,0
0.08,99.25,97.0,84.74,2.78,2.32,0.0092,0.0046,0.0232,0.0903,0
0.08,99.25,97.0,84.74,1.17,2.45,0.0092,0.0046,0.0462,0.0904,0
0.08,99.25,97.0,84.74,1.17,2.45,0.0435,0.0044,0.031,0.0725,0
0.08,99.25,97.0,84.74,1.17,2.45,0.0435,0.0044,0.0346,0.0727,0
0.08,99.25,97.0,84.74,1.17,2.45,0.0435,0.0044,0.0412,0.073,0
0.08,99.25,97.0,84.74,1.17,2.45,0.0089,0.0045,0.0219,0.0884,0
0.08,99.25,97.0,84.74,1.17,2.45,0.0089,0.0045,0.0251,0.0886,0
0.08,99.25,97.0,84.74,1.17,2.45,0.0089,0.0045,0.0309,0.0888,0
0.08,98.5,91.0,85.17,1.17,2.45,0.0087,0.0044,0.1581,0.0875,1
0.08,98.5,91.0,85.17,1.17,2.45,0.0087,0.0044,0.1691,0.0877,1
0.08,98.5,91.0,85.17,1.17,2.45,0.0087,0.0044,0.1844,0.0878,1
0.08,98.5,91.0,85.17,1.17,2.45,0.0566,0.0041,0.0892,0.0901,0
0.08,98.5,91.0,85.17,1.17,2.45,0.0566,0.0041,0.0984,0.0903,1
0.08,98.5,91.0,85.17,1.17,2.45,0.0566,0.0041,0.1059,0.0904,1
0.08,98.5,91.0,85.17,1.17,2.45,0.0075,0.0038,0.0329,0.0762,0
0.08,98.5,91.0,85.17,1.17,2.45,0.0075,0.0038,0.04,0.0764,0
0.08,98.5,91.0,85.17,1.17,2.45,0.0075,0.0038,0.0455,0.0766,0
0.08,97.25,97.0,85.02,1.17,2.45,0.009,0.0045,0.0324,0.1093,0
0.08,97.25,97.0,85.02,1.17,2.45,0.009,0.0045,0.0424,0.1095,0
0.08,97.25,97.0,85.02,1.17,2.45,0.009,0.0045,0.0565,0.1096,0
0.08,97.25,97.0,85.02,1.17,2.45,0.038,0.004,0.0405,0.0892,0
0.08,97.25,97.0,85.02,1.17,2.45,0.038,0.004,0.05,0.0894,0
0.08,97.25,97.0,85.02,1.17,2.45,0.038,0.004,0.0651,0.0897,0
0.08,97.25,97.0,85.02,1.17,2.45,0.0085,0.0043,0.038,0.0905,0
0.08,97.25,97.0,85.02,1.17,2.45,0.0085,0.0043,0.0433,0.0907,0
0.08,97.25,97.0,85.02,1.17,2.45,0.0085,0.0043,0.0454,0.0909,0
0.08,97.25,97.0,85.02,1.17,2.45,0.0088,0.0044,0.0477,0.1236,0
0.08,97.25,97.0,85.02,1.17,2.45,0.0088,0.0044,0.0619,0.1238,0
0.08,97.25,97.0,85.02,1.17,2.45,0.0088,0.0044,0.0669,0.1239,0
0.08,98.5,99.0,85.34,2.19,2.27,0.062,0.0045,0.0926,0.1157,0
0.08,98.5,99.0,85.34,2.19,2.27,0.062,0.0045,0.0952,0.1159,0
0.08,98.5,99.0,85.34,2.19,2.27,0.062,0.0045,0.0991,0.116,0
0.08,98.5,99.0,85.34,2.19,2.27,0.0092,0.0046,0.0163,0.0701,0
0.08,98.5,99.0,85.34,2.19,2.27,0.0092,0.0046,0.0193,0.0703,0
0.08,98.5,99.0,85.34,2.19,2.27,0.0092,0.0046,0.0219,0.0704,0
0.08,98.5,99.0,85.34,2.19,2.27,0.0085,0.0042,0.0229,0.1091,0
0.08,98.5,99.0,85.34,2.19,2.27,0.0085,0.0042,0.0264,0.1135,0
0.08,98.5,99.0,85.34,2.19,2.27,0.0085,0.0042,0.0358,0.1136,0
0.08,98.5,99.0,85.34,2.19,2.27,0.055,0.0043,0.0336,0.0855,0
0.08,98.5,99.0,85.34,2.19,2.27,0.055,0.0043,0.0475,0.0856,0
0.08,98.5,99.0,85.34,2.19,2.27,0.055,0.0043,0.0717,0.0858,0
0.08,97.75,93.0,85.02,2.19,2.27,0.0086,0.0043,0.0665,0.0805,0
0.08,97.75,93.0,85.02,2.19,2.27,0.0086,0.0043,0.0886,0.0806,1
0.08,97.75,93.0,85.02,2.19,2.27,0.0086,0.0043,0.0955,0.0808,1
0.08,97.75,93.0,85.02,2.19,2.27,0.0088,0.0044,0.0597,0.0687,0
0.08,97.75,93.0,85.02,2.19,2.27,0.0088,0.0044,0.0628,0.0689,0
0.08,97.75,93.0,85.02,2.19,2.27,0.0088,0.0044,0.0666,0.0691,0
0.08,97.75,93.0,85.02,2.19,2.27,0.0503,0.0044,0.0583,0.0702,0
0.08,97.75,93.0,85.02,2.19,2.27,0.0503,0.0044,0.0619,0.0703,0
0.08,97.75,93.0,85.02,2.19,2.27,0.0503,0.0044,0.0699,0.0705,0
0.08,97.75,93.0,85.02,2.19,2.27,0.0088,0.0044,0.0177,0.063,0
0.08,97.75,93.0,85.02,2.19,2.27,0.0088,0.0044,0.02,0.0633,0
0.08,97.75,93.0,85.02,2.19,2.27,0.0088,0.0044,0.0291,0.0634,0
0.08,98.5,99.0,84.71,2.19,2.27,0.0088,0.0044,0.0182,0.0849,0
0.08,98.5,99.0,84.71,2.19,2.27,0.0088,0.0044,0.0282,0.0851,0
0.08,98.5,99.0,84.71,2.19,2.27,0.0088,0.0044,0.0307,0.0853,0
0.08,98.5,99.0,84.71,2.19,2.27,0.0521,0.0046,0.0298,0.088,0
0.08,98.5,99.0,84.71,2.19,2.27,0.0521,0.0046,0.0417,0.0882,0
0.08,98.5,99.0,84.71,2.19,2.27,0.0521,0.0046,0.0547,0.0884,0
0.08,98.5,99.0,84.71,2.19,2.27,0.0085,0.0043,0.0404,0.071,0
0.08,98.5,99.0,84.71,2.19,2.27,0.0085,0.0043,0.0474,0.072,0
0.08,98.5,99.0,84.71,2.19,2.27,0.0085,0.0043,0.0625,0.0722,0
0.09,98.5,99.0,84.71,1.25,2.08,0.0091,0.0045,0.0382,0.0896,0
0.09,98.5,99.0,84.71,1.25,2.08,0.0091,0.0045,0.0404,0.0898,0
0.09,98.5,99.0,84.71,1.25,2.08,0.0091,0.0045,0.047,0.0899,0
0.09,99.25,94.0,85.27,1.25,2.08,0.0534,0.0044,0.0407,0.0864,0
0.09,99.25,94.0,85.27,1.25,2.08,0.0534,0.0044,0.0459,0.0872,0
0.09,99.25,94.0,85.27,1.25,2.08,0.0534,0.0044,0.0572,0.0874,0
0.09,99.25,94.0,85.27,1.25,2.08,0.0082,0.0041,0.0157,0.0703,0
0.09,99.25,94.0,85.27,1.25,2.08,0.0082,0.0041,0.0237,0.0705,0
0.09,99.25,94.0,85.27,1.25,2.08,0.0082,0.0041,0.0423,0.0708,0
0.09,99.25,94.0,85.27,1.25,2.08,0.0085,0.0042,0.0346,0.0724,0
0.09,99.25,94.0,85.27,1.25,2.08,0.0085,0.0042,0.0576,0.0726,0
0.09,99.25,94.0,85.27,1.25,2.08,0.0085,0.0042,0.061,0.0727,0
0.09,99.25,94.0,85.27,1.25,2.08,0.0533,0.0042,0.0623,0.0884,0
0.09,99.25,94.0,85.27,1.25,2.08,0.0533,0.0042,0.0737,0.0886,0
0.09,99.25,94.0,85.27,1.25,2.08,0.0533,0.0042,0.0772,0.0887,0
0.09,98.5,86.0,84.56,1.25,2.08,0.0084,0.0042,0.0367,0.0728,0
0.09,98.5,86.0,84.56,1.25,2.08,0.0084,0.0042,0.0434,0.073,0
0.09,98.5,86.0,84.56,1.25,2.08,0.0084,0.0042,0.0548,0.0732,0
0.09,98.5,86.0,84.56,1.25,2.08,0.0079,0.004,0.0251,0.0874,0
0.09,98.5,86.0,84.56,1.25,2.08,0.0079,0.004,0.0319,0.0876,0
0.09,98.5,86.0,84.56,1.25,2.08,0.0079,0.004,0.0381,0.0877,0
0.09,98.5,86.0,84.56,1.25,2.08,0.0566,0.004,0.0326,0.0932,0
0.09,98.5,86.0,84.56,1.25,2.08,0.0566,0.004,0.0405,0.0942,0
0.09,98.5,86.0,84.56,1.25,2.08,0.0566,0.004,0.0537,0.0943,0
0.09,98.5,83.0,84.61,1.25,2.08,0.0089,0.0045,0.0347,0.0741,0
0.09,98.5,83.0,84.61,1.25,2.08,0.0089,0.0045,0.0379,0.0743,0
0.09,98.5,83.0,84.61,1.25,2.08,0.0089,0.0045,0.0528,0.0746,0
0.09,98.5,83.0,84.61,1.25,2.08,0.0084,0.0042,0.0179,0.1091,0
0.09,98.5,83.0,84.61,1.25,2.08,0.0084,0.0042,0.021,0.1095,0
0.09,98.5,83.0,84.61,1.25,2.08,0.0084,0.0042,0.0238,0.1097,0
0.09,98.5,83.0,84.61,1.25,2.08,0.0574,0.0041,0.0267,0.07,0
0.09,98.5,83.0,84.61,1.25,2.08,0.0574,0.0041,0.0326,0.0702,0
0.07,98.5,83.0,84.61,1.47,2.05,0.0574,0.0041,0.0495,0.0704,0
0.07,98.5,83.0,84.61,1.47,2.05,0.0083,0.0041,0.0268,0.0648,0
0.07,98.5,83.0,84.61,1.47,2.05,0.0083,0.0041,0.032,0.0651,0
0.07,98.5,83.0,84.61,1.47,2.05,0.0083,0.0041,0.0539,0.0661,0
0.07,97.75,93.0,84.66,1.47,2.05,0.0093,0.0047,0.0281,0.1106,0
0.07,97.75,93.0,84.66,1.47,2.05,0.0093,0.0047,0.0329,0.1116,0
0.07,97.75,93.0,84.66,1.47,2.05,0.0093,0.0047,0.0389,0.1118,0
0.07,97.75,93.0,84.66,1.47,2.05,0.0542,0.0044,0.0435,0.0828,0
0.07,97.75,93.0,84.66,1.47,2.05,0.0542,0.0044,0.0547,0.0833,0
0.07,97.75,93.0,84.66,1.47,2.05,0.0542,0.0044,0.0652,0.0835,0
0.07,97.75,93.0,84.66,1.47,2.05,0.0089,0.0045,0.0273,0.0863,0
0.07,97.75,93.0,84.66,1.47,2.05,0.0089,0.0045,0.0319,0.0865,0
0.07,97.75,93.0,84.66,1.47,2.05,0.0089,0.0045,0.0365,0.0867,0
0.07,97.75,93.0,84.66,1.47,2.05,0.0087,0.0043,0.0671,0.1017,0
0.07,97.75,93.0,84.66,1.47,2.05,0.0087,0.0043,0.075,0.1019,0
0.07,97.75,93.0,84.66,1.47,2.05,0.0087,0.0043,0.0919,0.102,0
0.07,98.5,91.0,85.12,1.47,2.05,0.0635,0.0044,0.0652,0.0831,0
0.07,98.5,91.0,85.12,1.47,2.05,0.0635,0.0044,0.0912,0.0833,1
0.07,98.5,91.0,85.12,1.47,2.05,0.0635,0.0044,0.1002,0.0835,1
0.07,98.5,91.0,85.12,1.47,2.05,0.0089,0.0044,0.033,0.0896,0
0.07,98.5,91.0,85.12,1.47,2.05,0.0089,0.0044,0.035,0.0898,0
0.07,98.5,91.0,85.12,1.47,2.05,0.0089,0.0044,0.0431,0.0899,0
0.07,98.5,91.0,85.12,1.47,2.05,0.0089,0.0044,0.019,0.0906,0
0.07,98.5,91.0,85.12,1.47,2.05,0.0089,0.0044,0.0214,0.0908,0
0.07,98.5,91.0,85.12,1.47,2.05,0.0089,0.0044,0.0241,0.0909,0
0.07,98.5,91.0,85.12,1.47,2.05,0.0412,0.004,0.0541,0.1825,0
0.07,98.5,91.0,85.12,1.47,2.05,0.0412,0.004,0.0568,0.1827,0
0.07,98.5,91.0,85.12,1.47,2.05,0.0412,0.004,0.0682,0.1828,0
0.07,98.5,97.0,85.24,1.47,2.05,0.0085,0.0042,0.0375,0.113,0
0.07,98.5,97.0,85.24,1.47,2.05,0.0085,0.0042,0.0419,0.1132,0
0.07,98.5,97.0,85.24,1.47,2.05,0.0085,0.0042,0.0556,0.1133,0
0.08,98.5,97.0,85.24,1.24,2.02,0.0088,0.0044,0.0313,0.0981,0
0.08,98.5,97.0,85.24,1.24,2.02,0.0088,0.0044,0.0389,0.0983,0
0.08,98.5,97.0,85.24,1.24,2.02,0.0088,0.0044,0.0542,0.0984,0
0.08,98.5,97.0,85.24,1.24,2.02,0.0416,0.0045,0.0234,0.0941,0
0.08,98.5,97.0,85.24,1.24,2.02,0.0416,0.0045,0.0258,0.0943,0
0.08,98.5,97.0,85.24,1.24,2.02,0.0416,0.0045,0.0339,0.0945,0
0.08,100.0,94.0,84.69,1.24,2.02,0.0086,0.0043,0.0213,0.0844,0
0.08,100.0,94.0,84.69,1.24,2.02,0.0086,0.0043,0.0234,0.0846,0
0.08,100.0,94.0,84.69,1.24,2.02,0.0086,0.0043,0.0485,0.0848,0
0.08,100.0,94.0,84.69,1.24,2.02,0.0081,0.004,0.0172,0.081,0
0.08,100.0,94.0,84.69,1.24,2.02,0.0081,0.004,0.0239,0.0812,0
0.08,100.0,94.0,84.69,1.24,2.02,0.0081,0.004,0.0317,0.0813,0
0.08,100.0,94.0,84.69,1.24,2.02,0.0516,0.004,0.0245,0.0946,0
0.08,100.0,94.0,84.69,1.24,2.02,0.0516,0.004,0.035,0.0949,0
0.08,100.0,94.0,84.69,1.24,2.02,0.0516,0.004,0.0412,0.0952,0
0.08,100.0,94.0,84.69,1.24,2.02,0.0087,0.0044,0.0241,0.0864,0
0.08,100.0,94.0,84.69,1.24,2.02,0.0087,0.0044,0.0294,0.0866,0
0.08,100.0,94.0,84.69,1.24,2.02,0.0087,0.0044,0.0392,0.0867,0
0.08,98.5,93.0,84.66,1.24,2.02,0.0094,0.0047,0.0283,0.0744,0
0.08,98.5,93.0,84.66,1.24,2.02,0.0094,0.0047,0.0326,0.0746,0
0.08,98.5,93.0,84.66,1.24,2.02,0.0094,0.0047,0.0377,0.0749,0
0.08,98.5,93.0,84.66,1.24,2.02,0.0507,0.0042,0.0273,0.0756,0
0.08,98.5,93.0,84.66,1.24,2.02,0.0507,0.0042,0.0594,0.0758,0
0.08,98.5,93.0,84.66,1.24,2.02,0.0507,0.0042,0.0719,0.0767,0
0.08,98.5,93.0,84.66,1.24,2.02,0.009,0.0045,0.0464,0.1027,0
0.08,98.5,93.0,84.66,1.24,2.02,0.009,0.0045,0.0534,0.103,0
0.08,98.5,93.0,84.66,1.24,2.02,0.009,0.0045,0.0631,0.1031,0
0.08,98.25,90.0,84.71,1.24,2.02,0.0094,0.0047,0.0372,0.083,0
0.08,98.25,90.0,84.71,1.24,2.02,0.0094,0.0047,0.0393,0.0832,0
0.08,98.25,90.0,84.71,1.24,2.02,0.0094,0.0047,0.0415,0.0833,0
0.08,98.25,90.0,84.71,5.72,2.28,0.0469,0.0045,0.0372,0.0818,0
0.08,98.25,90.0,84.71,5.72,2.28,0.0469,0.0045,0.0488,0.082,0
0.08,98.25,90.0,84.71,5.72,2.28,0.0469,0.0045,0.0641,0.0821,0
0.08,98.25,90.0,84.71,5.72,2.28,0.0083,0.0042,0.024,0.089,0
0.08,98.25,90.0,84.71,5.72,2.28,0.0083,0.0042,0.0306,0.0891,0
0.08,98.25,90.0,84.71,5.72,2.28,0.0083,0.0042,0.0459,0.0893,0
0.08,98.25,90.0,84.71,5.72,2.28,0.0086,0.0043,0.0254,0.0944,0
0.08,98.25,90.0,84.71,5.72,2.28,0.0086,0.0043,0.028,0.0946,0
0.08,98.25,90.0,84.71,5.72,2.28,0.0086,0.0043,0.0314,0.0949,0
0.08,98.5,92.0,84.84,5.72,2.28,0.0638,0.0047,0.0302,0.0967,0
0.08,98.5,92.0,84.84,5.72,2.28,0.0638,0.0047,0.038,0.0969,0
0.08,98.5,92.0,84.84,5.72,2.28,0.0638,0.0047,0.047,0.097,0
0.08,98.5,92.0,84.84,5.72,2.28,0.0091,0.0046,0.1976,0.0643,1
0.08,98.5,92.0,84.84,5.72,2.28,0.0091,0.0046,0.2336,0.0645,1
0.08,98.5,92.0,84.84,5.72,2.28,0.0091,0.0046,0.2392,0.0646,1
0.08,98.5,99.0,85.07,5.72,2.28,0.0085,0.0042,0.1611,0.0927,1
0.08,98.5,99.0,85.07,5.72,2.28,0.0085,0.0042,0.1667,0.0929,1
0.08,98.5,99.0,85.07,5.72,2.28,0.0085,0.0042,0.1875,0.0931,1
0.08,98.5,99.0,85.07,5.72,2.28,0.0521,0.0044,0.0783,0.0795,0
0.08,98.5,99.0,85.07,5.72,2.28,0.0521,0.0044,0.0835,0.0797,1
0.08,98.5,99.0,85.07,5.72,2.28,0.0521,0.0044,0.0877,0.0798,1
0.08,98.5,99.0,85.07,5.72,2.28,0.008,0.004,0.0382,0.0696,0
0.08,98.5,99.0,85.07,5.72,2.28,0.008,0.004,0.0406,0.0698,0
0.08,98.5,99.0,85.07,5.72,2.28,0.008,0.004,0.0431,0.07,0
0.08,98.5,99.0,85.07,5.72,2.28,0.009,0.0045,0.0217,0.0972,0
0.08,98.5,99.0,85.07,5.72,2.28,0.009,0.0045,0.0274,0.0975,0
0.08,98.5,99.0,85.07,5.72,2.28,0.009,0.0045,0.0328,0.0977,0
0.08,100.0,99.0,84.69,1.15,2.58,0.0522,0.0043,0.0354,0.0808,0
0.08,100.0,99.0,84.69,1.15,2.58,0.0522,0.0043,0.0417,0.081,0
0.08,100.0,99.0,84.69,1.15,2.58,0.0522,0.0043,0.0662,0.0812,0
0.08,100.0,99.0,84.69,1.15,2.58,0.0085,0.0042,0.0229,0.0869,0
0.08,100.0,99.0,84.69,1.15,2.58,0.0085,0.0042,0.0277,0.0871,0
0.08,100.0,99.0,84.69,1.15,2.58,0.0085,0.0042,0.0303,0.0875,0
0.08,100.0,99.0,84.69,1.15,2.58,0.0091,0.0046,0.0188,0.0909,0
0.08,100.0,99.0,84.69,1.15,2.58,0.0091,0.0046,0.0231,0.0925,0
0.08,100.0,99.0,84.69,1.15,2.58,0.0091,0.0046,0.0261,0.0927,0
0.08,100.0,99.0,84.69,1.15,2.58,0.0487,0.0045,0.0311,0.0974,0
0.08,100.0,99.0,84.69,1.15,2.58,0.0487,0.0045,0.0507,0.0979,0
0.08,100.0,99.0,84.69,1.15,2.58,0.0487,0.0045,0.0551,0.0981,0
0.08,98.5,32.0,84.69,1.15,2.58,0.0085,0.0043,0.0299,0.0625,0
0.08,98.5,32.0,84.69,1.15,2.58,0.0085,0.0043,0.0442,0.0627,0
0.08,98.5,32.0,84.69,1.15,2.58,0.0085,0.0043,0.0522,0.0629,0
0.08,98.5,32.0,84.69,1.15,2.58,0.0088,0.0044,0.0268,0.0862,0
0.08,98.5,32.0,84.69,1.15,2.58,0.0088,0.0044,0.0314,0.0864,0
0.08,98.5,32.0,84.69,1.15,2.58,0.0088,0.0044,0.0398,0.0865,0
0.08,98.5,32.0,84.69,1.15,2.58,0.0463,0.0046,0.0588,0.0885,0
0.08,98.5,32.0,84.69,1.15,2.58,0.0463,0.0046,0.0674,0.0887,0
0.08,98.5,32.0,84.69,1.15,2.58,0.0463,0.0046,0.0802,0.0889,0
0.08,99.25,93.0,84.66,1.15,2.58,0.0092,0.0046,0.0388,0.0758,0
0.08,99.25,93.0,84.66,1.15,2.58,0.0092,0.0046,0.0557,0.0761,0
0.08,99.25,93.0,84.66,1.15,2.58,0.0092,0.0046,0.0691,0.0762,0
0.08,99.25,93.0,84.66,1.15,2.58,0.008,0.004,0.0264,0.1252,0
0.08,99.25,93.0,84.66,1.15,2.58,0.008,0.004,0.038,0.1254,0
0.08,99.25,93.0,84.66,1.15,2.58,0.008,0.004,0.0415,0.1255,0
0.08,99.25,93.0,84.66,1.15,2.58,0.0584,0.0044,0.0242,0.1006,0
0.08,99.25,93.0,84.66,1.15,2.58,0.0584,0.0044,0.0315,0.1008,0
0.08,99.25,93.0,84.66,1.15,2.58,0.0584,0.0044,0.0365,0.101,0
0.08,99.25,93.0,84.66,1.15,2.58,0.0087,0.0044,0.0411,0.1573,0
0.08,99.25,93.0,84.66,1.12,2.55,0.0087,0.0044,0.0483,0.1576,0
0.08,99.25,93.0,84.66,1.12,2.55,0.0087,0.0044,0.0545,0.1579,0
0.08,98.5,90.0,84.74,1.12,2.55,0.0093,0.0047,0.0254,0.1003,0
0.08,98.5,90.0,84.74,1.12,2.55,0.0093,0.0047,0.0296,0.1005,0
0.08,98.5,90.0,84.74,1.12,2.55,0.0093,0.0047,0.0337,0.1006,0
0.08,98.5,90.0,84.74,1.12,2.55,0.0646,0.0045,0.0248,0.081,0
0.08,98.5,90.0,84.74,1.12,2.55,0.0646,0.0045,0.0289,0.0812,0
0.08,98.5,90.0,84.74,1.12,2.55,0.0646,0.0045,0.0315,0.0816,0
0.08,98.5,90.0,84.74,1.12,2.55,0.0085,0.0042,0.021,0.0686,0
0.08,98.5,90.0,84.74,1.12,2.55,0.0085,0.0042,0.028,0.0688,0
0.08,98.5,90.0,84.74,1.12,2.55,0.0085,0.0042,0.0386,0.0689,0
0.08,98.5,90.0,84.74,1.12,2.55,0.0086,0.0043,0.0287,0.0878,0
0.08,98.5,90.0,84.74,1.12,2.55,0.0086,0.0043,0.0373,0.0883,0
0.08,98.5,90.0,84.74,1.12,2.55,0.0086,0.0043,0.0401,0.0884,0
0.08,98.5,88.0,85.22,1.12,2.55,0.0537,0.0042,0.0307,0.1421,0
0.08,98.5,88.0,85.22,1.12,2.55,0.0537,0.0042,0.0337,0.1425,0
0.08,98.5,88.0,85.22,1.12,2.55,0.0537,0.0042,0.0528,0.1426,0
0.08,98.5,88.0,85.22,1.12,2.55,0.0075,0.0038,0.047,0.1252,0
0.08,98.5,88.0,85.22,1.12,2.55,0.0075,0.0038,0.0504,0.1257,0
0.08,98.5,88.0,85.22,1.12,2.55,0.0075,0.0038,0.0541,0.1259,0
0.08,98.5,88.0,85.22,1.12,2.55,0.009,0.0045,0.0265,0.0887,0
0.08,98.5,88.0,85.22,1.12,2.55,0.009,0.0045,0.0321,0.0889,0
0.08,98.5,88.0,85.22,1.12,2.55,0.009,0.0045,0.0387,0.089,0
0.08,97.75,99.0,84.66,1.12,2.55,0.0591,0.0045,0.0209,0.0924,0
0.08,97.75,99.0,84.66,1.12,2.55,0.0591,0.0045,0.0265,0.0932,0
0.08,97.75,99.0,84.66,1.12,2.55,0.0591,0.0045,0.049,0.0933,0
0.08,97.75,99.0,84.66,1.12,2.55,0.0099,0.0049,0.019,0.0809,0
0.08,97.75,99.0,84.66,1.12,2.55,0.0099,0.0049,0.0292,0.0811,0
0.08,97.75,99.0,84.66,1.12,2.55,0.0099,0.0049,0.0392,0.0812,0
0.08,97.75,99.0,84.66,1.12,2.55,0.0087,0.0044,0.0226,0.1033,0
0.08,97.75,99.0,84.66,1.8,2.61,0.0087,0.0044,0.0391,0.1049,0
0.08,97.75,99.0,84.66,1.8,2.61,0.0087,0.0044,0.0481,0.105,0
0.08,97.75,99.0,84.66,1.8,2.61,0.0569,0.0041,0.046,0.0795,0
0.08,97.75,99.0,84.66,1.8,2.61,0.0569,0.0041,0.0602,0.0796,0
0.08,97.75,99.0,84.66,1.8,2.61,0.0569,0.0041,0.0701,0.0798,0
0.08,98.5,97.0,85.22,1.8,2.61,0.0091,0.0046,0.048,0.0933,0
0.08,98.5,97.0,85.22,1.8,2.61,0.0091,0.0046,0.0538,0.0936,0
0.08,98.5,97.0,85.22,1.8,2.61,0.0091,0.0046,0.0632,0.0937,0
0.08,98.5,97.0,85.22,1.8,2.61,0.0081,0.0041,0.0192,0.1025,0
0.08,98.5,97.0,85.22,1.8,2.61,0.0081,0.0041,0.0224,0.1027,0
0.08,98.5,97.0,85.22,1.8,2.61,0.0081,0.0041,0.0407,0.1029,0
0.08,98.5,97.0,85.22,1.8,2.61,0.0544,0.0044,0.0231,0.0908,0
0.08,98.5,97.0,85.22,1.8,2.61,0.0544,0.0044,0.0326,0.091,0
0.08,98.5,97.0,85.22,1.8,2.61,0.0544,0.0044,0.0533,0.0911,0
0.08,98.5,97.0,85.22,1.8,2.61,0.0089,0.0044,0.0152,0.0903,0
0.08,98.5,97.0,85.22,1.8,2.61,0.0089,0.0044,0.0179,0.0905,0
0.08,98.5,97.0,85.22,1.8,2.61,0.0089,0.0044,0.0361,0.0906,0
0.08,97.75,71.0,84.69,1.8,2.61,0.0085,0.0043,0.0231,0.0645,0
0.08,97.75,71.0,84.69,1.8,2.61,0.0085,0.0043,0.0255,0.0647,0
0.08,97.75,71.0,84.69,1.8,2.61,0.0085,0.0043,0.0374,0.0648,0
0.08,97.75,71.0,84.69,1.8,2.61,0.0527,0.0045,0.0407,0.077,0
0.08,97.75,71.0,84.69,1.8,2.61,0.0527,0.0045,0.0454,0.0773,0
0.08,97.75,71.0,84.69,1.8,2.61,0.0527,0.0045,0.0507,0.0775,0
0.08,97.75,71.0,84.69,1.8,2.61,0.0091,0.0046,0.0318,0.0908,0
0.08,97.75,71.0,84.69,1.8,2.61,0.0091,0.0046,0.036,0.091,0
0.08,97.75,71.0,84.69,1.8,2.61,0.0091,0.0046,0.0384,0.0912,0
0.08,98.5,84.0,84.74,1.8,2.61,0.0083,0.0042,0.0306,0.0962,0
0.08,98.5,84.0,84.74,1.8,2.61,0.0083,0.0042,0.0329,0.0965,0
0.08,98.5,84.0,84.74,1.8,2.61,0.0083,0.0042,0.0466,0.0966,0
0.08,98.5,84.0,84.74,1.8,2.61,0.0602,0.0045,0.0263,0.2316,0
0.08,98.5,84.0,84.74,1.8,2.61,0.0602,0.0045,0.0447,0.2318,0
0.08,98.5,84.0,84.74,1.8,2.61,0.0602,0.0045,0.0568,0.2319,0
0.07,98.5,84.0,84.74,1.48,1.89,0.0085,0.0043,0.0231,0.2423,0
0.07,98.5,84.0,84.74,1.48,1.89,0.0085,0.0043,0.0403,0.2425,0
0.07,98.5,84.0,84.74,1.48,1.89,0.0085,0.0043,0.048,0.2427,0
0.07,98.5,84.0,84.74,1.48,1.89,0.0088,0.0044,0.0253,0.0979,0
0.07,98.5,84.0,84.74,1.48,1.89,0.0088,0.0044,0.035,0.0981,0
0.07,98.5,84.0,84.74,1.48,1.89,0.0088,0.0044,0.0511,0.0984,0
0.07,98.5,63.0,85.27,1.48,1.89,0.0448,0.0042,0.0442,0.0934,0
0.07,98.5,63.0,85.27,1.48,1.89,0.0448,0.0042,0.0532,0.0936,0
0.07,98.5,63.0,85.27,1.48,1.89,0.0448,0.0042,0.0568,0.0939,0
0.07,98.5,63.0,85.27,1.48,1.89,0.0085,0.0043,0.0249,0.0854,0
0.07,98.5,63.0,85.27,1.48,1.89,0.0085,0.0043,0.0483,0.0857,0
0.07,98.5,63.0,85.27,1.48,1.89,0.0085,0.0043,0.0524,0.0858,0
0.07,98.5,63.0,85.27,1.48,1.89,0.009,0.0045,0.02,0.08,0
0.07,98.5,63.0,85.27,1.48,1.89,0.009,0.0045,0.0283,0.0802,0
0.07,98.5,63.0,85.27,1.48,1.89,0.009,0.0045,0.0472,0.0803,0
0.07,98.5,89.0,85.27,1.48,1.89,0.043,0.0041,0.0248,0.0877,0
0.07,98.5,89.0,85.27,1.48,1.89,0.043,0.0041,0.0404,0.0879,0
0.07,98.5,89.0,85.27,1.48,1.89,0.043,0.0041,0.0459,0.088,0
0.07,98.5,89.0,85.27,1.48,1.89,0.0085,0.0043,0.0499,0.0856,0
0.07,98.5,89.0,85.27,1.48,1.89,0.0085,0.0043,0.0522,0.0859,0
0.07,98.5,89.0,85.27,1.48,1.89,0.0085,0.0043,0.0544,0.086,0
0.07,98.5,89.0,85.27,1.48,1.89,0.0083,0.0042,0.0149,0.0915,0
0.07,98.5,89.0,85.27,1.48,1.89,0.0083,0.0042,0.0246,0.0917,0
0.07,98.5,89.0,85.27,1.48,1.89,0.0083,0.0042,0.0297,0.0918,0
0.07,98.5,89.0,85.27,1.48,1.89,0.0609,0.0049,0.0314,0.0943,0
0.07,98.5,89.0,85.27,1.48,1.89,0.0609,0.0049,0.0376,0.0945,0
0.07,98.5,89.0,85.27,1.48,1.89,0.0609,0.0049,0.0459,0.0946,0
0.07,98.5,97.0,85.19,1.48,1.89,0.0085,0.0043,0.03,0.0959,0
0.07,98.5,97.0,85.19,1.48,1.89,0.0085,0.0043,0.0518,0.105,0
0.07,98.5,97.0,85.19,1.48,1.89,0.0085,0.0043,0.0649,0.1051,0
0.08,98.5,97.0,85.19,1.29,1.3,0.0079,0.004,0.0253,0.0965,0
0.08,98.5,97.0,85.19,1.29,1.3,0.0079,0.004,0.0327,0.0967,0
0.08,98.5,97.0,85.19,1.29,1.3,0.0079,0.004,0.0574,0.0969,0
0.08,98.5,97.0,85.19,1.29,1.3,0.065,0.0043,0.0326,0.0734,0
0.08,98.5,97.0,85.19,1.29,1.3,0.065,0.0043,0.0409,0.0735,0
0.08,98.5,97.0,85.19,1.29,1.3,0.065,0.0043,0.0459,0.0736,0
0.08,97.0,94.0,84.66,1.29,1.3,0.0082,0.0041,0.0215,0.1053,0
0.08,97.0,94.0,84.66,1.29,1.3,0.0082,0.0041,0.0237,0.1056,0
0.08,97.0,94.0,84.66,1.29,1.3,0.0082,0.0041,0.0277,0.1057,0
0.08,97.0,94.0,84.66,1.29,1.3,0.0086,0.0043,0.037,0.0951,0
0.08,97.0,94.0,84.66,1.29,1.3,0.0086,0.0043,0.0405,0.0953,0
0.08,97.0,94.0,84.66,1.29,1.3,0.0086,0.0043,0.0662,0.1034,0
0.08,97.0,94.0,84.66,1.29,1.3,0.0605,0.0042,0.0467,0.0878,0
0.08,97.0,94.0,84.66,1.29,1.3,0.0605,0.0042,0.0495,0.0881,0
0.08,97.0,94.0,84.66,1.29,1.3,0.0605,0.0042,0.0673,0.0882,0
0.08,97.0,94.0,84.66,1.29,1.3,0.0089,0.0044,0.0389,0.0687,0
0.08,97.0,94.0,84.66,1.29,1.3,0.0089,0.0044,0.0432,0.0689,0
0.08,97.0,94.0,84.66,1.29,1.3,0.0089,0.0044,0.0546,0.0691,0
0.08,97.75,68.0,84.66,1.29,1.3,0.0082,0.0041,0.1222,0.0654,1
0.08,97.75,68.0,84.66,1.29,1.3,0.0082,0.0041,0.1273,0.0657,1
0.08,97.75,68.0,84.66,1.29,1.3,0.0082,0.0041,0.1403,0.0658,1
0.08,97.75,68.0,84.66,1.29,1.3,0.0646,0.0042,0.0323,0.0717,0
0.08,97.75,68.0,84.66,1.29,1.3,0.0646,0.0042,0.04,0.0719,0
0.08,97.75,68.0,84.66,1.29,1.3,0.0646,0.0042,0.0523,0.072,0
0.08,97.75,68.0,84.66,1.29,1.3,0.009,0.0045,0.0258,0.0781,0
0.08,97.75,68.0,84.66,1.29,1.3,0.009,0.0045,0.0289,0.0783,0
0.08,97.75,68.0,84.66,1.29,1.3,0.009,0.0045,0.0439,0.0785,0
0.08,99.25,90.0,85.24,1.29,1.3,0.0084,0.0042,0.0297,0.1134,0
0.07,99.25,90.0,85.24,1.19,1.16,0.0084,0.0042,0.0447,0.1136,0
0.07,99.25,90.0,85.24,1.19,1.16,0.0084,0.0042,0.0593,0.1138,0
0.07,99.25,90.0,85.24,1.19,1.16,0.0511,0.004,0.0365,0.0749,0
0.07,99.25,90.0,85.24,1.19,1.16,0.0511,0.004,0.0452,0.0751,0
0.07,99.25,90.0,85.24,1.19,1.16,0.0511,0.004,0.0519,0.0752,0
0.07,99.25,90.0,85.24,1.19,1.16,0.008,0.004,0.0314,0.1329,0
0.07,99.25,90.0,85.24,1.19,1.16,0.008,0.004,0.0346,0.1331,0
0.07,99.25,90.0,85.24,1.19,1.16,0.008,0.004,0.0467,0.1333,0
0.07,97.75,82.0,84.56,1.19,1.16,0.0085,0.0042,0.0562,0.1025,0
0.07,97.75,82.0,84.56,1.19,1.16,0.0085,0.0042,0.0825,0.1028,0
0.07,97.75,82.0,84.56,1.19,1.16,0.0085,0.0042,0.0979,0.103,0
0.07,97.75,82.0,84.56,1.19,1.16,0.0593,0.0042,0.0577,0.0775,0
0.07,97.75,82.0,84.56,1.19,1.16,0.0593,0.0042,0.0808,0.0779,1
0.07,97.75,82.0,84.56,1.19,1.16,0.0593,0.0042,0.093,0.078,1
0.07,97.75,82.0,84.56,1.19,1.16,0.0091,0.0045,0.0194,0.0621,0
0.07,97.75,82.0,84.56,1.19,1.16,0.0091,0.0045,0.0227,0.0624,0
0.07,97.75,82.0,84.56,1.19,1.16,0.0091,0.0045,0.0282,0.0625,0
0.07,97.75,82.0,84.56,1.19,1.16,0.009,0.0045,0.0271,0.1159,0
0.07,97.75,82.0,84.56,1.19,1.16,0.009,0.0045,0.0401,0.1161,0
0.07,97.75,82.0,84.56,1.19,1.16,0.009,0.0045,0.0442,0.1162,0
0.07,98.5,96.0,84.69,1.19,1.16,0.0663,0.0044,0.0568,0.0635,0
0.07,98.5,96.0,84.69,1.19,1.16,0.0663,0.0044,0.0615,0.0637,0
0.07,98.5,96.0,84.69,1.19,1.16,0.0663,0.0044,0.0832,0.0639,1
0.07,98.5,96.0,84.69,1.19,1.16,0.0085,0.0043,0.0254,0.097,0
0.07,98.5,96.0,84.69,1.19,1.16,0.0085,0.0043,0.0403,0.0972,0
0.07,98.5,96.0,84.69,1.19,1.16,0.0085,0.0043,0.0591,0.0975,0
0.07,98.5,96.0,84.69,1.19,1.16,0.0091,0.0045,0.0238,0.094,0
0.07,98.5,96.0,84.69,1.19,1.16,0.0091,0.0045,0.0441,0.0942,0
0.07,98.5,96.0,84.69,1.19,1.16,0.0091,0.0045,0.0567,0.0943,0
0.07,98.5,94.0,84.66,1.19,1.16,0.0566,0.0043,0.0288,0.1058,0
0.08,98.5,94.0,84.66,1.2,1.07,0.0566,0.0043,0.0502,0.106,0
0.08,98.5,94.0,84.66,1.2,1.07,0.0566,0.0043,0.0633,0.1065,0
0.08,98.5,94.0,84.66,1.2,1.07,0.0085,0.0043,0.0419,0.0823,0
0.08,98.5,94.0,84.66,1.2,1.07,0.0085,0.0043,0.0591,0.0825,0
0.08,98.5,94.0,84.66,1.2,1.07,0.0085,0.0043,0.0635,0.0827,0
0.08,98.5,94.0,84.66,1.2,1.07,0.0089,0.0045,0.0277,0.1227,0
0.08,98.5,94.0,84.66,1.2,1.07,0.0089,0.0045,0.0442,0.1229,0
0.08,98.5,94.0,84.66,1.2,1.07,0.0089,0.0045,0.0545,0.1231,0
0.08,98.5,94.0,84.66,1.2,1.07,0.0535,0.0046,0.0226,0.0819,0
0.08,98.5,94.0,84.66,1.2,1.07,0.0535,0.0046,0.0272,0.0821,0
0.08,98.5,94.0,84.66,1.2,1.07,0.0535,0.0046,0.0637,0.0822,0
0.08,98.5,92.0,84.66,1.2,1.07,0.0084,0.0042,0.0316,0.0654,0
0.08,98.5,92.0,84.66,1.2,1.07,0.0084,0.0042,0.043,0.0657,0
0.08,98.5,92.0,84.66,1.2,1.07,0.0084,0.0042,0.0524,0.0659,0
0.08,98.5,92.0,84.66,1.2,1.07,0.0095,0.0048,0.0261,0.0643,0
0.08,98.5,92.0,84.66,1.2,1.07,0.0095,0.0048,0.0285,0.0646,0
0.08,98.5,92.0,84.66,1.2,1.07,0.0095,0.0048,0.0347,0.065,0
0.08,98.5,92.0,84.66,1.2,1.07,0.0606,0.0044,0.0246,0.0951,0
0.08,98.5,92.0,84.66,1.2,1.07,0.0606,0.0044,0.0314,0.0952,0
0.08,98.5,92.0,84.66,1.2,1.07,0.0606,0.0044,0.0522,0.0955,0
0.08,98.5,92.0,84.66,1.2,1.07,0.0088,0.0044,0.0254,0.1004,0
0.08,98.5,92.0,84.66,1.2,1.07,0.0088,0.0044,0.0286,0.1006,0
0.08,98.5,92.0,84.66,1.2,1.07,0.0088,0.0044,0.0313,0.1007,0
0.08,97.5,92.0,84.61,1.2,1.07,0.0092,0.0046,0.021,0.0715,0
0.08,97.5,92.0,84.61,1.2,1.07,0.0092,0.0046,0.0276,0.0717,0
0.08,97.5,92.0,84.61,1.2,1.07,0.0092,0.0046,0.0458,0.0718,0
0.08,97.5,92.0,84.61,1.2,1.07,0.0542,0.0042,0.0323,0.0674,0
0.08,97.5,92.0,84.61,1.2,1.07,0.0542,0.0042,0.0446,0.0676,0
0.08,97.5,92.0,84.61,1.2,1.07,0.0542,0.0042,0.0558,0.0677,0
0.08,97.5,92.0,84.61,1.2,1.07,0.0092,0.0046,0.0367,0.1186,0
0.08,97.5,92.0,84.61,1.23,0.99,0.0092,0.0046,0.0479,0.1188,0
0.08,97.5,92.0,84.61,1.23,0.99,0.0092,0.0046,0.0549,0.119,0
0.08,98.5,96.0,84.69,1.23,0.99,0.0089,0.0044,0.0255,0.1081,0
0.08,98.5,96.0,84.69,1.23,0.99,0.0089,0.0044,0.0279,0.1083,0
0.08,98.5,96.0,84.69,1.23,0.99,0.0089,0.0044,0.0388,0.1085,0
0.08,98.5,96.0,84.69,1.23,0.99,0.0426,0.0039,0.0212,0.1772,0
0.08,98.5,96.0,84.69,1.23,0.99,0.0426,0.0039,0.0468,0.1774,0
0.08,98.5,96.0,84.69,1.23,0.99,0.0426,0.0039,0.0545,0.1775,0
0.08,98.5,96.0,84.69,1.23,0.99,0.0093,0.0046,0.0269,0.1837,0
0.08,98.5,96.0,84.69,1.23,0.99,0.0093,0.0046,0.0304,0.2046,0
0.08,98.5,96.0,84.69,1.23,0.99,0.0093,0.0046,0.0354,0.2048,0
0.08,98.5,96.0,84.69,1.23,0.99,0.0085,0.0042,0.0375,0.1681,0
0.08,98.5,96.0,84.69,1.23,0.99,0.0085,0.0042,0.0475,0.1683,0
0.08,98.5,96.0,84.69,1.23,0.99,0.0085,0.0042,0.0668,0.1684,0
0.08,100.0,84.0,85.22,1.23,0.99,0.0632,0.0041,0.0251,0.1663,0
0.08,100.0,84.0,85.22,1.23,0.99,0.0632,0.0041,0.0297,0.1665,0
0.08,100.0,84.0,85.22,1.23,0.99,0.0632,0.0041,0.0427,0.1666,0
0.08,100.0,84.0,85.22,1.23,0.99,0.009,0.0045,0.0336,0.1551,0
0.08,100.0,84.0,85.22,1.23,0.99,0.009,0.0045,0.0413,0.1559,0
0.08,100.0,84.0,85.22,1.23,0.99,0.009,0.0045,0.045,0.1561,0
0.08,100.0,84.0,85.22,1.23,0.99,0.0082,0.0041,0.0314,0.135,0
0.08,100.0,84.0,85.22,1.23,0.99,0.0082,0.0041,0.0344,0.1352,0
0.08,100.0,84.0,85.22,1.23,0.99,0.0082,0.0041,0.0462,0.1354,0
0.08,100.0,84.0,85.22,1.23,0.99,0.068,0.0045,0.053,0.0906,0
0.08,100.0,84.0,85.22,1.23,0.99,0.068,0.0045,0.0565,0.0908,0
0.08,100.0,84.0,85.22,1.23,0.99,0.068,0.0045,0.0682,0.091,0
0.08,97.0,93.0,84.94,1.23,0.99,0.0083,0.0041,0.0237,0.1245,0
0.08,97.0,93.0,84.94,1.23,0.99,0.0083,0.0041,0.0346,0.1247,0
0.08,97.0,93.0,84.94,1.23,0.99,0.0083,0.0041,0.0374,0.1249,0
0.08,97.0,93.0,84.94,1.23,0.99,0.0082,0.0041,0.0181,0.1105,0
0.08,97.0,93.0,84.94,1.23,0.99,0.0082,0.0041,0.0207,0.1303,0
0.08,97.0,93.0,84.94,1.23,0.99,0.0082,0.0041,0.0291,0.1305,0
0.08,97.0,93.0,84.94,3.56,1.18,0.0549,0.0044,0.032,0.2839,0
0.08,97.0,93.0,84.94,3.56,1.18,0.0549,0.0044,0.0391,0.2841,0
0.08,97.0,93.0,84.94,3.56,1.18,0.0549,0.0044,0.05,0.2843,0
0.08,97.75,99.0,84.66,3.56,1.18,0.0084,0.0042,0.0309,0.2715,0
0.08,97.75,99.0,84.66,3.56,1.18,0.0084,0.0042,0.036,0.2717,0
0.08,97.75,99.0,84.66,3.56,1.18,0.0084,0.0042,0.0556,0.2719,0
0.08,97.75,99.0,84.66,3.56,1.18,0.0086,0.0043,0.0286,0.2822,0
0.08,97.75,99.0,84.66,3.56,1.18,0.0086,0.0043,0.0327,0.2824,0
0.08,97.75,99.0,84.66,3.56,1.18,0.0086,0.0043,0.0389,0.2825,0
0.08,97.75,99.0,84.66,3.56,1.18,0.0502,0.0047,0.0311,0.2896,0
0.08,97.75,99.0,84.66,3.56,1.18,0.0502,0.0047,0.0353,0.2897,0
0.08,97.75,99.0,84.66,3.56,1.18,0.0502,0.0047,0.0441,0.2899,0
0.08,97.75,99.0,84.66,3.56,1.18,0.0091,0.0046,0.0379,0.3013,0
0.08,97.75,99.0,84.66,3.56,1.18,0.0091,0.0046,0.0461,0.3016,0
0.08,97.75,99.0,84.66,3.56,1.18,0.0091,0.0046,0.0501,0.3017,0
0.08,98.5,97.0,84.74,3.56,1.18,0.0084,0.0042,0.0418,0.2798,0
0.08,98.5,97.0,84.74,3.56,1.18,0.0084,0.0042,0.0565,0.28,0
0.08,98.5,97.0,84.74,3.56,1.18,0.0084,0.0042,0.0653,0.2805,0
0.08,98.5,97.0,84.74,3.56,1.18,0.0551,0.0041,0.0399,0.198,0
0.08,98.5,97.0,84.74,3.56,1.18,0.0551,0.0041,0.0478,0.1989,0
0.08,98.5,97.0,84.74,3.56,1.18,0.0551,0.0041,0.0578,0.1991,0
0.08,98.5,97.0,84.74,3.56,1.18,0.0085,0.0043,0.0277,0.1376,0
0.08,98.5,97.0,84.74,3.56,1.18,0.0085,0.0043,0.0331,0.1378,0
0.08,98.5,97.0,84.74,3.56,1.18,0.0085,0.0043,0.0389,0.1381,0
0.08,97.0,93.0,84.86,3.56,1.18,0.0088,0.0044,0.035,0.0974,0
0.08,97.0,93.0,84.86,3.56,1.18,0.0088,0.0044,0.049,0.0977,0
0.08,97.0,93.0,84.86,3.56,1.18,0.0088,0.0044,0.0593,0.0978,0
0.08,97.0,93.0,84.86,3.56,1.18,0.0749,0.0046,0.0362,0.1602,0
0.08,97.0,93.0,84.86,3.56,1.18,0.0749,0.0046,0.0468,0.1605,0
0.08,97.0,93.0,84.86,3.56,1.18,0.0749,0.0046,0.0559,0.1614,0
0.08,97.0,93.0,84.86,3.56,1.18,0.008,0.004,0.0416,0.1809,0
0.08,97.0,93.0,84.86,3.56,1.18,0.008,0.004,0.0443,0.1811,0
0.07,97.0,93.0,84.86,1.21,1.37,0.008,0.004,0.0615,0.1813,0
0.07,97.0,93.0,84.86,1.21,1.37,0.0081,0.004,0.0218,0.2303,0
0.07,97.0,93.0,84.86,1.21,1.37,0.0081,0.004,0.0277,0.2305,0
0.07,97.0,93.0,84.86,1.21,1.37,0.0081,0.004,0.0365,0.2306,0
0.07,99.25,99.0,84.66,1.21,1.37,0.0524,0.0042,0.043,0.1979,0
0.07,99.25,99.0,84.66,1.21,1.37,0.0524,0.0042,0.0607,0.2099,0
0.07,99.25,99.0,84.66,1.21,1.37,0.0524,0.0042,0.065,0.2105,0
0.07,99.25,99.0,84.66,1.21,1.37,0.0085,0.0043,0.0682,0.1108,0
0.07,99.25,99.0,84.66,1.21,1.37,0.0085,0.0043,0.0865,0.1111,0
0.07,99.25,99.0,84.66,1.21,1.37,0.0085,0.0043,0.0961,0.1112,0
0.07,99.25,99.0,84.66,1.21,1.37,0.0079,0.0039,0.0347,0.0885,0
0.07,99.25,99.0,84.66,1.21,1.37,0.0079,0.0039,0.0372,0.0887,0
0.07,99.25,99.0,84.66,1.21,1.37,0.0079,0.0039,0.058,0.0889,0
0.07,99.25,99.0,84.66,1.21,1.37,0.0577,0.0043,0.0291,0.0608,0
0.07,99.25,99.0,84.66,1.21,1.37,0.0577,0.0043,0.0326,0.061,0
0.07,99.25,99.0,84.66,1.21,1.37,0.0577,0.0043,0.0446,0.0611,0
0.07,98.5,94.0,84.79,1.21,1.37,0.0087,0.0043,0.0385,0.0776,0
0.07,98.5,94.0,84.79,1.21,1.37,0.0087,0.0043,0.0406,0.0779,0
0.07,98.5,94.0,84.79,1.21,1.37,0.0087,0.0043,0.044,0.0782,0
0.07,98.5,94.0,84.79,1.21,1.37,0.0084,0.0042,0.0251,0.0995,0
0.07,98.5,94.0,84.79,1.21,1.37,0.0084,0.0042,0.1673,0.0997,1
0.07,98.5,94.0,84.79,1.21,1.37,0.0084,0.0042,0.1699,0.0998,1
0.07,98.5,94.0,84.79,1.21,1.37,0.0696,0.0044,0.113,0.0963,1
0.07,98.5,94.0,84.79,1.21,1.37,0.0696,0.0044,0.1155,0.0966,1
0.07,98.5,94.0,84.79,1.21,1.37,0.0696,0.0044,0.1309,0.0968,1
0.07,97.0,86.0,85.14,1.21,1.37,0.0085,0.0043,0.076,0.0952,0
0.07,97.0,86.0,85.14,1.21,1.37,0.0085,0.0043,0.0789,0.1006,0
0.07,97.0,86.0,85.14,1.21,1.37,0.0085,0.0043,0.0911,0.1008,0
0.08,97.0,86.0,85.14,1.21,0.97,0.0088,0.0044,0.0141,0.0875,0
0.08,97.0,86.0,85.14,1.21,0.97,0.0088,0.0044,0.0165,0.0877,0
0.08,97.0,86.0,85.14,1.21,0.97,0.0088,0.0044,0.0188,0.0883,0
0.08,97.0,86.0,85.14,1.21,0.97,0.0592,0.0046,0.0208,0.0903,0
0.08,97.0,86.0,85.14,1.21,0.97,0.0592,0.0046,0.0522,0.0905,0
0.08,97.0,86.0,85.14,1.21,0.97,0.0592,0.0046,0.0589,0.0906,0
0.08,97.75,99.0,84.69,1.21,0.97,0.0091,0.0045,0.0452,0.0711,0
0.08,97.75,99.0,84.69,1.21,0.97,0.0091,0.0045,0.0644,0.0713,0
0.08,97.75,99.0,84.69,1.21,0.97,0.0091,0.0045,0.0734,0.0714,1
0.08,97.75,99.0,84.69,1.21,0.97,0.008,0.004,0.0208,0.082,0
0.08,97.75,99.0,84.69,1.21,0.97,0.008,0.004,0.0331,0.0822,0
0.08,97.75,99.0,84.69,1.21,0.97,0.008,0.004,0.0395,0.0823,0
0.08,97.75,99.0,84.69,1.21,0.97,0.0635,0.0045,0.0538,0.0687,0
0.08,97.75,99.0,84.69,1.21,0.97,0.0635,0.0045,0.0732,0.0689,1
0.08,97.75,99.0,84.69,1.21,0.97,0.0635,0.0045,0.0939,0.069,1
0.08,97.75,99.0,84.69,1.21,0.97,0.0085,0.0042,0.0263,0.0937,0
0.08,97.75,99.0,84.69,1.21,0.97,0.0085,0.0042,0.0402,0.0939,0
0.08,97.75,99.0,84.69,1.21,0.97,0.0085,0.0042,0.0556,0.094,0
0.08,99.25,82.0,84.69,1.21,0.97,0.0075,0.0038,0.0396,0.0872,0
0.08,99.25,82.0,84.69,1.21,0.97,0.0075,0.0038,0.0429,0.0874,0
0.08,99.25,82.0,84.69,1.21,0.97,0.0075,0.0038,0.0574,0.0885,0
0.08,99.25,82.0,84.69,1.21,0.97,0.0594,0.0042,0.0221,0.0782,0
0.08,99.25,82.0,84.69,1.21,0.97,0.0594,0.0042,0.0386,0.0785,0
0.08,99.25,82.0,84.69,1.21,0.97,0.0594,0.0042,0.045,0.0789,0
0.08,99.25,82.0,84.69,1.21,0.97,0.0081,0.0041,0.0179,0.0865,0
0.08,99.25,82.0,84.69,1.21,0.97,0.0081,0.0041,0.023,0.0866,0
0.08,99.25,82.0,84.69,1.21,0.97,0.0081,0.0041,0.0264,0.0868,0
0.08,99.25,82.0,84.69,1.21,0.97,0.009,0.0045,0.035,0.0916,0
0.08,99.25,82.0,84.69,1.21,0.97,0.009,0.0045,0.0413,0.0918,0
0.08,99.25,82.0,84.69,1.21,0.97,0.009,0.0045,0.0553,0.0919,0
0.08,98.5,97.0,85.24,1.21,0.97,0.0551,0.0044,0.04,0.0989,0
0.08,98.5,97.0,85.24,1.21,0.97,0.0551,0.0044,0.0497,0.0991,0
0.08,98.5,97.0,85.24,1.21,0.97,0.0551,0.0044,0.0531,0.0992,0
0.08,98.5,97.0,85.24,1.32,0.56,0.0077,0.0039,0.0271,0.0748,0
0.08,98.5,97.0,85.24,1.32,0.56,0.0077,0.0039,0.0405,0.075,0
0.08,98.5,97.0,85.24,1.32,0.56,0.0077,0.0039,0.0527,0.0754,0
0.08,98.5,97.0,85.24,1.32,0.56,0.0076,0.0038,0.0296,0.1344,0
0.08,98.5,97.0,85.24,1.32,0.56,0.0076,0.0038,0.0412,0.1346,0
0.08,98.5,97.0,85.24,1.32,0.56,0.0076,0.0038,0.0444,0.1347,0
0.08,98.5,97.0,85.24,1.32,0.56,0.06,0.004,0.025,0.1473,0
0.08,98.5,97.0,85.24,1.32,0.56,0.06,0.004,0.0274,0.1476,0
0.08,98.5,97.0,85.24,1.32,0.56,0.06,0.004,0.043,0.1477,0
0.08,97.0,73.0,85.27,1.32,0.56,0.0078,0.0039,0.024,0.0935,0
0.08,97.0,73.0,85.27,1.32,0.56,0.0078,0.0039,0.0407,0.0938,0
0.08,97.0,73.0,85.27,1.32,0.56,0.0078,0.0039,0.0454,0.0939,0
0.08,97.0,73.0,85.27,1.32,0.56,0.0084,0.0042,0.0311,0.099,0
0.08,97.0,73.0,85.27,1.32,0.56,0.0084,0.0042,0.0338,0.1151,0
0.08,97.0,73.0,85.27,1.32,0.56,0.0084,0.0042,0.0487,0.1156,0
0.08,97.0,73.0,85.27,1.32,0.56,0.0468,0.0045,0.0289,0.0879,0
0.08,97.0,73.0,85.27,1.32,0.56,0.0468,0.0045,0.0551,0.0881,0
0.08,97.0,73.0,85.27,1.32,0.56,0.0468,0.0045,0.0576,0.0882,0
0.08,99.0,94.0,84.86,1.32,0.56,0.0083,0.0041,0.0621,0.0898,0
0.08,99.0,94.0,84.86,1.32,0.56,0.0083,0.0041,0.0812,0.09,0
0.08,99.0,94.0,84.86,1.32,0.56,0.0083,0.0041,0.0939,0.0903,1
0.08,99.0,94.0,84.86,1.32,0.56,0.0078,0.0039,0.0901,0.1101,0
0.08,99.0,94.0,84.86,1.32,0.56,0.0078,0.0039,0.1016,0.1104,0
0.08,99.0,94.0,84.86,1.32,0.56,0.0078,0.0039,0.1131,0.1106,1
0.08,99.0,94.0,84.86,1.32,0.56,0.059,0.0039,0.1045,0.0731,1
0.08,99.0,94.0,84.86,1.32,0.56,0.059,0.0039,0.1084,0.0734,1
0.08,99.0,94.0,84.86,1.32,0.56,0.059,0.0039,0.1151,0.0735,1
0.08,99.0,94.0,84.86,1.32,0.56,0.0078,0.0039,0.0804,0.0936,0
0.08,99.0,94.0,84.86,2.87,0.7,0.0078,0.0039,0.101,0.0938,1
0.08,99.0,94.0,84.86,2.87,0.7,0.0078,0.0039,0.1055,0.0939,1
0.08,99.25,90.0,84.81,2.87,0.7,0.0086,0.0043,0.057,0.0808,0
0.08,99.25,90.0,84.81,2.87,0.7,0.0086,0.0043,0.0651,0.081,0
0.08,99.25,90.0,84.81,2.87,0.7,0.0086,0.0043,0.0965,0.0812,1
0.08,99.25,90.0,84.81,2.87,0.7,0.0526,0.0042,0.1083,0.0867,1
0.08,99.25,90.0,84.81,2.87,0.7,0.0526,0.0042,0.1362,0.0869,1
0.08,99.25,90.0,84.81,2.87,0.7,0.0526,0.0042,0.1447,0.087,1
0.08,99.25,90.0,84.81,2.87,0.7,0.0072,0.0036,0.0683,0.1204,0
0.08,99.25,90.0,84.81,2.87,0.7,0.0072,0.0036,0.0709,0.1227,0
0.08,99.25,90.0,84.81,2.87,0.7,0.0072,0.0036,0.0745,0.1229,0
0.08,99.25,91.0,84.89,2.87,0.7,0.0075,0.0038,0.0396,0.0899,0
0.08,99.25,91.0,84.89,2.87,0.7,0.0075,0.0038,0.0525,0.0901,0
0.08,99.25,91.0,84.89,2.87,0.7,0.0075,0.0038,0.0587,0.0902,0
0.08,99.25,91.0,84.89,2.87,0.7,0.0501,0.004,0.0767,0.0924,0
0.08,99.25,91.0,84.89,2.87,0.7,0.0501,0.004,0.0814,0.0925,0
0.08,99.25,91.0,84.89,2.87,0.7,0.0501,0.004,0.0879,0.0927,0
0.08,99.25,91.0,84.89,2.87,0.7,0.0087,0.0044,0.0782,0.0826,0
0.08,99.25,91.0,84.89,2.87,0.7,0.0087,0.0044,0.0899,0.0828,1
0.08,99.25,91.0,84.89,2.87,0.7,0.0087,0.0044,0.1103,0.0829,1
0.08,99.25,91.0,84.89,2.87,0.7,0.0085,0.0043,0.1292,0.0881,1
0.08,99.25,91.0,84.89,2.87,0.7,0.0085,0.0043,0.1414,0.0883,1
0.08,99.25,91.0,84.89,2.87,0.7,0.0085,0.0043,0.1603,0.0886,1
0.08,100.0,89.0,85.22,2.87,0.7,0.0465,0.0044,0.0531,0.0775,0
0.08,100.0,89.0,85.22,2.87,0.7,0.0465,0.0044,0.0589,0.0777,0
0.08,100.0,89.0,85.22,2.87,0.7,0.0465,0.0044,0.0618,0.0779,0
0.08,100.0,89.0,85.22,2.87,0.7,0.0089,0.0044,0.0245,0.0922,0
0.08,100.0,89.0,85.22,2.87,0.7,0.0089,0.0044,0.0293,0.0924,0
0.08,100.0,89.0,85.22,2.87,0.7,0.0089,0.0044,0.0422,0.0925,0
0.08,100.0,89.0,85.22,2.87,0.7,0.0083,0.0042,0.034,0.0855,0
0.08,100.0,89.0,85.22,2.87,0.7,0.0083,0.0042,0.0364,0.0857,0
0.08,100.0,89.0,85.22,2.87,0.7,0.0083,0.0042,0.0505,0.0858,0
0.06,100.0,89.0,85.22,1.2,0.79,0.0575,0.0046,0.0348,0.0595,0
0.06,100.0,89.0,85.22,1.2,0.79,0.0575,0.0046,0.0401,0.0596,0
0.06,100.0,89.0,85.22,1.2,0.79,0.0575,0.0046,0.0456,0.0598,0
0.06,99.25,68.0,86.15,1.2,0.79,0.0089,0.0045,0.0304,0.1506,0
0.06,99.25,68.0,86.15,1.2,0.79,0.0089,0.0045,0.0361,0.1508,0
0.06,99.25,68.0,86.15,1.2,0.79,0.0089,0.0045,0.0402,0.151,0
0.06,99.25,68.0,86.15,1.2,0.79,0.0084,0.0042,0.0282,0.1012,0
0.06,99.25,68.0,86.15,1.2,0.79,0.0084,0.0042,0.032,0.1014,0
0.06,99.25,68.0,86.15,1.2,0.79,0.0084,0.0042,0.0586,0.1015,0
0.06,99.25,68.0,86.15,1.2,0.79,0.0576,0.0044,0.0366,0.0886,0
0.06,99.25,68.0,86.15,1.2,0.79,0.0576,0.0044,0.0474,0.0888,0
0.06,99.25,68.0,86.15,1.2,0.79,0.0576,0.0044,0.0624,0.089,0
0.06,99.25,97.0,86.4,1.2,0.79,0.0091,0.0045,0.0707,0.0706,1
0.06,99.25,97.0,86.4,1.2,0.79,0.0091,0.0045,0.0729,0.0708,1
0.06,99.25,97.0,86.4,1.2,0.79,0.0091,0.0045,0.0934,0.071,1
0.06,99.25,97.0,86.4,1.2,0.79,0.0086,0.0043,0.1055,0.0866,1
0.06,99.25,97.0,86.4,1.2,0.79,0.0086,0.0043,0.1077,0.0869,1
0.06,99.25,97.0,86.4,1.2,0.79,0.0086,0.0043,0.1279,0.087,1
0.06,99.25,97.0,86.4,1.2,0.79,0.0533,0.0046,0.1138,0.0724,1
0.06,99.25,97.0,86.4,1.2,0.79,0.0533,0.0046,0.1368,0.0727,1
0.06,99.25,97.0,86.4,1.2,0.79,0.0533,0.0046,0.1393,0.0728,1
0.06,99.25,97.0,86.4,1.2,0.79,0.0085,0.0042,0.0897,0.0923,0
0.06,99.25,97.0,86.4,1.2,0.79,0.0085,0.0042,0.1048,0.0925,1
0.06,99.25,97.0,86.4,1.2,0.79,0.0085,0.0042,0.1084,0.0926,1
0.06,99.25,60.0,86.53,1.2,0.79,0.0086,0.0043,0.0794,0.085,0
0.06,99.25,60.0,86.53,1.2,0.79,0.0086,0.0043,0.0843,0.0852,0
0.06,99.25,60.0,86.53,1.2,0.79,0.0086,0.0043,0.093,0.0853,1
0.06,99.25,60.0,86.53,1.2,0.79,0.0476,0.0044,0.1311,0.0794,1
0.06,99.25,60.0,86.53,1.12,0.77,0.0476,0.0044,0.1462,0.0796,1
0.06,99.25,60.0,86.53,1.12,0.77,0.0476,0.0044,0.1673,0.0798,1
0.06,99.25,60.0,86.53,1.12,0.77,0.0091,0.0045,0.1141,0.0872,1
0.06,99.25,60.0,86.53,1.12,0.77,0.0091,0.0045,0.1221,0.0874,1
0.06,99.25,60.0,86.53,1.12,0.77,0.0091,0.0045,0.1301,0.0878,1
0.06,99.25,97.0,86.65,1.12,0.77,0.0088,0.0044,0.0513,0.0849,0
0.06,99.25,97.0,86.65,1.12,0.77,0.0088,0.0044,0.0639,0.0852,0
0.06,99.25,97.0,86.65,1.12,0.77,0.0088,0.0044,0.0748,0.0854,0
0.06,99.25,97.0,86.65,1.12,0.77,0.0783,0.0042,0.0491,0.0612,0
0.06,99.25,97.0,86.65,1.12,0.77,0.0783,0.0042,0.0518,0.0614,0
0.06,99.25,97.0,86.65,1.12,0.77,0.0783,0.0042,0.0668,0.0615,1
0.06,99.25,97.0,86.65,1.12,0.77,0.0078,0.0039,0.0569,0.1068,0
0.06,99.25,97.0,86.65,1.12,0.77,0.0078,0.0039,0.0608,0.1071,0
0.06,99.25,97.0,86.65,1.12,0.77,0.0078,0.0039,0.0695,0.1076,0
0.06,99.25,97.0,86.65,1.12,0.77,0.0076,0.0038,0.0444,0.0913,0
0.06,99.25,97.0,86.65,1.12,0.77,0.0076,0.0038,0.0514,0.0915,0
0.06,99.25,97.0,86.65,1.12,0.77,0.0076,0.0038,0.0593,0.0917,0
0.06,98.5,94.0,86.86,1.12,0.77,0.0447,0.0045,0.0639,0.0688,0
0.06,98.5,94.0,86.86,1.12,0.77,0.0447,0.0045,0.0715,0.069,1
0.06,98.5,94.0,86.86,1.12,0.77,0.0447,0.0045,0.078,0.0691,1
0.06,98.5,94.0,86.86,1.12,0.77,0.0086,0.0043,0.0256,0.0815,0
0.06,98.5,94.0,86.86,1.12,0.77,0.0086,0.0043,0.0283,0.0817,0
0.06,98.5,94.0,86.86,1.12,0.77,0.0086,0.0043,0.0316,0.0818,0
0.06,98.5,94.0,86.86,1.12,0.77,0.0084,0.0042,0.023,0.0886,0
0.06,98.5,94.0,86.86,1.12,0.77,0.0084,0.0042,0.0253,0.0888,0
0.06,98.5,94.0,86.86,1.12,0.77,0.0084,0.0042,0.0366,0.0889,0
0.06,98.5,94.0,86.86,1.12,0.77,0.0484,0.0041,0.0292,0.0809,0
0.06,98.5,94.0,86.86,1.12,0.77,0.0484,0.0041,0.0319,0.0811,0
0.05,98.5,94.0,86.86,1.15,0.75,0.0484,0.0041,0.247,0.0812,1
0.05,99.25,94.0,84.94,1.15,0.75,0.0085,0.0042,0.1728,0.0758,1
0.05,99.25,94.0,84.94,1.15,0.75,0.0085,0.0042,0.1795,0.076,1
0.05,99.25,94.0,84.94,1.15,0.75,0.0085,0.0042,0.1939,0.0761,1
0.05,99.25,94.0,84.94,1.15,0.75,0.0083,0.0041,0.0497,0.1198,0
0.05,99.25,94.0,84.94,1.15,0.75,0.0083,0.0041,0.064,0.12,0
0.05,99.25,94.0,84.94,1.15,0.75,0.0083,0.0041,0.069,0.1201,0
0.05,99.25,97.0,84.94,1.15,0.75,0.0618,0.004,0.0389,0.1114,0
0.05,99.25,97.0,84.94,1.15,0.75,0.0618,0.004,0.0482,0.1116,0
0.05,99.25,97.0,84.94,1.15,0.75,0.0618,0.004,0.0576,0.1117,0
0.05,99.25,97.0,84.94,1.15,0.75,0.0081,0.004,0.0251,0.1308,0
0.05,99.25,97.0,84.94,1.15,0.75,0.0081,0.004,0.0279,0.131,0
0.05,99.25,97.0,84.94,1.15,0.75,0.0081,0.004,0.0306,0.1312,0
0.05,99.25,97.0,84.94,1.15,0.75,0.0086,0.0043,0.0428,0.1417,0
0.05,99.25,97.0,84.94,1.15,0.75,0.0086,0.0043,0.0469,0.1419,0
0.05,99.25,97.0,84.94,1.15,0.75,0.0086,0.0043,0.066,0.1434,0
0.05,99.25,92.0,84.91,1.15,0.75,0.0614,0.0047,0.0451,0.1245,0
0.05,99.25,92.0,84.91,1.15,0.75,0.0614,0.0047,0.0476,0.1247,0
0.05,99.25,92.0,84.91,1.15,0.75,0.0614,0.0047,0.059,0.1249,0
0.05,99.25,92.0,84.91,1.15,0.75,0.0083,0.0042,0.0273,0.077,0
0.05,99.25,92.0,84.91,1.15,0.75,0.0083,0.0042,0.0297,0.0772,0
0.05,99.25,92.0,84.91,1.15,0.75,0.0083,0.0042,0.0427,0.0774,0
0.05,99.25,92.0,84.91,1.15,0.75,0.0086,0.0043,0.0238,0.0851,0
0.05,99.25,92.0,84.91,1.15,0.75,0.0086,0.0043,0.0262,0.0853,0
0.05,99.25,92.0,84.91,1.15,0.75,0.0086,0.0043,0.0287,0.0854,0
0.05,99.25,92.0,84.91,1.15,0.75,0.0605,0.0045,0.0272,0.0705,0
0.05,99.25,92.0,84.91,1.15,0.75,0.0605,0.0045,0.0297,0.0708,0
0.05,99.25,92.0,84.91,1.15,0.75,0.0605,0.0045,0.0365,0.0709,0
0.05,98.25,94.0,85.19,1.15,0.75,0.0092,0.0046,0.0655,0.0898,0
0.05,98.25,94.0,85.19,1.15,0.75,0.0092,0.0046,0.0788,0.0901,0
0.09,98.25,94.0,85.19,2.67,0.88,0.0092,0.0046,0.0877,0.0903,0
0.09,98.25,94.0,85.19,2.67,0.88,0.009,0.0045,0.0639,,1
0.09,98.25,94.0,85.19,2.67,0.88,0.009,0.0045,0.0744,,1
0.09,98.25,94.0,85.19,2.67,0.88,0.009,0.0045,0.0849,,1
0.09,98.25,94.0,85.19,2.67,0.88,0.0482,0.0045,0.0387,0.0976,0
0.09,98.25,94.0,85.19,2.67,0.88,0.0482,0.0045,0.0486,0.0978,0
0.09,98.25,94.0,85.19,2.67,0.88,0.0482,0.0045,0.0923,0.0979,0
0.09,98.25,94.0,85.19,2.67,0.88,0.0093,0.0047,0.0425,0.1077,0
0.09,98.25,94.0,85.19,2.67,0.88,0.0093,0.0047,0.0527,0.108,0
0.09,98.25,94.0,85.19,2.67,0.88,0.0093,0.0047,0.0641,0.1081,0
0.09,98.25,94.0,85.19,2.67,0.88,0.0084,0.0042,0.0162,0.1195,0
0.09,98.25,94.0,85.19,2.67,0.88,0.0084,0.0042,0.0203,0.1196,0
0.09,98.25,94.0,85.19,2.67,0.88,0.0084,0.0042,0.0262,0.1198,0
0.09,98.25,94.0,85.19,2.67,0.88,0.0688,0.0044,0.0298,0.0872,0
